[2025-11-27T23:36:35.846534] [INFO] Подключение к базе данных: C:\Users\Vaan\Desktop\qkd_encryption_system\server_user_1\databases\user_1_db.db
[2025-11-27T23:36:35.847531] [INFO] Подключение к базе данных: C:\Users\Vaan\Desktop\qkd_encryption_system\server_user_1\databases\user_1_db.db
[2025-11-27T23:36:35.847531] [INFO] Подключение к базе данных: C:\Users\Vaan\Desktop\qkd_encryption_system\server_user_1\databases\user_1_db.db
[2025-11-27T23:36:35.848674] [INFO] Подключение к базе данных: C:\Users\Vaan\Desktop\qkd_encryption_system\server_user_1\databases\user_1_db.db
[2025-11-27T23:36:35.849180] [INFO] Подключение к базе данных: C:\Users\Vaan\Desktop\qkd_encryption_system\server_user_1\databases\user_1_db.db
[2025-11-27T23:36:35.850182] [INFO] Подключение к базе данных: C:\Users\Vaan\Desktop\qkd_encryption_system\server_user_1\databases\user_1_db.db
[2025-11-27T23:36:35.851182] [INFO] Подключение к базе данных: C:\Users\Vaan\Desktop\qkd_encryption_system\server_user_1\databases\user_1_db.db
[2025-11-27T23:36:36.475509] [INFO] Подключение к базе данных: C:\Users\Vaan\Desktop\qkd_encryption_system\server_user_1\databases\user_1_db.db
[2025-11-27T23:36:36.476506] [INFO] Подключение к базе данных: C:\Users\Vaan\Desktop\qkd_encryption_system\server_user_1\databases\user_1_db.db
[2025-11-27T23:36:36.476506] [INFO] Подключение к базе данных: C:\Users\Vaan\Desktop\qkd_encryption_system\server_user_1\databases\user_1_db.db
[2025-11-27T23:36:36.476506] [INFO] Подключение к базе данных: C:\Users\Vaan\Desktop\qkd_encryption_system\server_user_1\databases\user_1_db.db
[2025-11-27T23:36:36.477503] [INFO] Подключение к базе данных: C:\Users\Vaan\Desktop\qkd_encryption_system\server_user_1\databases\user_1_db.db
[2025-11-27T23:36:36.478501] [INFO] Подключение к базе данных: C:\Users\Vaan\Desktop\qkd_encryption_system\server_user_1\databases\user_1_db.db
[2025-11-27T23:36:36.479510] [INFO] Подключение к базе данных: C:\Users\Vaan\Desktop\qkd_encryption_system\server_user_1\databases\user_1_db.db
[2025-11-27T23:36:36.533354] [INFO] Подключение к базе данных: C:\Users\Vaan\Desktop\qkd_encryption_system\server_user_1\databases\user_1_db.db
[2025-11-27T23:36:44.267952] [INFO] Подключение к базе данных: C:\Users\Vaan\Desktop\qkd_encryption_system\server_user_1\databases\user_1_db.db
[2025-11-27T23:36:46.462209] [INFO] Подключение к базе данных: C:\Users\Vaan\Desktop\qkd_encryption_system\server_user_1\databases\user_1_db.db
[2025-11-27T23:37:05.803711] [INFO] Подключение к базе данных: C:\Users\Vaan\Desktop\qkd_encryption_system\server_user_1\databases\user_1_db.db
[2025-11-27T23:37:10.630155] [INFO] Подключение к базе данных: C:\Users\Vaan\Desktop\qkd_encryption_system\server_user_1\databases\user_1_db.db
[2025-11-27T23:37:11.519524] [INFO] Подключение к базе данных: C:\Users\Vaan\Desktop\qkd_encryption_system\server_user_2\databases\user_2_db.db
[2025-11-27T23:37:11.520521] [INFO] Подключение к базе данных: C:\Users\Vaan\Desktop\qkd_encryption_system\server_user_2\databases\user_2_db.db
[2025-11-27T23:37:11.521519] [INFO] Подключение к базе данных: C:\Users\Vaan\Desktop\qkd_encryption_system\server_user_2\databases\user_2_db.db
[2025-11-27T23:37:11.521519] [INFO] Подключение к базе данных: C:\Users\Vaan\Desktop\qkd_encryption_system\server_user_2\databases\user_2_db.db
[2025-11-27T23:37:11.531492] [INFO] Подключение к базе данных: C:\Users\Vaan\Desktop\qkd_encryption_system\server_user_2\databases\user_2_db.db
[2025-11-27T23:37:11.543460] [INFO] Подключение к базе данных: C:\Users\Vaan\Desktop\qkd_encryption_system\server_user_2\databases\user_2_db.db
[2025-11-27T23:37:11.547449] [INFO] Подключение к базе данных: C:\Users\Vaan\Desktop\qkd_encryption_system\server_user_2\databases\user_2_db.db
[2025-11-27T23:37:12.588809] [INFO] Подключение к базе данных: C:\Users\Vaan\Desktop\qkd_encryption_system\server_user_2\databases\user_2_db.db
[2025-11-27T23:37:12.589806] [INFO] Подключение к базе данных: C:\Users\Vaan\Desktop\qkd_encryption_system\server_user_2\databases\user_2_db.db
[2025-11-27T23:37:12.589806] [INFO] Подключение к базе данных: C:\Users\Vaan\Desktop\qkd_encryption_system\server_user_2\databases\user_2_db.db
[2025-11-27T23:37:12.589806] [INFO] Подключение к базе данных: C:\Users\Vaan\Desktop\qkd_encryption_system\server_user_2\databases\user_2_db.db
[2025-11-27T23:37:12.590809] [INFO] Подключение к базе данных: C:\Users\Vaan\Desktop\qkd_encryption_system\server_user_2\databases\user_2_db.db
[2025-11-27T23:37:12.592849] [INFO] Подключение к базе данных: C:\Users\Vaan\Desktop\qkd_encryption_system\server_user_2\databases\user_2_db.db
[2025-11-27T23:37:12.592849] [INFO] Подключение к базе данных: C:\Users\Vaan\Desktop\qkd_encryption_system\server_user_2\databases\user_2_db.db
[2025-11-27T23:37:15.585669] [INFO] Подключение к базе данных: C:\Users\Vaan\Desktop\qkd_encryption_system\server_user_1\databases\user_1_db.db
[2025-11-27T23:37:15.925610] [INFO] Подключение к базе данных: C:\Users\Vaan\Desktop\qkd_encryption_system\server_user_2\databases\user_2_db.db
[2025-11-27T23:37:20.582637] [INFO] Подключение к базе данных: C:\Users\Vaan\Desktop\qkd_encryption_system\server_user_1\databases\user_1_db.db
[2025-11-27T23:37:25.584280] [INFO] Подключение к базе данных: C:\Users\Vaan\Desktop\qkd_encryption_system\server_user_1\databases\user_1_db.db
[2025-11-27T23:37:30.575788] [INFO] Подключение к базе данных: C:\Users\Vaan\Desktop\qkd_encryption_system\server_user_1\databases\user_1_db.db
[2025-11-27T23:37:35.578424] [INFO] Подключение к базе данных: C:\Users\Vaan\Desktop\qkd_encryption_system\server_user_1\databases\user_1_db.db
[2025-11-27T23:37:40.102191] [INFO] Подключение к базе данных: C:\Users\Vaan\Desktop\qkd_encryption_system\server_user_2\databases\user_2_db.db
[2025-11-27T23:37:40.572888] [INFO] Подключение к базе данных: C:\Users\Vaan\Desktop\qkd_encryption_system\server_user_1\databases\user_1_db.db
[2025-11-27T23:37:44.251828] [INFO] Подключение к базе данных: C:\Users\Vaan\Desktop\qkd_encryption_system\server_user_1\databases\user_1_db.db
[2025-11-27T23:37:44.590266] [INFO] Подключение к базе данных: C:\Users\Vaan\Desktop\qkd_encryption_system\server_user_2\databases\user_2_db.db
[2025-11-27T23:37:45.629613] [INFO] Подключение к базе данных: C:\Users\Vaan\Desktop\qkd_encryption_system\server_user_2\databases\user_2_db.db
[2025-11-27T23:37:46.804647] [INFO] Подключение к базе данных: C:\Users\Vaan\Desktop\qkd_encryption_system\server_user_1\databases\user_1_db.db
[2025-11-27T23:37:48.571777] [INFO] Подключение к базе данных: C:\Users\Vaan\Desktop\qkd_encryption_system\server_user_2\databases\user_2_db.db
[2025-11-27T23:37:49.615368] [INFO] Подключение к базе данных: C:\Users\Vaan\Desktop\qkd_encryption_system\server_user_1\databases\user_1_db.db
[2025-11-27T23:37:49.623674] [INFO] Сохранено отправленное сообщение от hisoka для UserB: привет
[2025-11-27T23:37:49.810913] [INFO] Подключение к базе данных: C:\Users\Vaan\Desktop\qkd_encryption_system\server_user_1\databases\user_1_db.db
[2025-11-27T23:37:51.577694] [INFO] Подключение к базе данных: C:\Users\Vaan\Desktop\qkd_encryption_system\server_user_2\databases\user_2_db.db
[2025-11-27T23:37:51.683097] [INFO] Подключение к базе данных: C:\Users\Vaan\Desktop\qkd_encryption_system\server_user_2\databases\user_2_db.db
[2025-11-27T23:37:51.691752] [INFO] Получено тестовое сообщение от hisoka для UserB: привет
[2025-11-27T23:37:52.805277] [INFO] Подключение к базе данных: C:\Users\Vaan\Desktop\qkd_encryption_system\server_user_1\databases\user_1_db.db
[2025-11-27T23:37:54.107595] [INFO] Подключение к базе данных: C:\Users\Vaan\Desktop\qkd_encryption_system\server_user_2\databases\user_2_db.db
[2025-11-27T23:37:56.579424] [INFO] Подключение к базе данных: C:\Users\Vaan\Desktop\qkd_encryption_system\server_user_1\databases\user_1_db.db
[2025-11-27T23:37:57.108079] [INFO] Подключение к базе данных: C:\Users\Vaan\Desktop\qkd_encryption_system\server_user_2\databases\user_2_db.db
[2025-11-27T23:37:59.578360] [INFO] Подключение к базе данных: C:\Users\Vaan\Desktop\qkd_encryption_system\server_user_1\databases\user_1_db.db
[2025-11-27T23:38:00.116413] [INFO] Подключение к базе данных: C:\Users\Vaan\Desktop\qkd_encryption_system\server_user_2\databases\user_2_db.db
[2025-11-27T23:38:00.898280] [INFO] Подключение к базе данных: C:\Users\Vaan\Desktop\qkd_encryption_system\server_user_2\databases\user_2_db.db
[2025-11-27T23:38:00.910929] [INFO] Сохранено отправленное сообщение от Max для UserA: прием
[2025-11-27T23:38:02.578052] [INFO] Подключение к базе данных: C:\Users\Vaan\Desktop\qkd_encryption_system\server_user_1\databases\user_1_db.db
[2025-11-27T23:38:02.994112] [INFO] Подключение к базе данных: C:\Users\Vaan\Desktop\qkd_encryption_system\server_user_1\databases\user_1_db.db
[2025-11-27T23:38:03.001865] [INFO] Получено тестовое сообщение от Max для UserA: прием
[2025-11-27T23:38:03.104832] [INFO] Подключение к базе данных: C:\Users\Vaan\Desktop\qkd_encryption_system\server_user_2\databases\user_2_db.db
[2025-11-27T23:38:04.817725] [INFO] Подключение к базе данных: C:\Users\Vaan\Desktop\qkd_encryption_system\server_user_1\databases\user_1_db.db
[2025-11-27T23:38:06.317096] [INFO] Подключение к базе данных: C:\Users\Vaan\Desktop\qkd_encryption_system\server_user_2\databases\user_2_db.db
[2025-11-27T23:38:08.582279] [INFO] Подключение к базе данных: C:\Users\Vaan\Desktop\qkd_encryption_system\server_user_1\databases\user_1_db.db
[2025-11-27T23:38:09.659350] [INFO] Подключение к базе данных: C:\Users\Vaan\Desktop\qkd_encryption_system\server_user_2\databases\user_2_db.db
[2025-11-27T23:38:11.582483] [INFO] Подключение к базе данных: C:\Users\Vaan\Desktop\qkd_encryption_system\server_user_1\databases\user_1_db.db
[2025-11-27T23:38:12.582933] [INFO] Подключение к базе данных: C:\Users\Vaan\Desktop\qkd_encryption_system\server_user_2\databases\user_2_db.db
[2025-11-27T23:38:14.579675] [INFO] Подключение к базе данных: C:\Users\Vaan\Desktop\qkd_encryption_system\server_user_1\databases\user_1_db.db
[2025-11-27T23:38:15.576855] [INFO] Подключение к базе данных: C:\Users\Vaan\Desktop\qkd_encryption_system\server_user_2\databases\user_2_db.db
[2025-11-27T23:38:17.576023] [INFO] Подключение к базе данных: C:\Users\Vaan\Desktop\qkd_encryption_system\server_user_1\databases\user_1_db.db
[2025-11-27T23:38:18.570134] [INFO] Подключение к базе данных: C:\Users\Vaan\Desktop\qkd_encryption_system\server_user_2\databases\user_2_db.db
[2025-11-27T23:38:20.584800] [INFO] Подключение к базе данных: C:\Users\Vaan\Desktop\qkd_encryption_system\server_user_1\databases\user_1_db.db
[2025-11-27T23:38:21.570418] [INFO] Подключение к базе данных: C:\Users\Vaan\Desktop\qkd_encryption_system\server_user_2\databases\user_2_db.db
[2025-11-27T23:38:23.578919] [INFO] Подключение к базе данных: C:\Users\Vaan\Desktop\qkd_encryption_system\server_user_1\databases\user_1_db.db
[2025-11-27T23:38:24.574498] [INFO] Подключение к базе данных: C:\Users\Vaan\Desktop\qkd_encryption_system\server_user_2\databases\user_2_db.db
[2025-11-27T23:38:26.578494] [INFO] Подключение к базе данных: C:\Users\Vaan\Desktop\qkd_encryption_system\server_user_1\databases\user_1_db.db
[2025-11-27T23:38:27.574558] [INFO] Подключение к базе данных: C:\Users\Vaan\Desktop\qkd_encryption_system\server_user_2\databases\user_2_db.db
[2025-11-27T23:38:29.582160] [INFO] Подключение к базе данных: C:\Users\Vaan\Desktop\qkd_encryption_system\server_user_1\databases\user_1_db.db
[2025-11-27T23:38:30.576083] [INFO] Подключение к базе данных: C:\Users\Vaan\Desktop\qkd_encryption_system\server_user_2\databases\user_2_db.db
[2025-11-27T23:38:32.576079] [INFO] Подключение к базе данных: C:\Users\Vaan\Desktop\qkd_encryption_system\server_user_1\databases\user_1_db.db
[2025-11-27T23:38:33.580214] [INFO] Подключение к базе данных: C:\Users\Vaan\Desktop\qkd_encryption_system\server_user_2\databases\user_2_db.db
[2025-11-27T23:38:35.581244] [INFO] Подключение к базе данных: C:\Users\Vaan\Desktop\qkd_encryption_system\server_user_1\databases\user_1_db.db
[2025-11-27T23:38:36.582035] [INFO] Подключение к базе данных: C:\Users\Vaan\Desktop\qkd_encryption_system\server_user_2\databases\user_2_db.db
[2025-11-27T23:38:38.570668] [INFO] Подключение к базе данных: C:\Users\Vaan\Desktop\qkd_encryption_system\server_user_1\databases\user_1_db.db
[2025-11-27T23:38:39.579751] [INFO] Подключение к базе данных: C:\Users\Vaan\Desktop\qkd_encryption_system\server_user_2\databases\user_2_db.db
[2025-11-27T23:38:41.580094] [INFO] Подключение к базе данных: C:\Users\Vaan\Desktop\qkd_encryption_system\server_user_1\databases\user_1_db.db
[2025-11-27T23:38:42.571285] [INFO] Подключение к базе данных: C:\Users\Vaan\Desktop\qkd_encryption_system\server_user_2\databases\user_2_db.db
[2025-11-27T23:38:44.573665] [INFO] Подключение к базе данных: C:\Users\Vaan\Desktop\qkd_encryption_system\server_user_1\databases\user_1_db.db
[2025-11-27T23:38:45.583676] [INFO] Подключение к базе данных: C:\Users\Vaan\Desktop\qkd_encryption_system\server_user_2\databases\user_2_db.db
[2025-11-27T23:38:47.570252] [INFO] Подключение к базе данных: C:\Users\Vaan\Desktop\qkd_encryption_system\server_user_1\databases\user_1_db.db
[2025-11-27T23:38:48.581427] [INFO] Подключение к базе данных: C:\Users\Vaan\Desktop\qkd_encryption_system\server_user_2\databases\user_2_db.db
[2025-11-27T23:38:50.585523] [INFO] Подключение к базе данных: C:\Users\Vaan\Desktop\qkd_encryption_system\server_user_1\databases\user_1_db.db
[2025-11-27T23:38:51.576216] [INFO] Подключение к базе данных: C:\Users\Vaan\Desktop\qkd_encryption_system\server_user_2\databases\user_2_db.db
[2025-11-27T23:38:53.586148] [INFO] Подключение к базе данных: C:\Users\Vaan\Desktop\qkd_encryption_system\server_user_1\databases\user_1_db.db
[2025-11-27T23:38:54.571107] [INFO] Подключение к базе данных: C:\Users\Vaan\Desktop\qkd_encryption_system\server_user_2\databases\user_2_db.db
[2025-11-27T23:38:56.569706] [INFO] Подключение к базе данных: C:\Users\Vaan\Desktop\qkd_encryption_system\server_user_1\databases\user_1_db.db
[2025-11-27T23:38:57.575109] [INFO] Подключение к базе данных: C:\Users\Vaan\Desktop\qkd_encryption_system\server_user_2\databases\user_2_db.db
[2025-11-27T23:38:59.576987] [INFO] Подключение к базе данных: C:\Users\Vaan\Desktop\qkd_encryption_system\server_user_1\databases\user_1_db.db
[2025-11-27T23:39:00.587192] [INFO] Подключение к базе данных: C:\Users\Vaan\Desktop\qkd_encryption_system\server_user_2\databases\user_2_db.db
[2025-11-27T23:39:02.579177] [INFO] Подключение к базе данных: C:\Users\Vaan\Desktop\qkd_encryption_system\server_user_1\databases\user_1_db.db
[2025-11-27T23:39:03.584436] [INFO] Подключение к базе данных: C:\Users\Vaan\Desktop\qkd_encryption_system\server_user_2\databases\user_2_db.db
[2025-11-27T23:39:05.584662] [INFO] Подключение к базе данных: C:\Users\Vaan\Desktop\qkd_encryption_system\server_user_1\databases\user_1_db.db
[2025-11-27T23:39:06.575868] [INFO] Подключение к базе данных: C:\Users\Vaan\Desktop\qkd_encryption_system\server_user_2\databases\user_2_db.db
[2025-11-27T23:39:23.903725] [INFO] Подключение к базе данных: C:\Users\Vaan\Desktop\qkd_encryption_system\server_user_2\databases\user_2_db.db
[2025-11-27T23:39:24.104526] [INFO] Подключение к базе данных: C:\Users\Vaan\Desktop\qkd_encryption_system\server_user_2\databases\user_2_db.db
[2025-11-27T23:39:27.658300] [INFO] Подключение к базе данных: C:\Users\Vaan\Desktop\qkd_encryption_system\server_user_2\databases\user_2_db.db
[2025-11-27T23:39:27.914135] [INFO] Подключение к базе данных: C:\Users\Vaan\Desktop\qkd_encryption_system\server_user_2\databases\user_2_db.db
[2025-11-27T23:39:29.658618] [INFO] Подключение к базе данных: C:\Users\Vaan\Desktop\qkd_encryption_system\server_user_2\databases\user_2_db.db
[2025-11-27T23:39:31.660460] [INFO] Подключение к базе данных: C:\Users\Vaan\Desktop\qkd_encryption_system\server_user_2\databases\user_2_db.db
[2025-11-27T23:39:33.480772] [INFO] Подключение к базе данных: C:\Users\Vaan\Desktop\qkd_encryption_system\server_user_1\databases\user_1_db.db
[2025-11-27T23:39:34.805565] [INFO] Подключение к базе данных: C:\Users\Vaan\Desktop\qkd_encryption_system\server_user_1\databases\user_1_db.db
[2025-11-27T23:39:36.823513] [INFO] Подключение к базе данных: C:\Users\Vaan\Desktop\qkd_encryption_system\server_user_2\databases\user_2_db.db
[2025-11-27T23:39:37.596950] [INFO] Подключение к базе данных: C:\Users\Vaan\Desktop\qkd_encryption_system\server_user_2\databases\user_2_db.db
[2025-11-27T23:39:38.659107] [INFO] Подключение к базе данных: C:\Users\Vaan\Desktop\qkd_encryption_system\server_user_2\databases\user_2_db.db
[2025-11-27T23:39:40.573448] [INFO] Подключение к базе данных: C:\Users\Vaan\Desktop\qkd_encryption_system\server_user_1\databases\user_1_db.db
[2025-11-27T23:39:41.662187] [INFO] Подключение к базе данных: C:\Users\Vaan\Desktop\qkd_encryption_system\server_user_2\databases\user_2_db.db
[2025-11-27T23:39:45.582741] [INFO] Подключение к базе данных: C:\Users\Vaan\Desktop\qkd_encryption_system\server_user_1\databases\user_1_db.db
[2025-11-27T23:39:47.587220] [INFO] Подключение к базе данных: C:\Users\Vaan\Desktop\qkd_encryption_system\server_user_2\databases\user_2_db.db
[2025-11-27T23:39:50.586615] [INFO] Подключение к базе данных: C:\Users\Vaan\Desktop\qkd_encryption_system\server_user_1\databases\user_1_db.db
[2025-11-27T23:39:52.585322] [INFO] Подключение к базе данных: C:\Users\Vaan\Desktop\qkd_encryption_system\server_user_2\databases\user_2_db.db
[2025-11-27T23:39:55.575306] [INFO] Подключение к базе данных: C:\Users\Vaan\Desktop\qkd_encryption_system\server_user_1\databases\user_1_db.db
[2025-11-27T23:39:57.586102] [INFO] Подключение к базе данных: C:\Users\Vaan\Desktop\qkd_encryption_system\server_user_2\databases\user_2_db.db
[2025-11-27T23:40:00.578510] [INFO] Подключение к базе данных: C:\Users\Vaan\Desktop\qkd_encryption_system\server_user_1\databases\user_1_db.db
[2025-11-27T23:40:02.578227] [INFO] Подключение к базе данных: C:\Users\Vaan\Desktop\qkd_encryption_system\server_user_2\databases\user_2_db.db
[2025-11-27T23:40:05.580354] [INFO] Подключение к базе данных: C:\Users\Vaan\Desktop\qkd_encryption_system\server_user_1\databases\user_1_db.db
[2025-11-27T23:40:07.583289] [INFO] Подключение к базе данных: C:\Users\Vaan\Desktop\qkd_encryption_system\server_user_2\databases\user_2_db.db
[2025-11-27T23:40:10.579376] [INFO] Подключение к базе данных: C:\Users\Vaan\Desktop\qkd_encryption_system\server_user_1\databases\user_1_db.db
[2025-11-27T23:40:12.581432] [INFO] Подключение к базе данных: C:\Users\Vaan\Desktop\qkd_encryption_system\server_user_2\databases\user_2_db.db
[2025-11-27T23:40:15.574082] [INFO] Подключение к базе данных: C:\Users\Vaan\Desktop\qkd_encryption_system\server_user_1\databases\user_1_db.db
[2025-11-27T23:40:17.577928] [INFO] Подключение к базе данных: C:\Users\Vaan\Desktop\qkd_encryption_system\server_user_2\databases\user_2_db.db
[2025-11-27T23:40:20.585329] [INFO] Подключение к базе данных: C:\Users\Vaan\Desktop\qkd_encryption_system\server_user_1\databases\user_1_db.db
[2025-11-27T23:40:22.572866] [INFO] Подключение к базе данных: C:\Users\Vaan\Desktop\qkd_encryption_system\server_user_2\databases\user_2_db.db
[2025-11-27T23:40:25.582864] [INFO] Подключение к базе данных: C:\Users\Vaan\Desktop\qkd_encryption_system\server_user_1\databases\user_1_db.db
[2025-11-27T23:40:27.572433] [INFO] Подключение к базе данных: C:\Users\Vaan\Desktop\qkd_encryption_system\server_user_2\databases\user_2_db.db
[2025-11-27T23:40:30.581574] [INFO] Подключение к базе данных: C:\Users\Vaan\Desktop\qkd_encryption_system\server_user_1\databases\user_1_db.db
[2025-11-27T23:40:32.575729] [INFO] Подключение к базе данных: C:\Users\Vaan\Desktop\qkd_encryption_system\server_user_2\databases\user_2_db.db
[2025-11-27T23:40:35.575074] [INFO] Подключение к базе данных: C:\Users\Vaan\Desktop\qkd_encryption_system\server_user_1\databases\user_1_db.db
[2025-11-27T23:40:37.577070] [INFO] Подключение к базе данных: C:\Users\Vaan\Desktop\qkd_encryption_system\server_user_2\databases\user_2_db.db
[2025-11-27T23:40:42.583454] [INFO] Подключение к базе данных: C:\Users\Vaan\Desktop\qkd_encryption_system\server_user_2\databases\user_2_db.db
[2025-11-27T23:40:53.573386] [INFO] Подключение к базе данных: C:\Users\Vaan\Desktop\qkd_encryption_system\server_user_2\databases\user_2_db.db
[2025-11-27T23:40:53.573386] [INFO] Подключение к базе данных: C:\Users\Vaan\Desktop\qkd_encryption_system\server_user_1\databases\user_1_db.db
[2025-11-27T23:41:05.427677] [INFO] Подключение к базе данных: C:\Users\Vaan\Desktop\qkd_encryption_system\server_user_2\databases\user_2_db.db
[2025-11-27T23:41:06.661649] [INFO] Подключение к базе данных: C:\Users\Vaan\Desktop\qkd_encryption_system\server_user_2\databases\user_2_db.db
[2025-11-27T23:41:12.587119] [INFO] Подключение к базе данных: C:\Users\Vaan\Desktop\qkd_encryption_system\server_user_2\databases\user_2_db.db
[2025-11-27T23:41:17.581435] [INFO] Подключение к базе данных: C:\Users\Vaan\Desktop\qkd_encryption_system\server_user_2\databases\user_2_db.db
[2025-11-27T23:41:22.584529] [INFO] Подключение к базе данных: C:\Users\Vaan\Desktop\qkd_encryption_system\server_user_2\databases\user_2_db.db
[2025-11-27T23:41:27.583756] [INFO] Подключение к базе данных: C:\Users\Vaan\Desktop\qkd_encryption_system\server_user_2\databases\user_2_db.db
[2025-11-27T23:41:32.572241] [INFO] Подключение к базе данных: C:\Users\Vaan\Desktop\qkd_encryption_system\server_user_2\databases\user_2_db.db
[2025-11-27T23:41:37.572631] [INFO] Подключение к базе данных: C:\Users\Vaan\Desktop\qkd_encryption_system\server_user_2\databases\user_2_db.db
[2025-11-27T23:41:42.582604] [INFO] Подключение к базе данных: C:\Users\Vaan\Desktop\qkd_encryption_system\server_user_2\databases\user_2_db.db
[2025-11-27T23:41:47.582873] [INFO] Подключение к базе данных: C:\Users\Vaan\Desktop\qkd_encryption_system\server_user_2\databases\user_2_db.db
[2025-11-27T23:41:52.583877] [INFO] Подключение к базе данных: C:\Users\Vaan\Desktop\qkd_encryption_system\server_user_2\databases\user_2_db.db
[2025-11-27T23:41:53.578456] [INFO] Подключение к базе данных: C:\Users\Vaan\Desktop\qkd_encryption_system\server_user_1\databases\user_1_db.db
[2025-11-27T23:41:57.573797] [INFO] Подключение к базе данных: C:\Users\Vaan\Desktop\qkd_encryption_system\server_user_2\databases\user_2_db.db
[2025-11-27T23:42:02.574508] [INFO] Подключение к базе данных: C:\Users\Vaan\Desktop\qkd_encryption_system\server_user_2\databases\user_2_db.db
[2025-11-27T23:42:07.581948] [INFO] Подключение к базе данных: C:\Users\Vaan\Desktop\qkd_encryption_system\server_user_2\databases\user_2_db.db
[2025-11-27T23:42:53.578133] [INFO] Подключение к базе данных: C:\Users\Vaan\Desktop\qkd_encryption_system\server_user_1\databases\user_1_db.db
[2025-11-27T23:42:53.578133] [INFO] Подключение к базе данных: C:\Users\Vaan\Desktop\qkd_encryption_system\server_user_2\databases\user_2_db.db
[2025-11-27T23:43:18.635490] [INFO] Подключение к базе данных: C:\Users\Vaan\Desktop\qkd_encryption_system\server_user_2\databases\user_2_db.db
[2025-11-27T23:43:18.635490] [INFO] Подключение к базе данных: C:\Users\Vaan\Desktop\qkd_encryption_system\server_user_2\databases\user_2_db.db
[2025-11-27T23:43:18.636487] [INFO] Подключение к базе данных: C:\Users\Vaan\Desktop\qkd_encryption_system\server_user_2\databases\user_2_db.db
[2025-11-27T23:43:18.636487] [INFO] Подключение к базе данных: C:\Users\Vaan\Desktop\qkd_encryption_system\server_user_2\databases\user_2_db.db
[2025-11-27T23:43:18.636487] [INFO] Подключение к базе данных: C:\Users\Vaan\Desktop\qkd_encryption_system\server_user_2\databases\user_2_db.db
[2025-11-27T23:43:18.638483] [INFO] Подключение к базе данных: C:\Users\Vaan\Desktop\qkd_encryption_system\server_user_2\databases\user_2_db.db
[2025-11-27T23:43:18.638483] [INFO] Подключение к базе данных: C:\Users\Vaan\Desktop\qkd_encryption_system\server_user_2\databases\user_2_db.db
[2025-11-27T23:43:19.383843] [INFO] Подключение к базе данных: C:\Users\Vaan\Desktop\qkd_encryption_system\server_user_1\databases\user_1_db.db
[2025-11-27T23:43:19.383843] [INFO] Подключение к базе данных: C:\Users\Vaan\Desktop\qkd_encryption_system\server_user_1\databases\user_1_db.db
[2025-11-27T23:43:19.383843] [INFO] Подключение к базе данных: C:\Users\Vaan\Desktop\qkd_encryption_system\server_user_1\databases\user_1_db.db
[2025-11-27T23:43:19.384840] [INFO] Подключение к базе данных: C:\Users\Vaan\Desktop\qkd_encryption_system\server_user_1\databases\user_1_db.db
[2025-11-27T23:43:19.384840] [INFO] Подключение к базе данных: C:\Users\Vaan\Desktop\qkd_encryption_system\server_user_1\databases\user_1_db.db
[2025-11-27T23:43:19.385837] [INFO] Подключение к базе данных: C:\Users\Vaan\Desktop\qkd_encryption_system\server_user_1\databases\user_1_db.db
[2025-11-27T23:43:19.385837] [INFO] Подключение к базе данных: C:\Users\Vaan\Desktop\qkd_encryption_system\server_user_1\databases\user_1_db.db
[2025-11-27T23:43:25.177486] [INFO] Подключение к базе данных: C:\Users\Vaan\Desktop\qkd_encryption_system\server_user_2\databases\user_2_db.db
[2025-11-27T23:43:25.177486] [INFO] Подключение к базе данных: C:\Users\Vaan\Desktop\qkd_encryption_system\server_user_2\databases\user_2_db.db
[2025-11-27T23:43:25.177486] [INFO] Подключение к базе данных: C:\Users\Vaan\Desktop\qkd_encryption_system\server_user_2\databases\user_2_db.db
[2025-11-27T23:43:25.178483] [INFO] Подключение к базе данных: C:\Users\Vaan\Desktop\qkd_encryption_system\server_user_2\databases\user_2_db.db
[2025-11-27T23:43:25.178483] [INFO] Подключение к базе данных: C:\Users\Vaan\Desktop\qkd_encryption_system\server_user_2\databases\user_2_db.db
[2025-11-27T23:43:25.179481] [INFO] Подключение к базе данных: C:\Users\Vaan\Desktop\qkd_encryption_system\server_user_2\databases\user_2_db.db
[2025-11-27T23:43:25.179481] [INFO] Подключение к базе данных: C:\Users\Vaan\Desktop\qkd_encryption_system\server_user_2\databases\user_2_db.db
[2025-11-27T23:43:26.239870] [INFO] Подключение к базе данных: C:\Users\Vaan\Desktop\qkd_encryption_system\server_user_1\databases\user_1_db.db
[2025-11-27T23:43:26.239870] [INFO] Подключение к базе данных: C:\Users\Vaan\Desktop\qkd_encryption_system\server_user_1\databases\user_1_db.db
[2025-11-27T23:43:26.239870] [INFO] Подключение к базе данных: C:\Users\Vaan\Desktop\qkd_encryption_system\server_user_1\databases\user_1_db.db
[2025-11-27T23:43:26.239870] [INFO] Подключение к базе данных: C:\Users\Vaan\Desktop\qkd_encryption_system\server_user_1\databases\user_1_db.db
[2025-11-27T23:43:26.240870] [INFO] Подключение к базе данных: C:\Users\Vaan\Desktop\qkd_encryption_system\server_user_1\databases\user_1_db.db
[2025-11-27T23:43:26.241866] [INFO] Подключение к базе данных: C:\Users\Vaan\Desktop\qkd_encryption_system\server_user_1\databases\user_1_db.db
[2025-11-27T23:43:26.241866] [INFO] Подключение к базе данных: C:\Users\Vaan\Desktop\qkd_encryption_system\server_user_1\databases\user_1_db.db
[2025-11-27T23:43:39.827278] [INFO] Подключение к базе данных: C:\Users\Vaan\Desktop\qkd_encryption_system\server_user_1\databases\user_1_db.db
[2025-11-27T23:43:39.827278] [INFO] Подключение к базе данных: C:\Users\Vaan\Desktop\qkd_encryption_system\server_user_1\databases\user_1_db.db
[2025-11-27T23:43:39.828270] [INFO] Подключение к базе данных: C:\Users\Vaan\Desktop\qkd_encryption_system\server_user_1\databases\user_1_db.db
[2025-11-27T23:43:39.830281] [INFO] Подключение к базе данных: C:\Users\Vaan\Desktop\qkd_encryption_system\server_user_1\databases\user_1_db.db
[2025-11-27T23:43:39.831527] [INFO] Подключение к базе данных: C:\Users\Vaan\Desktop\qkd_encryption_system\server_user_1\databases\user_1_db.db
[2025-11-27T23:43:39.834525] [INFO] Подключение к базе данных: C:\Users\Vaan\Desktop\qkd_encryption_system\server_user_1\databases\user_1_db.db
[2025-11-27T23:43:39.836529] [INFO] Подключение к базе данных: C:\Users\Vaan\Desktop\qkd_encryption_system\server_user_1\databases\user_1_db.db
[2025-11-27T23:43:44.460708] [INFO] Подключение к базе данных: C:\Users\Vaan\Desktop\qkd_encryption_system\server_user_1\databases\user_1_db.db
[2025-11-27T23:43:44.460708] [INFO] Подключение к базе данных: C:\Users\Vaan\Desktop\qkd_encryption_system\server_user_1\databases\user_1_db.db
[2025-11-27T23:43:44.460708] [INFO] Подключение к базе данных: C:\Users\Vaan\Desktop\qkd_encryption_system\server_user_1\databases\user_1_db.db
[2025-11-27T23:43:44.461706] [INFO] Подключение к базе данных: C:\Users\Vaan\Desktop\qkd_encryption_system\server_user_1\databases\user_1_db.db
[2025-11-27T23:43:44.462718] [INFO] Подключение к базе данных: C:\Users\Vaan\Desktop\qkd_encryption_system\server_user_1\databases\user_1_db.db
[2025-11-27T23:43:44.464700] [INFO] Подключение к базе данных: C:\Users\Vaan\Desktop\qkd_encryption_system\server_user_1\databases\user_1_db.db
[2025-11-27T23:43:44.466703] [INFO] Подключение к базе данных: C:\Users\Vaan\Desktop\qkd_encryption_system\server_user_1\databases\user_1_db.db
[2025-11-27T23:43:53.578440] [INFO] Подключение к базе данных: C:\Users\Vaan\Desktop\qkd_encryption_system\server_user_1\databases\user_1_db.db
[2025-11-27T23:44:53.573698] [INFO] Подключение к базе данных: C:\Users\Vaan\Desktop\qkd_encryption_system\server_user_1\databases\user_1_db.db
[2025-11-27T23:45:26.863548] [INFO] Подключение к базе данных: C:\Users\Vaan\Desktop\qkd_encryption_system\server_user_1\databases\user_1_db.db
[2025-11-27T23:45:26.863548] [INFO] Подключение к базе данных: C:\Users\Vaan\Desktop\qkd_encryption_system\server_user_1\databases\user_1_db.db
[2025-11-27T23:45:26.864514] [INFO] Подключение к базе данных: C:\Users\Vaan\Desktop\qkd_encryption_system\server_user_1\databases\user_1_db.db
[2025-11-27T23:45:26.864514] [INFO] Подключение к базе данных: C:\Users\Vaan\Desktop\qkd_encryption_system\server_user_1\databases\user_1_db.db
[2025-11-27T23:45:26.865519] [INFO] Подключение к базе данных: C:\Users\Vaan\Desktop\qkd_encryption_system\server_user_1\databases\user_1_db.db
[2025-11-27T23:45:26.867508] [INFO] Подключение к базе данных: C:\Users\Vaan\Desktop\qkd_encryption_system\server_user_1\databases\user_1_db.db
[2025-11-27T23:45:26.868507] [INFO] Подключение к базе данных: C:\Users\Vaan\Desktop\qkd_encryption_system\server_user_1\databases\user_1_db.db
[2025-11-27T23:45:29.407568] [INFO] Подключение к базе данных: C:\Users\Vaan\Desktop\qkd_encryption_system\server_user_1\databases\user_1_db.db
[2025-11-27T23:45:29.407568] [INFO] Подключение к базе данных: C:\Users\Vaan\Desktop\qkd_encryption_system\server_user_1\databases\user_1_db.db
[2025-11-27T23:45:29.407568] [INFO] Подключение к базе данных: C:\Users\Vaan\Desktop\qkd_encryption_system\server_user_1\databases\user_1_db.db
[2025-11-27T23:45:29.407568] [INFO] Подключение к базе данных: C:\Users\Vaan\Desktop\qkd_encryption_system\server_user_1\databases\user_1_db.db
[2025-11-27T23:45:29.408566] [INFO] Подключение к базе данных: C:\Users\Vaan\Desktop\qkd_encryption_system\server_user_1\databases\user_1_db.db
[2025-11-27T23:45:29.409700] [INFO] Подключение к базе данных: C:\Users\Vaan\Desktop\qkd_encryption_system\server_user_1\databases\user_1_db.db
[2025-11-27T23:45:29.410205] [INFO] Подключение к базе данных: C:\Users\Vaan\Desktop\qkd_encryption_system\server_user_1\databases\user_1_db.db
[2025-11-27T23:45:43.064012] [INFO] Подключение к базе данных: C:\Users\Vaan\Desktop\qkd_encryption_system\server_user_1\databases\user_1_db.db
[2025-11-27T23:45:43.064012] [INFO] Подключение к базе данных: C:\Users\Vaan\Desktop\qkd_encryption_system\server_user_1\databases\user_1_db.db
[2025-11-27T23:45:43.064976] [INFO] Подключение к базе данных: C:\Users\Vaan\Desktop\qkd_encryption_system\server_user_1\databases\user_1_db.db
[2025-11-27T23:45:43.064976] [INFO] Подключение к базе данных: C:\Users\Vaan\Desktop\qkd_encryption_system\server_user_1\databases\user_1_db.db
[2025-11-27T23:45:43.064976] [INFO] Подключение к базе данных: C:\Users\Vaan\Desktop\qkd_encryption_system\server_user_1\databases\user_1_db.db
[2025-11-27T23:45:43.067003] [INFO] Подключение к базе данных: C:\Users\Vaan\Desktop\qkd_encryption_system\server_user_1\databases\user_1_db.db
[2025-11-27T23:45:43.067003] [INFO] Подключение к базе данных: C:\Users\Vaan\Desktop\qkd_encryption_system\server_user_1\databases\user_1_db.db
[2025-11-27T23:45:45.977119] [INFO] Подключение к базе данных: C:\Users\Vaan\Desktop\qkd_encryption_system\server_user_1\databases\user_1_db.db
[2025-11-27T23:45:45.978119] [INFO] Подключение к базе данных: C:\Users\Vaan\Desktop\qkd_encryption_system\server_user_1\databases\user_1_db.db
[2025-11-27T23:45:45.978119] [INFO] Подключение к базе данных: C:\Users\Vaan\Desktop\qkd_encryption_system\server_user_1\databases\user_1_db.db
[2025-11-27T23:45:45.979114] [INFO] Подключение к базе данных: C:\Users\Vaan\Desktop\qkd_encryption_system\server_user_1\databases\user_1_db.db
[2025-11-27T23:45:45.981202] [INFO] Подключение к базе данных: C:\Users\Vaan\Desktop\qkd_encryption_system\server_user_1\databases\user_1_db.db
[2025-11-27T23:45:45.983214] [INFO] Подключение к базе данных: C:\Users\Vaan\Desktop\qkd_encryption_system\server_user_1\databases\user_1_db.db
[2025-11-27T23:45:45.984210] [INFO] Подключение к базе данных: C:\Users\Vaan\Desktop\qkd_encryption_system\server_user_1\databases\user_1_db.db
[2025-11-27T23:45:53.581171] [INFO] Подключение к базе данных: C:\Users\Vaan\Desktop\qkd_encryption_system\server_user_1\databases\user_1_db.db
[2025-11-27T23:45:57.553315] [INFO] Подключение к базе данных: C:\Users\Vaan\Desktop\qkd_encryption_system\server_user_1\databases\user_1_db.db
[2025-11-27T23:45:57.553315] [INFO] Подключение к базе данных: C:\Users\Vaan\Desktop\qkd_encryption_system\server_user_1\databases\user_1_db.db
[2025-11-27T23:45:57.553315] [INFO] Подключение к базе данных: C:\Users\Vaan\Desktop\qkd_encryption_system\server_user_1\databases\user_1_db.db
[2025-11-27T23:45:57.554277] [INFO] Подключение к базе данных: C:\Users\Vaan\Desktop\qkd_encryption_system\server_user_1\databases\user_1_db.db
[2025-11-27T23:45:57.554277] [INFO] Подключение к базе данных: C:\Users\Vaan\Desktop\qkd_encryption_system\server_user_1\databases\user_1_db.db
[2025-11-27T23:45:57.555299] [INFO] Подключение к базе данных: C:\Users\Vaan\Desktop\qkd_encryption_system\server_user_1\databases\user_1_db.db
[2025-11-27T23:45:57.555299] [INFO] Подключение к базе данных: C:\Users\Vaan\Desktop\qkd_encryption_system\server_user_1\databases\user_1_db.db
[2025-11-27T23:46:24.853383] [INFO] Подключение к базе данных: C:\Users\Vaan\Desktop\qkd_encryption_system\server_user_1\databases\user_1_db.db
[2025-11-27T23:46:24.854381] [INFO] Подключение к базе данных: C:\Users\Vaan\Desktop\qkd_encryption_system\server_user_1\databases\user_1_db.db
[2025-11-27T23:46:24.854381] [INFO] Подключение к базе данных: C:\Users\Vaan\Desktop\qkd_encryption_system\server_user_1\databases\user_1_db.db
[2025-11-27T23:46:24.855379] [INFO] Подключение к базе данных: C:\Users\Vaan\Desktop\qkd_encryption_system\server_user_1\databases\user_1_db.db
[2025-11-27T23:46:24.855379] [INFO] Подключение к базе данных: C:\Users\Vaan\Desktop\qkd_encryption_system\server_user_1\databases\user_1_db.db
[2025-11-27T23:46:24.857373] [INFO] Подключение к базе данных: C:\Users\Vaan\Desktop\qkd_encryption_system\server_user_1\databases\user_1_db.db
[2025-11-27T23:46:24.858370] [INFO] Подключение к базе данных: C:\Users\Vaan\Desktop\qkd_encryption_system\server_user_1\databases\user_1_db.db
[2025-11-27T23:46:26.148179] [INFO] Подключение к базе данных: C:\Users\Vaan\Desktop\qkd_encryption_system\server_user_1\databases\user_1_db.db
[2025-11-27T23:46:26.149179] [INFO] Подключение к базе данных: C:\Users\Vaan\Desktop\qkd_encryption_system\server_user_1\databases\user_1_db.db
[2025-11-27T23:46:26.150175] [INFO] Подключение к базе данных: C:\Users\Vaan\Desktop\qkd_encryption_system\server_user_1\databases\user_1_db.db
[2025-11-27T23:46:26.150175] [INFO] Подключение к базе данных: C:\Users\Vaan\Desktop\qkd_encryption_system\server_user_1\databases\user_1_db.db
[2025-11-27T23:46:26.151225] [INFO] Подключение к базе данных: C:\Users\Vaan\Desktop\qkd_encryption_system\server_user_1\databases\user_1_db.db
[2025-11-27T23:46:26.152225] [INFO] Подключение к базе данных: C:\Users\Vaan\Desktop\qkd_encryption_system\server_user_1\databases\user_1_db.db
[2025-11-27T23:46:26.152225] [INFO] Подключение к базе данных: C:\Users\Vaan\Desktop\qkd_encryption_system\server_user_1\databases\user_1_db.db
[2025-11-27T23:46:30.105487] [INFO] Подключение к базе данных: C:\Users\Vaan\Desktop\qkd_encryption_system\server_user_1\databases\user_1_db.db
[2025-11-27T23:46:30.106485] [INFO] Подключение к базе данных: C:\Users\Vaan\Desktop\qkd_encryption_system\server_user_1\databases\user_1_db.db
[2025-11-27T23:46:30.107535] [INFO] Подключение к базе данных: C:\Users\Vaan\Desktop\qkd_encryption_system\server_user_1\databases\user_1_db.db
[2025-11-27T23:46:30.109531] [INFO] Подключение к базе данных: C:\Users\Vaan\Desktop\qkd_encryption_system\server_user_1\databases\user_1_db.db
[2025-11-27T23:46:30.115516] [INFO] Подключение к базе данных: C:\Users\Vaan\Desktop\qkd_encryption_system\server_user_1\databases\user_1_db.db
[2025-11-27T23:46:30.122497] [INFO] Подключение к базе данных: C:\Users\Vaan\Desktop\qkd_encryption_system\server_user_1\databases\user_1_db.db
[2025-11-27T23:46:30.128480] [INFO] Подключение к базе данных: C:\Users\Vaan\Desktop\qkd_encryption_system\server_user_1\databases\user_1_db.db
[2025-11-27T23:46:31.713057] [INFO] Подключение к базе данных: C:\Users\Vaan\Desktop\qkd_encryption_system\server_user_1\databases\user_1_db.db
[2025-11-27T23:46:31.714054] [INFO] Подключение к базе данных: C:\Users\Vaan\Desktop\qkd_encryption_system\server_user_1\databases\user_1_db.db
[2025-11-27T23:46:31.715051] [INFO] Подключение к базе данных: C:\Users\Vaan\Desktop\qkd_encryption_system\server_user_1\databases\user_1_db.db
[2025-11-27T23:46:31.717046] [INFO] Подключение к базе данных: C:\Users\Vaan\Desktop\qkd_encryption_system\server_user_1\databases\user_1_db.db
[2025-11-27T23:46:31.718042] [INFO] Подключение к базе данных: C:\Users\Vaan\Desktop\qkd_encryption_system\server_user_1\databases\user_1_db.db
[2025-11-27T23:46:31.721034] [INFO] Подключение к базе данных: C:\Users\Vaan\Desktop\qkd_encryption_system\server_user_1\databases\user_1_db.db
[2025-11-27T23:46:31.722032] [INFO] Подключение к базе данных: C:\Users\Vaan\Desktop\qkd_encryption_system\server_user_1\databases\user_1_db.db
[2025-11-27T23:46:53.694689] [INFO] Подключение к базе данных: C:\Users\Vaan\Desktop\qkd_encryption_system\server_user_1\databases\user_1_db.db
[2025-11-27T23:47:03.215271] [INFO] Подключение к базе данных: C:\Users\Vaan\Desktop\qkd_encryption_system\server_user_2\databases\user_2_db.db
[2025-11-27T23:47:03.216269] [INFO] Подключение к базе данных: C:\Users\Vaan\Desktop\qkd_encryption_system\server_user_2\databases\user_2_db.db
[2025-11-27T23:47:03.216269] [INFO] Подключение к базе данных: C:\Users\Vaan\Desktop\qkd_encryption_system\server_user_2\databases\user_2_db.db
[2025-11-27T23:47:03.217266] [INFO] Подключение к базе данных: C:\Users\Vaan\Desktop\qkd_encryption_system\server_user_2\databases\user_2_db.db
[2025-11-27T23:47:03.218263] [INFO] Подключение к базе данных: C:\Users\Vaan\Desktop\qkd_encryption_system\server_user_2\databases\user_2_db.db
[2025-11-27T23:47:03.219262] [INFO] Подключение к базе данных: C:\Users\Vaan\Desktop\qkd_encryption_system\server_user_2\databases\user_2_db.db
[2025-11-27T23:47:03.220258] [INFO] Подключение к базе данных: C:\Users\Vaan\Desktop\qkd_encryption_system\server_user_2\databases\user_2_db.db
[2025-11-27T23:47:03.593260] [INFO] Подключение к базе данных: C:\Users\Vaan\Desktop\qkd_encryption_system\server_user_2\databases\user_2_db.db
[2025-11-27T23:47:03.593260] [INFO] Подключение к базе данных: C:\Users\Vaan\Desktop\qkd_encryption_system\server_user_2\databases\user_2_db.db
[2025-11-27T23:47:03.594259] [INFO] Подключение к базе данных: C:\Users\Vaan\Desktop\qkd_encryption_system\server_user_2\databases\user_2_db.db
[2025-11-27T23:47:03.594259] [INFO] Подключение к базе данных: C:\Users\Vaan\Desktop\qkd_encryption_system\server_user_2\databases\user_2_db.db
[2025-11-27T23:47:03.595256] [INFO] Подключение к базе данных: C:\Users\Vaan\Desktop\qkd_encryption_system\server_user_2\databases\user_2_db.db
[2025-11-27T23:47:03.596253] [INFO] Подключение к базе данных: C:\Users\Vaan\Desktop\qkd_encryption_system\server_user_2\databases\user_2_db.db
[2025-11-27T23:47:03.596253] [INFO] Подключение к базе данных: C:\Users\Vaan\Desktop\qkd_encryption_system\server_user_2\databases\user_2_db.db
[2025-11-27T23:47:03.639138] [INFO] Подключение к базе данных: C:\Users\Vaan\Desktop\qkd_encryption_system\server_user_2\databases\user_2_db.db
[2025-11-27T23:47:03.958283] [INFO] Подключение к базе данных: C:\Users\Vaan\Desktop\qkd_encryption_system\server_user_1\databases\user_1_db.db
[2025-11-27T23:47:03.958283] [INFO] Подключение к базе данных: C:\Users\Vaan\Desktop\qkd_encryption_system\server_user_1\databases\user_1_db.db
[2025-11-27T23:47:03.959281] [INFO] Подключение к базе данных: C:\Users\Vaan\Desktop\qkd_encryption_system\server_user_1\databases\user_1_db.db
[2025-11-27T23:47:03.959281] [INFO] Подключение к базе данных: C:\Users\Vaan\Desktop\qkd_encryption_system\server_user_1\databases\user_1_db.db
[2025-11-27T23:47:03.959281] [INFO] Подключение к базе данных: C:\Users\Vaan\Desktop\qkd_encryption_system\server_user_1\databases\user_1_db.db
[2025-11-27T23:47:03.960279] [INFO] Подключение к базе данных: C:\Users\Vaan\Desktop\qkd_encryption_system\server_user_1\databases\user_1_db.db
[2025-11-27T23:47:03.961277] [INFO] Подключение к базе данных: C:\Users\Vaan\Desktop\qkd_encryption_system\server_user_1\databases\user_1_db.db
[2025-11-27T23:47:08.124532] [INFO] Подключение к базе данных: C:\Users\Vaan\Desktop\qkd_encryption_system\server_user_2\databases\user_2_db.db
[2025-11-27T23:47:31.357128] [INFO] Подключение к базе данных: C:\Users\Vaan\Desktop\qkd_encryption_system\server_user_1\databases\user_1_db.db
[2025-11-27T23:47:32.731744] [INFO] Подключение к базе данных: C:\Users\Vaan\Desktop\qkd_encryption_system\server_user_1\databases\user_1_db.db
[2025-11-27T23:47:37.660115] [INFO] Подключение к базе данных: C:\Users\Vaan\Desktop\qkd_encryption_system\server_user_1\databases\user_1_db.db
[2025-11-27T23:47:38.384384] [INFO] Подключение к базе данных: C:\Users\Vaan\Desktop\qkd_encryption_system\server_user_2\databases\user_2_db.db
[2025-11-27T23:47:39.805363] [INFO] Подключение к базе данных: C:\Users\Vaan\Desktop\qkd_encryption_system\server_user_2\databases\user_2_db.db
[2025-11-27T23:47:41.467116] [INFO] Подключение к базе данных: C:\Users\Vaan\Desktop\qkd_encryption_system\server_user_1\databases\user_1_db.db
[2025-11-27T23:47:43.735240] [INFO] Подключение к базе данных: C:\Users\Vaan\Desktop\qkd_encryption_system\server_user_1\databases\user_1_db.db
[2025-11-27T23:47:44.574954] [INFO] Подключение к базе данных: C:\Users\Vaan\Desktop\qkd_encryption_system\server_user_2\databases\user_2_db.db
[2025-11-27T23:47:46.733109] [INFO] Подключение к базе данных: C:\Users\Vaan\Desktop\qkd_encryption_system\server_user_1\databases\user_1_db.db
[2025-11-27T23:47:47.013276] [INFO] Подключение к базе данных: C:\Users\Vaan\Desktop\qkd_encryption_system\server_user_1\databases\user_1_db.db
[2025-11-27T23:47:47.043195] [INFO] Сохранено отправленное сообщение от hisoka для UserB: Приветы
[2025-11-27T23:47:49.110763] [INFO] Подключение к базе данных: C:\Users\Vaan\Desktop\qkd_encryption_system\server_user_2\databases\user_2_db.db
[2025-11-27T23:47:49.115979] [INFO] Получено тестовое сообщение от hisoka для UserB: Приветы
[2025-11-27T23:47:49.577349] [INFO] Подключение к базе данных: C:\Users\Vaan\Desktop\qkd_encryption_system\server_user_2\databases\user_2_db.db
[2025-11-27T23:47:49.731628] [INFO] Подключение к базе данных: C:\Users\Vaan\Desktop\qkd_encryption_system\server_user_1\databases\user_1_db.db
[2025-11-27T23:47:52.576309] [INFO] Подключение к базе данных: C:\Users\Vaan\Desktop\qkd_encryption_system\server_user_2\databases\user_2_db.db
[2025-11-27T23:47:53.571721] [INFO] Подключение к базе данных: C:\Users\Vaan\Desktop\qkd_encryption_system\server_user_1\databases\user_1_db.db
[2025-11-27T23:47:53.802577] [INFO] Подключение к базе данных: C:\Users\Vaan\Desktop\qkd_encryption_system\server_user_2\databases\user_2_db.db
[2025-11-27T23:47:56.572357] [INFO] Подключение к базе данных: C:\Users\Vaan\Desktop\qkd_encryption_system\server_user_1\databases\user_1_db.db
[2025-11-27T23:47:56.805853] [INFO] Подключение к базе данных: C:\Users\Vaan\Desktop\qkd_encryption_system\server_user_2\databases\user_2_db.db
[2025-11-27T23:47:58.753864] [INFO] Подключение к базе данных: C:\Users\Vaan\Desktop\qkd_encryption_system\server_user_2\databases\user_2_db.db
[2025-11-27T23:47:58.762506] [INFO] Сохранено отправленное сообщение от Max для UserA: Привет
[2025-11-27T23:47:59.577323] [INFO] Подключение к базе данных: C:\Users\Vaan\Desktop\qkd_encryption_system\server_user_1\databases\user_1_db.db
[2025-11-27T23:47:59.796275] [INFO] Подключение к базе данных: C:\Users\Vaan\Desktop\qkd_encryption_system\server_user_2\databases\user_2_db.db
[2025-11-27T23:48:00.852121] [INFO] Подключение к базе данных: C:\Users\Vaan\Desktop\qkd_encryption_system\server_user_1\databases\user_1_db.db
[2025-11-27T23:48:00.861597] [INFO] Получено тестовое сообщение от Max для UserA: Привет
[2025-11-27T23:48:02.579759] [INFO] Подключение к базе данных: C:\Users\Vaan\Desktop\qkd_encryption_system\server_user_1\databases\user_1_db.db
[2025-11-27T23:48:03.578218] [INFO] Подключение к базе данных: C:\Users\Vaan\Desktop\qkd_encryption_system\server_user_2\databases\user_2_db.db
[2025-11-27T23:48:05.573028] [INFO] Подключение к базе данных: C:\Users\Vaan\Desktop\qkd_encryption_system\server_user_1\databases\user_1_db.db
[2025-11-27T23:48:06.583297] [INFO] Подключение к базе данных: C:\Users\Vaan\Desktop\qkd_encryption_system\server_user_2\databases\user_2_db.db
[2025-11-27T23:48:08.576003] [INFO] Подключение к базе данных: C:\Users\Vaan\Desktop\qkd_encryption_system\server_user_1\databases\user_1_db.db
[2025-11-27T23:48:10.172868] [INFO] Подключение к базе данных: C:\Users\Vaan\Desktop\qkd_encryption_system\server_user_2\databases\user_2_db.db
[2025-11-27T23:48:11.575794] [INFO] Подключение к базе данных: C:\Users\Vaan\Desktop\qkd_encryption_system\server_user_1\databases\user_1_db.db
[2025-11-27T23:48:11.796060] [INFO] Подключение к базе данных: C:\Users\Vaan\Desktop\qkd_encryption_system\server_user_2\databases\user_2_db.db
[2025-11-27T23:48:13.737702] [INFO] Подключение к базе данных: C:\Users\Vaan\Desktop\qkd_encryption_system\server_user_1\databases\user_1_db.db
[2025-11-27T23:48:15.574780] [INFO] Подключение к базе данных: C:\Users\Vaan\Desktop\qkd_encryption_system\server_user_2\databases\user_2_db.db
[2025-11-27T23:48:17.573026] [INFO] Подключение к базе данных: C:\Users\Vaan\Desktop\qkd_encryption_system\server_user_1\databases\user_1_db.db
[2025-11-27T23:48:17.802754] [INFO] Подключение к базе данных: C:\Users\Vaan\Desktop\qkd_encryption_system\server_user_2\databases\user_2_db.db
[2025-11-27T23:48:18.796913] [INFO] Подключение к базе данных: C:\Users\Vaan\Desktop\qkd_encryption_system\server_user_2\databases\user_2_db.db
[2025-11-27T23:48:19.282079] [INFO] Подключение к базе данных: C:\Users\Vaan\Desktop\qkd_encryption_system\server_user_2\databases\user_2_db.db
[2025-11-27T23:48:20.793615] [INFO] Подключение к базе данных: C:\Users\Vaan\Desktop\qkd_encryption_system\server_user_2\databases\user_2_db.db
[2025-11-27T23:48:22.582814] [INFO] Подключение к базе данных: C:\Users\Vaan\Desktop\qkd_encryption_system\server_user_1\databases\user_1_db.db
[2025-11-27T23:48:25.008360] [INFO] Подключение к базе данных: C:\Users\Vaan\Desktop\qkd_encryption_system\server_user_2\databases\user_2_db.db
[2025-11-27T23:48:27.572415] [INFO] Подключение к базе данных: C:\Users\Vaan\Desktop\qkd_encryption_system\server_user_1\databases\user_1_db.db
[2025-11-27T23:48:29.585519] [INFO] Подключение к базе данных: C:\Users\Vaan\Desktop\qkd_encryption_system\server_user_2\databases\user_2_db.db
[2025-11-27T23:48:32.574755] [INFO] Подключение к базе данных: C:\Users\Vaan\Desktop\qkd_encryption_system\server_user_1\databases\user_1_db.db
[2025-11-27T23:48:34.704222] [INFO] Подключение к базе данных: C:\Users\Vaan\Desktop\qkd_encryption_system\server_user_2\databases\user_2_db.db
[2025-11-27T23:48:37.584662] [INFO] Подключение к базе данных: C:\Users\Vaan\Desktop\qkd_encryption_system\server_user_1\databases\user_1_db.db
[2025-11-27T23:48:39.584436] [INFO] Подключение к базе данных: C:\Users\Vaan\Desktop\qkd_encryption_system\server_user_2\databases\user_2_db.db
[2025-11-27T23:48:42.585964] [INFO] Подключение к базе данных: C:\Users\Vaan\Desktop\qkd_encryption_system\server_user_1\databases\user_1_db.db
[2025-11-27T23:48:44.581725] [INFO] Подключение к базе данных: C:\Users\Vaan\Desktop\qkd_encryption_system\server_user_2\databases\user_2_db.db
[2025-11-27T23:48:47.573119] [INFO] Подключение к базе данных: C:\Users\Vaan\Desktop\qkd_encryption_system\server_user_1\databases\user_1_db.db
[2025-11-27T23:48:49.583746] [INFO] Подключение к базе данных: C:\Users\Vaan\Desktop\qkd_encryption_system\server_user_2\databases\user_2_db.db
[2025-11-27T23:48:52.573098] [INFO] Подключение к базе данных: C:\Users\Vaan\Desktop\qkd_encryption_system\server_user_1\databases\user_1_db.db
[2025-11-27T23:48:54.261453] [INFO] Подключение к базе данных: C:\Users\Vaan\Desktop\qkd_encryption_system\server_user_2\databases\user_2_db.db
[2025-11-27T23:48:56.872542] [INFO] Подключение к базе данных: C:\Users\Vaan\Desktop\qkd_encryption_system\server_user_2\databases\user_2_db.db
[2025-11-27T23:48:56.879514] [INFO] Подключение к базе данных: C:\Users\Vaan\Desktop\qkd_encryption_system\server_user_1\databases\user_1_db.db
[2025-11-27T23:48:59.804713] [INFO] Подключение к базе данных: C:\Users\Vaan\Desktop\qkd_encryption_system\server_user_2\databases\user_2_db.db
[2025-11-27T23:48:59.884796] [INFO] Подключение к базе данных: C:\Users\Vaan\Desktop\qkd_encryption_system\server_user_2\databases\user_2_db.db
[2025-11-27T23:49:00.452033] [INFO] Подключение к базе данных: C:\Users\Vaan\Desktop\qkd_encryption_system\server_user_2\databases\user_2_db.db
[2025-11-27T23:49:00.921419] [INFO] Подключение к базе данных: C:\Users\Vaan\Desktop\qkd_encryption_system\server_user_2\databases\user_2_db.db
[2025-11-27T23:49:01.237269] [INFO] Подключение к базе данных: C:\Users\Vaan\Desktop\qkd_encryption_system\server_user_2\databases\user_2_db.db
[2025-11-27T23:49:01.531361] [INFO] Подключение к базе данных: C:\Users\Vaan\Desktop\qkd_encryption_system\server_user_2\databases\user_2_db.db
[2025-11-27T23:49:01.997231] [INFO] Подключение к базе данных: C:\Users\Vaan\Desktop\qkd_encryption_system\server_user_2\databases\user_2_db.db
[2025-11-27T23:49:02.554144] [INFO] Подключение к базе данных: C:\Users\Vaan\Desktop\qkd_encryption_system\server_user_2\databases\user_2_db.db
[2025-11-27T23:49:02.572418] [INFO] Подключение к базе данных: C:\Users\Vaan\Desktop\qkd_encryption_system\server_user_1\databases\user_1_db.db
[2025-11-27T23:49:05.315131] [INFO] Подключение к базе данных: C:\Users\Vaan\Desktop\qkd_encryption_system\server_user_1\databases\user_1_db.db
[2025-11-27T23:49:05.590591] [INFO] Подключение к базе данных: C:\Users\Vaan\Desktop\qkd_encryption_system\server_user_1\databases\user_1_db.db
[2025-11-27T23:49:05.805234] [INFO] Подключение к базе данных: C:\Users\Vaan\Desktop\qkd_encryption_system\server_user_1\databases\user_1_db.db
[2025-11-27T23:49:06.009726] [INFO] Подключение к базе данных: C:\Users\Vaan\Desktop\qkd_encryption_system\server_user_1\databases\user_1_db.db
[2025-11-27T23:49:06.243492] [INFO] Подключение к базе данных: C:\Users\Vaan\Desktop\qkd_encryption_system\server_user_1\databases\user_1_db.db
[2025-11-27T23:49:06.520656] [INFO] Подключение к базе данных: C:\Users\Vaan\Desktop\qkd_encryption_system\server_user_1\databases\user_1_db.db
[2025-11-27T23:49:06.571650] [INFO] Подключение к базе данных: C:\Users\Vaan\Desktop\qkd_encryption_system\server_user_2\databases\user_2_db.db
[2025-11-27T23:49:06.830656] [INFO] Подключение к базе данных: C:\Users\Vaan\Desktop\qkd_encryption_system\server_user_1\databases\user_1_db.db
[2025-11-27T23:49:07.371276] [INFO] Подключение к базе данных: C:\Users\Vaan\Desktop\qkd_encryption_system\server_user_1\databases\user_1_db.db
[2025-11-27T23:49:07.681010] [INFO] Подключение к базе данных: C:\Users\Vaan\Desktop\qkd_encryption_system\server_user_1\databases\user_1_db.db
[2025-11-27T23:49:08.709755] [INFO] Подключение к базе данных: C:\Users\Vaan\Desktop\qkd_encryption_system\server_user_1\databases\user_1_db.db
[2025-11-27T23:49:09.069947] [INFO] Подключение к базе данных: C:\Users\Vaan\Desktop\qkd_encryption_system\server_user_1\databases\user_1_db.db
[2025-11-27T23:49:10.219846] [INFO] Подключение к базе данных: C:\Users\Vaan\Desktop\qkd_encryption_system\server_user_1\databases\user_1_db.db
[2025-11-27T23:49:10.267597] [INFO] Подключение к базе данных: C:\Users\Vaan\Desktop\qkd_encryption_system\server_user_1\databases\user_1_db.db
[2025-11-27T23:49:12.062019] [INFO] Подключение к базе данных: C:\Users\Vaan\Desktop\qkd_encryption_system\server_user_2\databases\user_2_db.db
[2025-11-27T23:49:16.580925] [INFO] Подключение к базе данных: C:\Users\Vaan\Desktop\qkd_encryption_system\server_user_2\databases\user_2_db.db
[2025-11-27T23:49:20.875635] [INFO] Подключение к базе данных: C:\Users\Vaan\Desktop\qkd_encryption_system\server_user_1\databases\user_1_db.db
[2025-11-27T23:49:21.572283] [INFO] Подключение к базе данных: C:\Users\Vaan\Desktop\qkd_encryption_system\server_user_2\databases\user_2_db.db
[2025-11-27T23:49:21.898267] [INFO] Подключение к базе данных: C:\Users\Vaan\Desktop\qkd_encryption_system\server_user_1\databases\user_1_db.db
[2025-11-27T23:49:26.744456] [INFO] Подключение к базе данных: C:\Users\Vaan\Desktop\qkd_encryption_system\server_user_1\databases\user_1_db.db
[2025-11-27T23:49:30.696956] [INFO] Подключение к базе данных: C:\Users\Vaan\Desktop\qkd_encryption_system\server_user_2\databases\user_2_db.db
[2025-11-27T23:49:31.581937] [INFO] Подключение к базе данных: C:\Users\Vaan\Desktop\qkd_encryption_system\server_user_1\databases\user_1_db.db
[2025-11-27T23:49:31.719408] [INFO] Подключение к базе данных: C:\Users\Vaan\Desktop\qkd_encryption_system\server_user_2\databases\user_2_db.db
[2025-11-27T23:49:34.087825] [INFO] Подключение к базе данных: C:\Users\Vaan\Desktop\qkd_encryption_system\server_user_2\databases\user_2_db.db
[2025-11-27T23:49:36.579203] [INFO] Подключение к базе данных: C:\Users\Vaan\Desktop\qkd_encryption_system\server_user_1\databases\user_1_db.db
[2025-11-27T23:49:36.720643] [INFO] Подключение к базе данных: C:\Users\Vaan\Desktop\qkd_encryption_system\server_user_2\databases\user_2_db.db
[2025-11-27T23:49:39.080269] [INFO] Подключение к базе данных: C:\Users\Vaan\Desktop\qkd_encryption_system\server_user_2\databases\user_2_db.db
[2025-11-27T23:49:39.081298] [INFO] Очищены тестовые сообщения для Max
[2025-11-27T23:49:39.086252] [INFO] Подключение к базе данных: C:\Users\Vaan\Desktop\qkd_encryption_system\server_user_2\databases\user_2_db.db
[2025-11-27T23:49:40.745797] [INFO] Подключение к базе данных: C:\Users\Vaan\Desktop\qkd_encryption_system\server_user_2\databases\user_2_db.db
[2025-11-27T23:49:41.672986] [INFO] Подключение к базе данных: C:\Users\Vaan\Desktop\qkd_encryption_system\server_user_1\databases\user_1_db.db
[2025-11-27T23:49:43.572020] [INFO] Подключение к базе данных: C:\Users\Vaan\Desktop\qkd_encryption_system\server_user_2\databases\user_2_db.db
[2025-11-27T23:49:43.746784] [INFO] Подключение к базе данных: C:\Users\Vaan\Desktop\qkd_encryption_system\server_user_1\databases\user_1_db.db
[2025-11-27T23:49:45.492623] [INFO] Подключение к базе данных: C:\Users\Vaan\Desktop\qkd_encryption_system\server_user_1\databases\user_1_db.db
[2025-11-27T23:49:45.493616] [INFO] Подключение к базе данных: C:\Users\Vaan\Desktop\qkd_encryption_system\server_user_1\databases\user_1_db.db
[2025-11-27T23:49:45.493616] [INFO] Очищены тестовые сообщения для hisoka
[2025-11-27T23:49:45.497606] [INFO] Подключение к базе данных: C:\Users\Vaan\Desktop\qkd_encryption_system\server_user_1\databases\user_1_db.db
[2025-11-27T23:49:46.576889] [INFO] Подключение к базе данных: C:\Users\Vaan\Desktop\qkd_encryption_system\server_user_2\databases\user_2_db.db
[2025-11-27T23:49:47.912330] [INFO] Подключение к базе данных: C:\Users\Vaan\Desktop\qkd_encryption_system\server_user_1\databases\user_1_db.db
[2025-11-27T23:49:49.574543] [INFO] Подключение к базе данных: C:\Users\Vaan\Desktop\qkd_encryption_system\server_user_2\databases\user_2_db.db
[2025-11-27T23:49:50.094767] [INFO] Подключение к базе данных: C:\Users\Vaan\Desktop\qkd_encryption_system\server_user_1\databases\user_1_db.db
[2025-11-27T23:49:50.099118] [INFO] Сохранено отправленное сообщение от hisoka для UserB: Hi
[2025-11-27T23:49:50.909200] [INFO] Подключение к базе данных: C:\Users\Vaan\Desktop\qkd_encryption_system\server_user_1\databases\user_1_db.db
[2025-11-27T23:49:52.167491] [INFO] Подключение к базе данных: C:\Users\Vaan\Desktop\qkd_encryption_system\server_user_2\databases\user_2_db.db
[2025-11-27T23:49:52.175350] [INFO] Получено тестовое сообщение от hisoka для UserB: Hi
[2025-11-27T23:49:52.569249] [INFO] Подключение к базе данных: C:\Users\Vaan\Desktop\qkd_encryption_system\server_user_2\databases\user_2_db.db
[2025-11-27T23:49:54.103038] [INFO] Подключение к базе данных: C:\Users\Vaan\Desktop\qkd_encryption_system\server_user_2\databases\user_2_db.db
[2025-11-27T23:49:54.583858] [INFO] Подключение к базе данных: C:\Users\Vaan\Desktop\qkd_encryption_system\server_user_1\databases\user_1_db.db
[2025-11-27T23:49:54.777857] [INFO] Подключение к базе данных: C:\Users\Vaan\Desktop\qkd_encryption_system\server_user_2\databases\user_2_db.db
[2025-11-27T23:49:55.034647] [INFO] Подключение к базе данных: C:\Users\Vaan\Desktop\qkd_encryption_system\server_user_2\databases\user_2_db.db
[2025-11-27T23:49:55.240184] [INFO] Подключение к базе данных: C:\Users\Vaan\Desktop\qkd_encryption_system\server_user_2\databases\user_2_db.db
[2025-11-27T23:49:55.419997] [INFO] Подключение к базе данных: C:\Users\Vaan\Desktop\qkd_encryption_system\server_user_2\databases\user_2_db.db
[2025-11-27T23:49:55.715587] [INFO] Подключение к базе данных: C:\Users\Vaan\Desktop\qkd_encryption_system\server_user_2\databases\user_2_db.db
[2025-11-27T23:49:56.785099] [INFO] Подключение к базе данных: C:\Users\Vaan\Desktop\qkd_encryption_system\server_user_2\databases\user_2_db.db
[2025-11-27T23:49:57.001394] [INFO] Подключение к базе данных: C:\Users\Vaan\Desktop\qkd_encryption_system\server_user_2\databases\user_2_db.db
[2025-11-27T23:49:57.577869] [INFO] Подключение к базе данных: C:\Users\Vaan\Desktop\qkd_encryption_system\server_user_1\databases\user_1_db.db
[2025-11-27T23:49:58.746730] [INFO] Подключение к базе данных: C:\Users\Vaan\Desktop\qkd_encryption_system\server_user_2\databases\user_2_db.db
[2025-11-27T23:50:00.574301] [INFO] Подключение к базе данных: C:\Users\Vaan\Desktop\qkd_encryption_system\server_user_1\databases\user_1_db.db
[2025-11-27T23:50:01.766188] [INFO] Подключение к базе данных: C:\Users\Vaan\Desktop\qkd_encryption_system\server_user_2\databases\user_2_db.db
[2025-11-27T23:50:03.578059] [INFO] Подключение к базе данных: C:\Users\Vaan\Desktop\qkd_encryption_system\server_user_1\databases\user_1_db.db
[2025-11-27T23:50:06.586270] [INFO] Подключение к базе данных: C:\Users\Vaan\Desktop\qkd_encryption_system\server_user_1\databases\user_1_db.db
[2025-11-27T23:50:09.570962] [INFO] Подключение к базе данных: C:\Users\Vaan\Desktop\qkd_encryption_system\server_user_1\databases\user_1_db.db
[2025-11-27T23:50:11.582888] [INFO] Подключение к базе данных: C:\Users\Vaan\Desktop\qkd_encryption_system\server_user_2\databases\user_2_db.db
[2025-11-27T23:50:12.578303] [INFO] Подключение к базе данных: C:\Users\Vaan\Desktop\qkd_encryption_system\server_user_1\databases\user_1_db.db
[2025-11-27T23:50:15.572463] [INFO] Подключение к базе данных: C:\Users\Vaan\Desktop\qkd_encryption_system\server_user_1\databases\user_1_db.db
[2025-11-27T23:50:16.574341] [INFO] Подключение к базе данных: C:\Users\Vaan\Desktop\qkd_encryption_system\server_user_2\databases\user_2_db.db
[2025-11-27T23:50:18.571146] [INFO] Подключение к базе данных: C:\Users\Vaan\Desktop\qkd_encryption_system\server_user_1\databases\user_1_db.db
[2025-11-27T23:50:21.573214] [INFO] Подключение к базе данных: C:\Users\Vaan\Desktop\qkd_encryption_system\server_user_2\databases\user_2_db.db
[2025-11-27T23:50:21.574213] [INFO] Подключение к базе данных: C:\Users\Vaan\Desktop\qkd_encryption_system\server_user_1\databases\user_1_db.db
[2025-11-27T23:50:24.579921] [INFO] Подключение к базе данных: C:\Users\Vaan\Desktop\qkd_encryption_system\server_user_1\databases\user_1_db.db
[2025-11-27T23:50:26.577797] [INFO] Подключение к базе данных: C:\Users\Vaan\Desktop\qkd_encryption_system\server_user_2\databases\user_2_db.db
[2025-11-27T23:50:27.585060] [INFO] Подключение к базе данных: C:\Users\Vaan\Desktop\qkd_encryption_system\server_user_1\databases\user_1_db.db
[2025-11-27T23:50:30.582265] [INFO] Подключение к базе данных: C:\Users\Vaan\Desktop\qkd_encryption_system\server_user_1\databases\user_1_db.db
[2025-11-27T23:50:31.575689] [INFO] Подключение к базе данных: C:\Users\Vaan\Desktop\qkd_encryption_system\server_user_2\databases\user_2_db.db
[2025-11-27T23:50:33.573986] [INFO] Подключение к базе данных: C:\Users\Vaan\Desktop\qkd_encryption_system\server_user_1\databases\user_1_db.db
[2025-11-27T23:50:36.582872] [INFO] Подключение к базе данных: C:\Users\Vaan\Desktop\qkd_encryption_system\server_user_2\databases\user_2_db.db
[2025-11-27T23:50:36.582872] [INFO] Подключение к базе данных: C:\Users\Vaan\Desktop\qkd_encryption_system\server_user_1\databases\user_1_db.db
[2025-11-27T23:50:39.582000] [INFO] Подключение к базе данных: C:\Users\Vaan\Desktop\qkd_encryption_system\server_user_1\databases\user_1_db.db
[2025-11-27T23:50:41.577959] [INFO] Подключение к базе данных: C:\Users\Vaan\Desktop\qkd_encryption_system\server_user_2\databases\user_2_db.db
[2025-11-27T23:50:42.584077] [INFO] Подключение к базе данных: C:\Users\Vaan\Desktop\qkd_encryption_system\server_user_1\databases\user_1_db.db
[2025-11-27T23:50:45.576614] [INFO] Подключение к базе данных: C:\Users\Vaan\Desktop\qkd_encryption_system\server_user_1\databases\user_1_db.db
[2025-11-27T23:50:46.575789] [INFO] Подключение к базе данных: C:\Users\Vaan\Desktop\qkd_encryption_system\server_user_2\databases\user_2_db.db
[2025-11-27T23:50:48.575616] [INFO] Подключение к базе данных: C:\Users\Vaan\Desktop\qkd_encryption_system\server_user_1\databases\user_1_db.db
[2025-11-27T23:50:51.572660] [INFO] Подключение к базе данных: C:\Users\Vaan\Desktop\qkd_encryption_system\server_user_1\databases\user_1_db.db
[2025-11-27T23:50:51.572660] [INFO] Подключение к базе данных: C:\Users\Vaan\Desktop\qkd_encryption_system\server_user_2\databases\user_2_db.db
[2025-11-27T23:50:56.576577] [INFO] Подключение к базе данных: C:\Users\Vaan\Desktop\qkd_encryption_system\server_user_2\databases\user_2_db.db
[2025-11-27T23:51:01.580674] [INFO] Подключение к базе данных: C:\Users\Vaan\Desktop\qkd_encryption_system\server_user_2\databases\user_2_db.db
[2025-11-27T23:51:06.581460] [INFO] Подключение к базе данных: C:\Users\Vaan\Desktop\qkd_encryption_system\server_user_2\databases\user_2_db.db
[2025-11-27T23:51:11.570685] [INFO] Подключение к базе данных: C:\Users\Vaan\Desktop\qkd_encryption_system\server_user_2\databases\user_2_db.db
[2025-11-27T23:51:16.612233] [INFO] Подключение к базе данных: C:\Users\Vaan\Desktop\qkd_encryption_system\server_user_2\databases\user_2_db.db
[2025-11-27T23:51:21.579690] [INFO] Подключение к базе данных: C:\Users\Vaan\Desktop\qkd_encryption_system\server_user_2\databases\user_2_db.db
[2025-11-27T23:51:26.575558] [INFO] Подключение к базе данных: C:\Users\Vaan\Desktop\qkd_encryption_system\server_user_2\databases\user_2_db.db
[2025-11-27T23:51:31.587769] [INFO] Подключение к базе данных: C:\Users\Vaan\Desktop\qkd_encryption_system\server_user_2\databases\user_2_db.db
[2025-11-27T23:51:36.586016] [INFO] Подключение к базе данных: C:\Users\Vaan\Desktop\qkd_encryption_system\server_user_2\databases\user_2_db.db
[2025-11-27T23:51:41.576046] [INFO] Подключение к базе данных: C:\Users\Vaan\Desktop\qkd_encryption_system\server_user_2\databases\user_2_db.db
[2025-11-27T23:51:46.585362] [INFO] Подключение к базе данных: C:\Users\Vaan\Desktop\qkd_encryption_system\server_user_2\databases\user_2_db.db
[2025-11-27T23:51:51.574994] [INFO] Подключение к базе данных: C:\Users\Vaan\Desktop\qkd_encryption_system\server_user_2\databases\user_2_db.db
[2025-11-27T23:51:52.584261] [INFO] Подключение к базе данных: C:\Users\Vaan\Desktop\qkd_encryption_system\server_user_1\databases\user_1_db.db
[2025-11-27T23:51:56.580041] [INFO] Подключение к базе данных: C:\Users\Vaan\Desktop\qkd_encryption_system\server_user_2\databases\user_2_db.db
[2025-11-27T23:52:07.215956] [INFO] Подключение к базе данных: C:\Users\Vaan\Desktop\qkd_encryption_system\server_user_2\databases\user_2_db.db
[2025-11-27T23:52:07.216953] [INFO] Подключение к базе данных: C:\Users\Vaan\Desktop\qkd_encryption_system\server_user_2\databases\user_2_db.db
[2025-11-27T23:52:07.216953] [INFO] Подключение к базе данных: C:\Users\Vaan\Desktop\qkd_encryption_system\server_user_2\databases\user_2_db.db
[2025-11-27T23:52:07.216953] [INFO] Подключение к базе данных: C:\Users\Vaan\Desktop\qkd_encryption_system\server_user_2\databases\user_2_db.db
[2025-11-27T23:52:07.217951] [INFO] Подключение к базе данных: C:\Users\Vaan\Desktop\qkd_encryption_system\server_user_2\databases\user_2_db.db
[2025-11-27T23:52:07.218948] [INFO] Подключение к базе данных: C:\Users\Vaan\Desktop\qkd_encryption_system\server_user_2\databases\user_2_db.db
[2025-11-27T23:52:07.219945] [INFO] Подключение к базе данных: C:\Users\Vaan\Desktop\qkd_encryption_system\server_user_2\databases\user_2_db.db
[2025-11-27T23:52:07.361566] [INFO] Подключение к базе данных: C:\Users\Vaan\Desktop\qkd_encryption_system\server_user_1\databases\user_1_db.db
[2025-11-27T23:52:07.361566] [INFO] Подключение к базе данных: C:\Users\Vaan\Desktop\qkd_encryption_system\server_user_1\databases\user_1_db.db
[2025-11-27T23:52:07.362564] [INFO] Подключение к базе данных: C:\Users\Vaan\Desktop\qkd_encryption_system\server_user_1\databases\user_1_db.db
[2025-11-27T23:52:07.362564] [INFO] Подключение к базе данных: C:\Users\Vaan\Desktop\qkd_encryption_system\server_user_1\databases\user_1_db.db
[2025-11-27T23:52:07.362564] [INFO] Подключение к базе данных: C:\Users\Vaan\Desktop\qkd_encryption_system\server_user_1\databases\user_1_db.db
[2025-11-27T23:52:07.363561] [INFO] Подключение к базе данных: C:\Users\Vaan\Desktop\qkd_encryption_system\server_user_1\databases\user_1_db.db
[2025-11-27T23:52:07.364559] [INFO] Подключение к базе данных: C:\Users\Vaan\Desktop\qkd_encryption_system\server_user_1\databases\user_1_db.db
[2025-11-27T23:52:08.876522] [INFO] Подключение к базе данных: C:\Users\Vaan\Desktop\qkd_encryption_system\server_user_2\databases\user_2_db.db
[2025-11-27T23:52:08.876522] [INFO] Подключение к базе данных: C:\Users\Vaan\Desktop\qkd_encryption_system\server_user_2\databases\user_2_db.db
[2025-11-27T23:52:08.876522] [INFO] Подключение к базе данных: C:\Users\Vaan\Desktop\qkd_encryption_system\server_user_2\databases\user_2_db.db
[2025-11-27T23:52:08.877520] [INFO] Подключение к базе данных: C:\Users\Vaan\Desktop\qkd_encryption_system\server_user_2\databases\user_2_db.db
[2025-11-27T23:52:08.877520] [INFO] Подключение к базе данных: C:\Users\Vaan\Desktop\qkd_encryption_system\server_user_2\databases\user_2_db.db
[2025-11-27T23:52:08.878517] [INFO] Подключение к базе данных: C:\Users\Vaan\Desktop\qkd_encryption_system\server_user_2\databases\user_2_db.db
[2025-11-27T23:52:08.878517] [INFO] Подключение к базе данных: C:\Users\Vaan\Desktop\qkd_encryption_system\server_user_2\databases\user_2_db.db
[2025-11-27T23:52:08.957118] [INFO] Подключение к базе данных: C:\Users\Vaan\Desktop\qkd_encryption_system\server_user_1\databases\user_1_db.db
[2025-11-27T23:52:08.958116] [INFO] Подключение к базе данных: C:\Users\Vaan\Desktop\qkd_encryption_system\server_user_1\databases\user_1_db.db
[2025-11-27T23:52:08.958116] [INFO] Подключение к базе данных: C:\Users\Vaan\Desktop\qkd_encryption_system\server_user_1\databases\user_1_db.db
[2025-11-27T23:52:08.958116] [INFO] Подключение к базе данных: C:\Users\Vaan\Desktop\qkd_encryption_system\server_user_1\databases\user_1_db.db
[2025-11-27T23:52:08.959114] [INFO] Подключение к базе данных: C:\Users\Vaan\Desktop\qkd_encryption_system\server_user_1\databases\user_1_db.db
[2025-11-27T23:52:08.960111] [INFO] Подключение к базе данных: C:\Users\Vaan\Desktop\qkd_encryption_system\server_user_1\databases\user_1_db.db
[2025-11-27T23:52:08.960111] [INFO] Подключение к базе данных: C:\Users\Vaan\Desktop\qkd_encryption_system\server_user_1\databases\user_1_db.db
[2025-11-27T23:52:19.611147] [INFO] Подключение к базе данных: C:\Users\Vaan\Desktop\qkd_encryption_system\server_user_2\databases\user_2_db.db
[2025-11-27T23:52:19.612147] [INFO] Подключение к базе данных: C:\Users\Vaan\Desktop\qkd_encryption_system\server_user_2\databases\user_2_db.db
[2025-11-27T23:52:19.613145] [INFO] Подключение к базе данных: C:\Users\Vaan\Desktop\qkd_encryption_system\server_user_2\databases\user_2_db.db
[2025-11-27T23:52:19.616138] [INFO] Подключение к базе данных: C:\Users\Vaan\Desktop\qkd_encryption_system\server_user_2\databases\user_2_db.db
[2025-11-27T23:52:19.617130] [INFO] Подключение к базе данных: C:\Users\Vaan\Desktop\qkd_encryption_system\server_user_2\databases\user_2_db.db
[2025-11-27T23:52:19.619127] [INFO] Подключение к базе данных: C:\Users\Vaan\Desktop\qkd_encryption_system\server_user_2\databases\user_2_db.db
[2025-11-27T23:52:19.619127] [INFO] Подключение к базе данных: C:\Users\Vaan\Desktop\qkd_encryption_system\server_user_2\databases\user_2_db.db
[2025-11-27T23:52:19.717875] [INFO] Подключение к базе данных: C:\Users\Vaan\Desktop\qkd_encryption_system\server_user_1\databases\user_1_db.db
[2025-11-27T23:52:19.718859] [INFO] Подключение к базе данных: C:\Users\Vaan\Desktop\qkd_encryption_system\server_user_1\databases\user_1_db.db
[2025-11-27T23:52:19.718859] [INFO] Подключение к базе данных: C:\Users\Vaan\Desktop\qkd_encryption_system\server_user_1\databases\user_1_db.db
[2025-11-27T23:52:19.719856] [INFO] Подключение к базе данных: C:\Users\Vaan\Desktop\qkd_encryption_system\server_user_1\databases\user_1_db.db
[2025-11-27T23:52:19.719856] [INFO] Подключение к базе данных: C:\Users\Vaan\Desktop\qkd_encryption_system\server_user_1\databases\user_1_db.db
[2025-11-27T23:52:19.721851] [INFO] Подключение к базе данных: C:\Users\Vaan\Desktop\qkd_encryption_system\server_user_1\databases\user_1_db.db
[2025-11-27T23:52:19.721851] [INFO] Подключение к базе данных: C:\Users\Vaan\Desktop\qkd_encryption_system\server_user_1\databases\user_1_db.db
[2025-11-27T23:52:22.317501] [INFO] Подключение к базе данных: C:\Users\Vaan\Desktop\qkd_encryption_system\server_user_1\databases\user_1_db.db
[2025-11-27T23:52:22.317501] [INFO] Подключение к базе данных: C:\Users\Vaan\Desktop\qkd_encryption_system\server_user_1\databases\user_1_db.db
[2025-11-27T23:52:22.318497] [INFO] Подключение к базе данных: C:\Users\Vaan\Desktop\qkd_encryption_system\server_user_1\databases\user_1_db.db
[2025-11-27T23:52:22.318497] [INFO] Подключение к базе данных: C:\Users\Vaan\Desktop\qkd_encryption_system\server_user_1\databases\user_1_db.db
[2025-11-27T23:52:22.319495] [INFO] Подключение к базе данных: C:\Users\Vaan\Desktop\qkd_encryption_system\server_user_1\databases\user_1_db.db
[2025-11-27T23:52:22.320493] [INFO] Подключение к базе данных: C:\Users\Vaan\Desktop\qkd_encryption_system\server_user_1\databases\user_1_db.db
[2025-11-27T23:52:22.320493] [INFO] Подключение к базе данных: C:\Users\Vaan\Desktop\qkd_encryption_system\server_user_1\databases\user_1_db.db
[2025-11-27T23:52:23.192922] [INFO] Подключение к базе данных: C:\Users\Vaan\Desktop\qkd_encryption_system\server_user_2\databases\user_2_db.db
[2025-11-27T23:52:23.192922] [INFO] Подключение к базе данных: C:\Users\Vaan\Desktop\qkd_encryption_system\server_user_2\databases\user_2_db.db
[2025-11-27T23:52:23.193984] [INFO] Подключение к базе данных: C:\Users\Vaan\Desktop\qkd_encryption_system\server_user_2\databases\user_2_db.db
[2025-11-27T23:52:23.193984] [INFO] Подключение к базе данных: C:\Users\Vaan\Desktop\qkd_encryption_system\server_user_2\databases\user_2_db.db
[2025-11-27T23:52:23.195991] [INFO] Подключение к базе данных: C:\Users\Vaan\Desktop\qkd_encryption_system\server_user_2\databases\user_2_db.db
[2025-11-27T23:52:23.196979] [INFO] Подключение к базе данных: C:\Users\Vaan\Desktop\qkd_encryption_system\server_user_2\databases\user_2_db.db
[2025-11-27T23:52:23.197980] [INFO] Подключение к базе данных: C:\Users\Vaan\Desktop\qkd_encryption_system\server_user_2\databases\user_2_db.db
[2025-11-27T23:52:32.964429] [INFO] Подключение к базе данных: C:\Users\Vaan\Desktop\qkd_encryption_system\server_user_1\databases\user_1_db.db
[2025-11-27T23:52:32.964429] [INFO] Подключение к базе данных: C:\Users\Vaan\Desktop\qkd_encryption_system\server_user_1\databases\user_1_db.db
[2025-11-27T23:52:32.964429] [INFO] Подключение к базе данных: C:\Users\Vaan\Desktop\qkd_encryption_system\server_user_1\databases\user_1_db.db
[2025-11-27T23:52:32.965427] [INFO] Подключение к базе данных: C:\Users\Vaan\Desktop\qkd_encryption_system\server_user_1\databases\user_1_db.db
[2025-11-27T23:52:32.965427] [INFO] Подключение к базе данных: C:\Users\Vaan\Desktop\qkd_encryption_system\server_user_1\databases\user_1_db.db
[2025-11-27T23:52:32.966424] [INFO] Подключение к базе данных: C:\Users\Vaan\Desktop\qkd_encryption_system\server_user_1\databases\user_1_db.db
[2025-11-27T23:52:32.966424] [INFO] Подключение к базе данных: C:\Users\Vaan\Desktop\qkd_encryption_system\server_user_1\databases\user_1_db.db
[2025-11-27T23:52:33.922583] [INFO] Подключение к базе данных: C:\Users\Vaan\Desktop\qkd_encryption_system\server_user_2\databases\user_2_db.db
[2025-11-27T23:52:33.922583] [INFO] Подключение к базе данных: C:\Users\Vaan\Desktop\qkd_encryption_system\server_user_2\databases\user_2_db.db
[2025-11-27T23:52:33.923581] [INFO] Подключение к базе данных: C:\Users\Vaan\Desktop\qkd_encryption_system\server_user_2\databases\user_2_db.db
[2025-11-27T23:52:33.923581] [INFO] Подключение к базе данных: C:\Users\Vaan\Desktop\qkd_encryption_system\server_user_2\databases\user_2_db.db
[2025-11-27T23:52:33.923581] [INFO] Подключение к базе данных: C:\Users\Vaan\Desktop\qkd_encryption_system\server_user_2\databases\user_2_db.db
[2025-11-27T23:52:33.925618] [INFO] Подключение к базе данных: C:\Users\Vaan\Desktop\qkd_encryption_system\server_user_2\databases\user_2_db.db
[2025-11-27T23:52:33.925618] [INFO] Подключение к базе данных: C:\Users\Vaan\Desktop\qkd_encryption_system\server_user_2\databases\user_2_db.db
[2025-11-27T23:52:37.405813] [INFO] Подключение к базе данных: C:\Users\Vaan\Desktop\qkd_encryption_system\server_user_2\databases\user_2_db.db
[2025-11-27T23:52:37.406811] [INFO] Подключение к базе данных: C:\Users\Vaan\Desktop\qkd_encryption_system\server_user_2\databases\user_2_db.db
[2025-11-27T23:52:37.406811] [INFO] Подключение к базе данных: C:\Users\Vaan\Desktop\qkd_encryption_system\server_user_2\databases\user_2_db.db
[2025-11-27T23:52:37.406811] [INFO] Подключение к базе данных: C:\Users\Vaan\Desktop\qkd_encryption_system\server_user_2\databases\user_2_db.db
[2025-11-27T23:52:37.406811] [INFO] Подключение к базе данных: C:\Users\Vaan\Desktop\qkd_encryption_system\server_user_2\databases\user_2_db.db
[2025-11-27T23:52:37.408805] [INFO] Подключение к базе данных: C:\Users\Vaan\Desktop\qkd_encryption_system\server_user_2\databases\user_2_db.db
[2025-11-27T23:52:37.408805] [INFO] Подключение к базе данных: C:\Users\Vaan\Desktop\qkd_encryption_system\server_user_2\databases\user_2_db.db
[2025-11-27T23:52:37.445705] [INFO] Подключение к базе данных: C:\Users\Vaan\Desktop\qkd_encryption_system\server_user_1\databases\user_1_db.db
[2025-11-27T23:52:37.445705] [INFO] Подключение к базе данных: C:\Users\Vaan\Desktop\qkd_encryption_system\server_user_1\databases\user_1_db.db
[2025-11-27T23:52:37.446702] [INFO] Подключение к базе данных: C:\Users\Vaan\Desktop\qkd_encryption_system\server_user_1\databases\user_1_db.db
[2025-11-27T23:52:37.446702] [INFO] Подключение к базе данных: C:\Users\Vaan\Desktop\qkd_encryption_system\server_user_1\databases\user_1_db.db
[2025-11-27T23:52:37.446702] [INFO] Подключение к базе данных: C:\Users\Vaan\Desktop\qkd_encryption_system\server_user_1\databases\user_1_db.db
[2025-11-27T23:52:37.448698] [INFO] Подключение к базе данных: C:\Users\Vaan\Desktop\qkd_encryption_system\server_user_1\databases\user_1_db.db
[2025-11-27T23:52:37.448698] [INFO] Подключение к базе данных: C:\Users\Vaan\Desktop\qkd_encryption_system\server_user_1\databases\user_1_db.db
[2025-11-27T23:52:44.208694] [INFO] Подключение к базе данных: C:\Users\Vaan\Desktop\qkd_encryption_system\server_user_2\databases\user_2_db.db
[2025-11-27T23:52:44.210689] [INFO] Подключение к базе данных: C:\Users\Vaan\Desktop\qkd_encryption_system\server_user_2\databases\user_2_db.db
[2025-11-27T23:52:44.210689] [INFO] Подключение к базе данных: C:\Users\Vaan\Desktop\qkd_encryption_system\server_user_2\databases\user_2_db.db
[2025-11-27T23:52:44.211692] [INFO] Подключение к базе данных: C:\Users\Vaan\Desktop\qkd_encryption_system\server_user_2\databases\user_2_db.db
[2025-11-27T23:52:44.212689] [INFO] Подключение к базе данных: C:\Users\Vaan\Desktop\qkd_encryption_system\server_user_2\databases\user_2_db.db
[2025-11-27T23:52:44.215675] [INFO] Подключение к базе данных: C:\Users\Vaan\Desktop\qkd_encryption_system\server_user_2\databases\user_2_db.db
[2025-11-27T23:52:44.215675] [INFO] Подключение к базе данных: C:\Users\Vaan\Desktop\qkd_encryption_system\server_user_2\databases\user_2_db.db
[2025-11-27T23:52:44.240606] [INFO] Подключение к базе данных: C:\Users\Vaan\Desktop\qkd_encryption_system\server_user_1\databases\user_1_db.db
[2025-11-27T23:52:44.240606] [INFO] Подключение к базе данных: C:\Users\Vaan\Desktop\qkd_encryption_system\server_user_1\databases\user_1_db.db
[2025-11-27T23:52:44.240606] [INFO] Подключение к базе данных: C:\Users\Vaan\Desktop\qkd_encryption_system\server_user_1\databases\user_1_db.db
[2025-11-27T23:52:44.241604] [INFO] Подключение к базе данных: C:\Users\Vaan\Desktop\qkd_encryption_system\server_user_1\databases\user_1_db.db
[2025-11-27T23:52:44.243607] [INFO] Подключение к базе данных: C:\Users\Vaan\Desktop\qkd_encryption_system\server_user_1\databases\user_1_db.db
[2025-11-27T23:52:44.248594] [INFO] Подключение к базе данных: C:\Users\Vaan\Desktop\qkd_encryption_system\server_user_1\databases\user_1_db.db
[2025-11-27T23:52:44.248594] [INFO] Подключение к базе данных: C:\Users\Vaan\Desktop\qkd_encryption_system\server_user_1\databases\user_1_db.db
[2025-11-27T23:52:50.833547] [INFO] Подключение к базе данных: C:\Users\Vaan\Desktop\qkd_encryption_system\server_user_2\databases\user_2_db.db
[2025-11-27T23:52:50.833547] [INFO] Подключение к базе данных: C:\Users\Vaan\Desktop\qkd_encryption_system\server_user_2\databases\user_2_db.db
[2025-11-27T23:52:50.834544] [INFO] Подключение к базе данных: C:\Users\Vaan\Desktop\qkd_encryption_system\server_user_2\databases\user_2_db.db
[2025-11-27T23:52:50.834544] [INFO] Подключение к базе данных: C:\Users\Vaan\Desktop\qkd_encryption_system\server_user_2\databases\user_2_db.db
[2025-11-27T23:52:50.834544] [INFO] Подключение к базе данных: C:\Users\Vaan\Desktop\qkd_encryption_system\server_user_2\databases\user_2_db.db
[2025-11-27T23:52:50.836539] [INFO] Подключение к базе данных: C:\Users\Vaan\Desktop\qkd_encryption_system\server_user_2\databases\user_2_db.db
[2025-11-27T23:52:50.836539] [INFO] Подключение к базе данных: C:\Users\Vaan\Desktop\qkd_encryption_system\server_user_2\databases\user_2_db.db
[2025-11-27T23:52:50.865461] [INFO] Подключение к базе данных: C:\Users\Vaan\Desktop\qkd_encryption_system\server_user_1\databases\user_1_db.db
[2025-11-27T23:52:50.865461] [INFO] Подключение к базе данных: C:\Users\Vaan\Desktop\qkd_encryption_system\server_user_1\databases\user_1_db.db
[2025-11-27T23:52:50.865461] [INFO] Подключение к базе данных: C:\Users\Vaan\Desktop\qkd_encryption_system\server_user_1\databases\user_1_db.db
[2025-11-27T23:52:50.866457] [INFO] Подключение к базе данных: C:\Users\Vaan\Desktop\qkd_encryption_system\server_user_1\databases\user_1_db.db
[2025-11-27T23:52:50.866457] [INFO] Подключение к базе данных: C:\Users\Vaan\Desktop\qkd_encryption_system\server_user_1\databases\user_1_db.db
[2025-11-27T23:52:50.867456] [INFO] Подключение к базе данных: C:\Users\Vaan\Desktop\qkd_encryption_system\server_user_1\databases\user_1_db.db
[2025-11-27T23:52:50.868452] [INFO] Подключение к базе данных: C:\Users\Vaan\Desktop\qkd_encryption_system\server_user_1\databases\user_1_db.db
[2025-11-27T23:52:53.591200] [INFO] Подключение к базе данных: C:\Users\Vaan\Desktop\qkd_encryption_system\server_user_1\databases\user_1_db.db
[2025-11-27T23:52:53.593184] [INFO] DEBUG: Получение тестовых сообщений для пользователя: Max
[2025-11-27T23:52:53.594182] [INFO] Подключение к базе данных: C:\Users\Vaan\Desktop\qkd_encryption_system\server_user_2\databases\user_2_db.db
[2025-11-27T23:52:53.599167] [INFO] DEBUG: Найдено сообщений в БД: 0
[2025-11-27T23:52:53.599167] [INFO] DEBUG: Возвращено сообщений: 0
[2025-11-27T23:53:11.692159] [INFO] Подключение к базе данных: C:\Users\Vaan\Desktop\qkd_encryption_system\server_user_2\databases\user_2_db.db
[2025-11-27T23:53:11.694160] [INFO] Подключение к базе данных: C:\Users\Vaan\Desktop\qkd_encryption_system\server_user_2\databases\user_2_db.db
[2025-11-27T23:53:11.695150] [INFO] Подключение к базе данных: C:\Users\Vaan\Desktop\qkd_encryption_system\server_user_2\databases\user_2_db.db
[2025-11-27T23:53:11.695150] [INFO] Подключение к базе данных: C:\Users\Vaan\Desktop\qkd_encryption_system\server_user_2\databases\user_2_db.db
[2025-11-27T23:53:11.696146] [INFO] Подключение к базе данных: C:\Users\Vaan\Desktop\qkd_encryption_system\server_user_2\databases\user_2_db.db
[2025-11-27T23:53:11.698140] [INFO] Подключение к базе данных: C:\Users\Vaan\Desktop\qkd_encryption_system\server_user_2\databases\user_2_db.db
[2025-11-27T23:53:11.698140] [INFO] Подключение к базе данных: C:\Users\Vaan\Desktop\qkd_encryption_system\server_user_2\databases\user_2_db.db
[2025-11-27T23:53:11.702130] [INFO] Подключение к базе данных: C:\Users\Vaan\Desktop\qkd_encryption_system\server_user_1\databases\user_1_db.db
[2025-11-27T23:53:11.703128] [INFO] Подключение к базе данных: C:\Users\Vaan\Desktop\qkd_encryption_system\server_user_1\databases\user_1_db.db
[2025-11-27T23:53:11.703128] [INFO] Подключение к базе данных: C:\Users\Vaan\Desktop\qkd_encryption_system\server_user_1\databases\user_1_db.db
[2025-11-27T23:53:11.704124] [INFO] Подключение к базе данных: C:\Users\Vaan\Desktop\qkd_encryption_system\server_user_1\databases\user_1_db.db
[2025-11-27T23:53:11.704124] [INFO] Подключение к базе данных: C:\Users\Vaan\Desktop\qkd_encryption_system\server_user_1\databases\user_1_db.db
[2025-11-27T23:53:11.707117] [INFO] Подключение к базе данных: C:\Users\Vaan\Desktop\qkd_encryption_system\server_user_1\databases\user_1_db.db
[2025-11-27T23:53:11.708116] [INFO] Подключение к базе данных: C:\Users\Vaan\Desktop\qkd_encryption_system\server_user_1\databases\user_1_db.db
[2025-11-27T23:53:14.521413] [INFO] Подключение к базе данных: C:\Users\Vaan\Desktop\qkd_encryption_system\server_user_1\databases\user_1_db.db
[2025-11-27T23:53:14.523480] [INFO] Подключение к базе данных: C:\Users\Vaan\Desktop\qkd_encryption_system\server_user_1\databases\user_1_db.db
[2025-11-27T23:53:14.525405] [INFO] Подключение к базе данных: C:\Users\Vaan\Desktop\qkd_encryption_system\server_user_1\databases\user_1_db.db
[2025-11-27T23:53:14.526406] [INFO] Подключение к базе данных: C:\Users\Vaan\Desktop\qkd_encryption_system\server_user_1\databases\user_1_db.db
[2025-11-27T23:53:14.528395] [INFO] Подключение к базе данных: C:\Users\Vaan\Desktop\qkd_encryption_system\server_user_1\databases\user_1_db.db
[2025-11-27T23:53:14.529389] [INFO] Подключение к базе данных: C:\Users\Vaan\Desktop\qkd_encryption_system\server_user_1\databases\user_1_db.db
[2025-11-27T23:53:14.529389] [INFO] Подключение к базе данных: C:\Users\Vaan\Desktop\qkd_encryption_system\server_user_1\databases\user_1_db.db
[2025-11-27T23:53:14.532381] [INFO] Подключение к базе данных: C:\Users\Vaan\Desktop\qkd_encryption_system\server_user_2\databases\user_2_db.db
[2025-11-27T23:53:14.533378] [INFO] Подключение к базе данных: C:\Users\Vaan\Desktop\qkd_encryption_system\server_user_2\databases\user_2_db.db
[2025-11-27T23:53:14.533378] [INFO] Подключение к базе данных: C:\Users\Vaan\Desktop\qkd_encryption_system\server_user_2\databases\user_2_db.db
[2025-11-27T23:53:14.533378] [INFO] Подключение к базе данных: C:\Users\Vaan\Desktop\qkd_encryption_system\server_user_2\databases\user_2_db.db
[2025-11-27T23:53:14.534376] [INFO] Подключение к базе данных: C:\Users\Vaan\Desktop\qkd_encryption_system\server_user_2\databases\user_2_db.db
[2025-11-27T23:53:14.535374] [INFO] Подключение к базе данных: C:\Users\Vaan\Desktop\qkd_encryption_system\server_user_2\databases\user_2_db.db
[2025-11-27T23:53:14.536371] [INFO] Подключение к базе данных: C:\Users\Vaan\Desktop\qkd_encryption_system\server_user_2\databases\user_2_db.db
[2025-11-27T23:53:25.188063] [INFO] Подключение к базе данных: C:\Users\Vaan\Desktop\qkd_encryption_system\server_user_1\databases\user_1_db.db
[2025-11-27T23:53:25.189052] [INFO] Подключение к базе данных: C:\Users\Vaan\Desktop\qkd_encryption_system\server_user_1\databases\user_1_db.db
[2025-11-27T23:53:25.190058] [INFO] Подключение к базе данных: C:\Users\Vaan\Desktop\qkd_encryption_system\server_user_1\databases\user_1_db.db
[2025-11-27T23:53:25.192046] [INFO] Подключение к базе данных: C:\Users\Vaan\Desktop\qkd_encryption_system\server_user_1\databases\user_1_db.db
[2025-11-27T23:53:25.193045] [INFO] Подключение к базе данных: C:\Users\Vaan\Desktop\qkd_encryption_system\server_user_1\databases\user_1_db.db
[2025-11-27T23:53:25.195033] [INFO] Подключение к базе данных: C:\Users\Vaan\Desktop\qkd_encryption_system\server_user_1\databases\user_1_db.db
[2025-11-27T23:53:25.195033] [INFO] Подключение к базе данных: C:\Users\Vaan\Desktop\qkd_encryption_system\server_user_1\databases\user_1_db.db
[2025-11-27T23:53:25.225949] [INFO] Подключение к базе данных: C:\Users\Vaan\Desktop\qkd_encryption_system\server_user_2\databases\user_2_db.db
[2025-11-27T23:53:25.225949] [INFO] Подключение к базе данных: C:\Users\Vaan\Desktop\qkd_encryption_system\server_user_2\databases\user_2_db.db
[2025-11-27T23:53:25.225949] [INFO] Подключение к базе данных: C:\Users\Vaan\Desktop\qkd_encryption_system\server_user_2\databases\user_2_db.db
[2025-11-27T23:53:25.226946] [INFO] Подключение к базе данных: C:\Users\Vaan\Desktop\qkd_encryption_system\server_user_2\databases\user_2_db.db
[2025-11-27T23:53:25.226946] [INFO] Подключение к базе данных: C:\Users\Vaan\Desktop\qkd_encryption_system\server_user_2\databases\user_2_db.db
[2025-11-27T23:53:25.228943] [INFO] Подключение к базе данных: C:\Users\Vaan\Desktop\qkd_encryption_system\server_user_2\databases\user_2_db.db
[2025-11-27T23:53:25.229940] [INFO] Подключение к базе данных: C:\Users\Vaan\Desktop\qkd_encryption_system\server_user_2\databases\user_2_db.db
[2025-11-27T23:53:27.808408] [INFO] Подключение к базе данных: C:\Users\Vaan\Desktop\qkd_encryption_system\server_user_1\databases\user_1_db.db
[2025-11-27T23:53:27.809402] [INFO] Подключение к базе данных: C:\Users\Vaan\Desktop\qkd_encryption_system\server_user_1\databases\user_1_db.db
[2025-11-27T23:53:27.809402] [INFO] Подключение к базе данных: C:\Users\Vaan\Desktop\qkd_encryption_system\server_user_1\databases\user_1_db.db
[2025-11-27T23:53:27.810395] [INFO] Подключение к базе данных: C:\Users\Vaan\Desktop\qkd_encryption_system\server_user_1\databases\user_1_db.db
[2025-11-27T23:53:27.810395] [INFO] Подключение к базе данных: C:\Users\Vaan\Desktop\qkd_encryption_system\server_user_1\databases\user_1_db.db
[2025-11-27T23:53:27.811392] [INFO] Подключение к базе данных: C:\Users\Vaan\Desktop\qkd_encryption_system\server_user_1\databases\user_1_db.db
[2025-11-27T23:53:27.812389] [INFO] Подключение к базе данных: C:\Users\Vaan\Desktop\qkd_encryption_system\server_user_1\databases\user_1_db.db
[2025-11-27T23:53:27.883199] [INFO] Подключение к базе данных: C:\Users\Vaan\Desktop\qkd_encryption_system\server_user_2\databases\user_2_db.db
[2025-11-27T23:53:27.884196] [INFO] Подключение к базе данных: C:\Users\Vaan\Desktop\qkd_encryption_system\server_user_2\databases\user_2_db.db
[2025-11-27T23:53:27.884196] [INFO] Подключение к базе данных: C:\Users\Vaan\Desktop\qkd_encryption_system\server_user_2\databases\user_2_db.db
[2025-11-27T23:53:27.884196] [INFO] Подключение к базе данных: C:\Users\Vaan\Desktop\qkd_encryption_system\server_user_2\databases\user_2_db.db
[2025-11-27T23:53:27.885194] [INFO] Подключение к базе данных: C:\Users\Vaan\Desktop\qkd_encryption_system\server_user_2\databases\user_2_db.db
[2025-11-27T23:53:27.887200] [INFO] Подключение к базе данных: C:\Users\Vaan\Desktop\qkd_encryption_system\server_user_2\databases\user_2_db.db
[2025-11-27T23:53:27.888189] [INFO] Подключение к базе данных: C:\Users\Vaan\Desktop\qkd_encryption_system\server_user_2\databases\user_2_db.db
[2025-11-27T23:53:38.420841] [INFO] Подключение к базе данных: C:\Users\Vaan\Desktop\qkd_encryption_system\server_user_1\databases\user_1_db.db
[2025-11-27T23:53:38.420841] [INFO] Подключение к базе данных: C:\Users\Vaan\Desktop\qkd_encryption_system\server_user_1\databases\user_1_db.db
[2025-11-27T23:53:38.421838] [INFO] Подключение к базе данных: C:\Users\Vaan\Desktop\qkd_encryption_system\server_user_1\databases\user_1_db.db
[2025-11-27T23:53:38.421838] [INFO] Подключение к базе данных: C:\Users\Vaan\Desktop\qkd_encryption_system\server_user_1\databases\user_1_db.db
[2025-11-27T23:53:38.421838] [INFO] Подключение к базе данных: C:\Users\Vaan\Desktop\qkd_encryption_system\server_user_1\databases\user_1_db.db
[2025-11-27T23:53:38.422835] [INFO] Подключение к базе данных: C:\Users\Vaan\Desktop\qkd_encryption_system\server_user_1\databases\user_1_db.db
[2025-11-27T23:53:38.423833] [INFO] Подключение к базе данных: C:\Users\Vaan\Desktop\qkd_encryption_system\server_user_1\databases\user_1_db.db
[2025-11-27T23:53:38.489657] [INFO] Подключение к базе данных: C:\Users\Vaan\Desktop\qkd_encryption_system\server_user_2\databases\user_2_db.db
[2025-11-27T23:53:38.490654] [INFO] Подключение к базе данных: C:\Users\Vaan\Desktop\qkd_encryption_system\server_user_2\databases\user_2_db.db
[2025-11-27T23:53:38.490654] [INFO] Подключение к базе данных: C:\Users\Vaan\Desktop\qkd_encryption_system\server_user_2\databases\user_2_db.db
[2025-11-27T23:53:38.490654] [INFO] Подключение к базе данных: C:\Users\Vaan\Desktop\qkd_encryption_system\server_user_2\databases\user_2_db.db
[2025-11-27T23:53:38.491651] [INFO] Подключение к базе данных: C:\Users\Vaan\Desktop\qkd_encryption_system\server_user_2\databases\user_2_db.db
[2025-11-27T23:53:38.492649] [INFO] Подключение к базе данных: C:\Users\Vaan\Desktop\qkd_encryption_system\server_user_2\databases\user_2_db.db
[2025-11-27T23:53:38.492649] [INFO] Подключение к базе данных: C:\Users\Vaan\Desktop\qkd_encryption_system\server_user_2\databases\user_2_db.db
[2025-11-27T23:53:42.931886] [INFO] Подключение к базе данных: C:\Users\Vaan\Desktop\qkd_encryption_system\server_user_1\databases\user_1_db.db
[2025-11-27T23:53:42.932882] [INFO] Подключение к базе данных: C:\Users\Vaan\Desktop\qkd_encryption_system\server_user_1\databases\user_1_db.db
[2025-11-27T23:53:42.932882] [INFO] Подключение к базе данных: C:\Users\Vaan\Desktop\qkd_encryption_system\server_user_1\databases\user_1_db.db
[2025-11-27T23:53:42.932882] [INFO] Подключение к базе данных: C:\Users\Vaan\Desktop\qkd_encryption_system\server_user_1\databases\user_1_db.db
[2025-11-27T23:53:42.933879] [INFO] Подключение к базе данных: C:\Users\Vaan\Desktop\qkd_encryption_system\server_user_1\databases\user_1_db.db
[2025-11-27T23:53:42.935874] [INFO] Подключение к базе данных: C:\Users\Vaan\Desktop\qkd_encryption_system\server_user_1\databases\user_1_db.db
[2025-11-27T23:53:42.936873] [INFO] Подключение к базе данных: C:\Users\Vaan\Desktop\qkd_encryption_system\server_user_1\databases\user_1_db.db
[2025-11-27T23:53:43.026630] [INFO] Подключение к базе данных: C:\Users\Vaan\Desktop\qkd_encryption_system\server_user_2\databases\user_2_db.db
[2025-11-27T23:53:43.027627] [INFO] Подключение к базе данных: C:\Users\Vaan\Desktop\qkd_encryption_system\server_user_2\databases\user_2_db.db
[2025-11-27T23:53:43.027627] [INFO] Подключение к базе данных: C:\Users\Vaan\Desktop\qkd_encryption_system\server_user_2\databases\user_2_db.db
[2025-11-27T23:53:43.027627] [INFO] Подключение к базе данных: C:\Users\Vaan\Desktop\qkd_encryption_system\server_user_2\databases\user_2_db.db
[2025-11-27T23:53:43.028624] [INFO] Подключение к базе данных: C:\Users\Vaan\Desktop\qkd_encryption_system\server_user_2\databases\user_2_db.db
[2025-11-27T23:53:43.029622] [INFO] Подключение к базе данных: C:\Users\Vaan\Desktop\qkd_encryption_system\server_user_2\databases\user_2_db.db
[2025-11-27T23:53:43.029622] [INFO] Подключение к базе данных: C:\Users\Vaan\Desktop\qkd_encryption_system\server_user_2\databases\user_2_db.db
[2025-11-27T23:53:51.612749] [INFO] Подключение к базе данных: C:\Users\Vaan\Desktop\qkd_encryption_system\server_user_1\databases\user_1_db.db
[2025-11-27T23:53:51.612749] [INFO] Подключение к базе данных: C:\Users\Vaan\Desktop\qkd_encryption_system\server_user_1\databases\user_1_db.db
[2025-11-27T23:53:51.613745] [INFO] Подключение к базе данных: C:\Users\Vaan\Desktop\qkd_encryption_system\server_user_1\databases\user_1_db.db
[2025-11-27T23:53:51.613745] [INFO] Подключение к базе данных: C:\Users\Vaan\Desktop\qkd_encryption_system\server_user_1\databases\user_1_db.db
[2025-11-27T23:53:51.614743] [INFO] Подключение к базе данных: C:\Users\Vaan\Desktop\qkd_encryption_system\server_user_1\databases\user_1_db.db
[2025-11-27T23:53:51.616739] [INFO] Подключение к базе данных: C:\Users\Vaan\Desktop\qkd_encryption_system\server_user_1\databases\user_1_db.db
[2025-11-27T23:53:51.618734] [INFO] Подключение к базе данных: C:\Users\Vaan\Desktop\qkd_encryption_system\server_user_1\databases\user_1_db.db
[2025-11-27T23:53:51.746048] [INFO] Подключение к базе данных: C:\Users\Vaan\Desktop\qkd_encryption_system\server_user_2\databases\user_2_db.db
[2025-11-27T23:53:51.747044] [INFO] Подключение к базе данных: C:\Users\Vaan\Desktop\qkd_encryption_system\server_user_2\databases\user_2_db.db
[2025-11-27T23:53:51.747044] [INFO] Подключение к базе данных: C:\Users\Vaan\Desktop\qkd_encryption_system\server_user_2\databases\user_2_db.db
[2025-11-27T23:53:51.748041] [INFO] Подключение к базе данных: C:\Users\Vaan\Desktop\qkd_encryption_system\server_user_2\databases\user_2_db.db
[2025-11-27T23:53:51.748041] [INFO] Подключение к базе данных: C:\Users\Vaan\Desktop\qkd_encryption_system\server_user_2\databases\user_2_db.db
[2025-11-27T23:53:51.751039] [INFO] Подключение к базе данных: C:\Users\Vaan\Desktop\qkd_encryption_system\server_user_2\databases\user_2_db.db
[2025-11-27T23:53:51.752033] [INFO] Подключение к базе данных: C:\Users\Vaan\Desktop\qkd_encryption_system\server_user_2\databases\user_2_db.db
[2025-11-27T23:53:53.256223] [INFO] Подключение к базе данных: C:\Users\Vaan\Desktop\qkd_encryption_system\server_user_1\databases\user_1_db.db
[2025-11-27T23:53:53.256223] [INFO] Подключение к базе данных: C:\Users\Vaan\Desktop\qkd_encryption_system\server_user_1\databases\user_1_db.db
[2025-11-27T23:53:53.257220] [INFO] Подключение к базе данных: C:\Users\Vaan\Desktop\qkd_encryption_system\server_user_1\databases\user_1_db.db
[2025-11-27T23:53:53.257220] [INFO] Подключение к базе данных: C:\Users\Vaan\Desktop\qkd_encryption_system\server_user_1\databases\user_1_db.db
[2025-11-27T23:53:53.257220] [INFO] Подключение к базе данных: C:\Users\Vaan\Desktop\qkd_encryption_system\server_user_1\databases\user_1_db.db
[2025-11-27T23:53:53.258218] [INFO] Подключение к базе данных: C:\Users\Vaan\Desktop\qkd_encryption_system\server_user_1\databases\user_1_db.db
[2025-11-27T23:53:53.259215] [INFO] Подключение к базе данных: C:\Users\Vaan\Desktop\qkd_encryption_system\server_user_1\databases\user_1_db.db
[2025-11-27T23:53:53.394879] [INFO] Подключение к базе данных: C:\Users\Vaan\Desktop\qkd_encryption_system\server_user_2\databases\user_2_db.db
[2025-11-27T23:53:53.395845] [INFO] Подключение к базе данных: C:\Users\Vaan\Desktop\qkd_encryption_system\server_user_2\databases\user_2_db.db
[2025-11-27T23:53:53.395845] [INFO] Подключение к базе данных: C:\Users\Vaan\Desktop\qkd_encryption_system\server_user_2\databases\user_2_db.db
[2025-11-27T23:53:53.396846] [INFO] Подключение к базе данных: C:\Users\Vaan\Desktop\qkd_encryption_system\server_user_2\databases\user_2_db.db
[2025-11-27T23:53:53.396846] [INFO] Подключение к базе данных: C:\Users\Vaan\Desktop\qkd_encryption_system\server_user_2\databases\user_2_db.db
[2025-11-27T23:53:53.399846] [INFO] Подключение к базе данных: C:\Users\Vaan\Desktop\qkd_encryption_system\server_user_2\databases\user_2_db.db
[2025-11-27T23:53:53.400844] [INFO] Подключение к базе данных: C:\Users\Vaan\Desktop\qkd_encryption_system\server_user_2\databases\user_2_db.db
[2025-11-27T23:53:53.591318] [INFO] Подключение к базе данных: C:\Users\Vaan\Desktop\qkd_encryption_system\server_user_1\databases\user_1_db.db
[2025-11-27T23:53:53.592317] [INFO] DEBUG: Получение тестовых сообщений для получателя: UserA
[2025-11-27T23:53:53.593314] [INFO] Подключение к базе данных: C:\Users\Vaan\Desktop\qkd_encryption_system\server_user_2\databases\user_2_db.db
[2025-11-27T23:53:53.595309] [INFO] DEBUG: Найдено сообщений в БД: 0
[2025-11-27T23:53:53.597304] [INFO] DEBUG: Возвращено сообщений: 0
[2025-11-27T23:54:04.843724] [INFO] Подключение к базе данных: C:\Users\Vaan\Desktop\qkd_encryption_system\server_user_1\databases\user_1_db.db
[2025-11-27T23:54:04.843724] [INFO] Подключение к базе данных: C:\Users\Vaan\Desktop\qkd_encryption_system\server_user_1\databases\user_1_db.db
[2025-11-27T23:54:04.843724] [INFO] Подключение к базе данных: C:\Users\Vaan\Desktop\qkd_encryption_system\server_user_1\databases\user_1_db.db
[2025-11-27T23:54:04.844722] [INFO] Подключение к базе данных: C:\Users\Vaan\Desktop\qkd_encryption_system\server_user_1\databases\user_1_db.db
[2025-11-27T23:54:04.844722] [INFO] Подключение к базе данных: C:\Users\Vaan\Desktop\qkd_encryption_system\server_user_1\databases\user_1_db.db
[2025-11-27T23:54:04.847714] [INFO] Подключение к базе данных: C:\Users\Vaan\Desktop\qkd_encryption_system\server_user_1\databases\user_1_db.db
[2025-11-27T23:54:04.847714] [INFO] Подключение к базе данных: C:\Users\Vaan\Desktop\qkd_encryption_system\server_user_1\databases\user_1_db.db
[2025-11-27T23:54:05.004941] [INFO] Подключение к базе данных: C:\Users\Vaan\Desktop\qkd_encryption_system\server_user_2\databases\user_2_db.db
[2025-11-27T23:54:05.004941] [INFO] Подключение к базе данных: C:\Users\Vaan\Desktop\qkd_encryption_system\server_user_2\databases\user_2_db.db
[2025-11-27T23:54:05.004941] [INFO] Подключение к базе данных: C:\Users\Vaan\Desktop\qkd_encryption_system\server_user_2\databases\user_2_db.db
[2025-11-27T23:54:05.005937] [INFO] Подключение к базе данных: C:\Users\Vaan\Desktop\qkd_encryption_system\server_user_2\databases\user_2_db.db
[2025-11-27T23:54:05.005937] [INFO] Подключение к базе данных: C:\Users\Vaan\Desktop\qkd_encryption_system\server_user_2\databases\user_2_db.db
[2025-11-27T23:54:05.006968] [INFO] Подключение к базе данных: C:\Users\Vaan\Desktop\qkd_encryption_system\server_user_2\databases\user_2_db.db
[2025-11-27T23:54:05.006968] [INFO] Подключение к базе данных: C:\Users\Vaan\Desktop\qkd_encryption_system\server_user_2\databases\user_2_db.db
[2025-11-27T23:54:07.457374] [INFO] Подключение к базе данных: C:\Users\Vaan\Desktop\qkd_encryption_system\server_user_1\databases\user_1_db.db
[2025-11-27T23:54:07.458371] [INFO] Подключение к базе данных: C:\Users\Vaan\Desktop\qkd_encryption_system\server_user_1\databases\user_1_db.db
[2025-11-27T23:54:07.458371] [INFO] Подключение к базе данных: C:\Users\Vaan\Desktop\qkd_encryption_system\server_user_1\databases\user_1_db.db
[2025-11-27T23:54:07.458371] [INFO] Подключение к базе данных: C:\Users\Vaan\Desktop\qkd_encryption_system\server_user_1\databases\user_1_db.db
[2025-11-27T23:54:07.459368] [INFO] Подключение к базе данных: C:\Users\Vaan\Desktop\qkd_encryption_system\server_user_1\databases\user_1_db.db
[2025-11-27T23:54:07.460366] [INFO] Подключение к базе данных: C:\Users\Vaan\Desktop\qkd_encryption_system\server_user_1\databases\user_1_db.db
[2025-11-27T23:54:07.460366] [INFO] Подключение к базе данных: C:\Users\Vaan\Desktop\qkd_encryption_system\server_user_1\databases\user_1_db.db
[2025-11-27T23:54:07.610748] [INFO] Подключение к базе данных: C:\Users\Vaan\Desktop\qkd_encryption_system\server_user_2\databases\user_2_db.db
[2025-11-27T23:54:07.610748] [INFO] Подключение к базе данных: C:\Users\Vaan\Desktop\qkd_encryption_system\server_user_2\databases\user_2_db.db
[2025-11-27T23:54:07.611746] [INFO] Подключение к базе данных: C:\Users\Vaan\Desktop\qkd_encryption_system\server_user_2\databases\user_2_db.db
[2025-11-27T23:54:07.611746] [INFO] Подключение к базе данных: C:\Users\Vaan\Desktop\qkd_encryption_system\server_user_2\databases\user_2_db.db
[2025-11-27T23:54:07.611746] [INFO] Подключение к базе данных: C:\Users\Vaan\Desktop\qkd_encryption_system\server_user_2\databases\user_2_db.db
[2025-11-27T23:54:07.612743] [INFO] Подключение к базе данных: C:\Users\Vaan\Desktop\qkd_encryption_system\server_user_2\databases\user_2_db.db
[2025-11-27T23:54:07.613741] [INFO] Подключение к базе данных: C:\Users\Vaan\Desktop\qkd_encryption_system\server_user_2\databases\user_2_db.db
[2025-11-27T23:54:21.174041] [INFO] Подключение к базе данных: C:\Users\Vaan\Desktop\qkd_encryption_system\server_user_1\databases\user_1_db.db
[2025-11-27T23:54:21.175088] [INFO] Подключение к базе данных: C:\Users\Vaan\Desktop\qkd_encryption_system\server_user_1\databases\user_1_db.db
[2025-11-27T23:54:21.175088] [INFO] Подключение к базе данных: C:\Users\Vaan\Desktop\qkd_encryption_system\server_user_1\databases\user_1_db.db
[2025-11-27T23:54:21.175088] [INFO] Подключение к базе данных: C:\Users\Vaan\Desktop\qkd_encryption_system\server_user_1\databases\user_1_db.db
[2025-11-27T23:54:21.175088] [INFO] Подключение к базе данных: C:\Users\Vaan\Desktop\qkd_encryption_system\server_user_1\databases\user_1_db.db
[2025-11-27T23:54:21.176087] [INFO] Подключение к базе данных: C:\Users\Vaan\Desktop\qkd_encryption_system\server_user_1\databases\user_1_db.db
[2025-11-27T23:54:21.177085] [INFO] Подключение к базе данных: C:\Users\Vaan\Desktop\qkd_encryption_system\server_user_1\databases\user_1_db.db
[2025-11-27T23:54:21.307734] [INFO] Подключение к базе данных: C:\Users\Vaan\Desktop\qkd_encryption_system\server_user_2\databases\user_2_db.db
[2025-11-27T23:54:21.308731] [INFO] Подключение к базе данных: C:\Users\Vaan\Desktop\qkd_encryption_system\server_user_2\databases\user_2_db.db
[2025-11-27T23:54:21.308731] [INFO] Подключение к базе данных: C:\Users\Vaan\Desktop\qkd_encryption_system\server_user_2\databases\user_2_db.db
[2025-11-27T23:54:21.308731] [INFO] Подключение к базе данных: C:\Users\Vaan\Desktop\qkd_encryption_system\server_user_2\databases\user_2_db.db
[2025-11-27T23:54:21.309728] [INFO] Подключение к базе данных: C:\Users\Vaan\Desktop\qkd_encryption_system\server_user_2\databases\user_2_db.db
[2025-11-27T23:54:21.311723] [INFO] Подключение к базе данных: C:\Users\Vaan\Desktop\qkd_encryption_system\server_user_2\databases\user_2_db.db
[2025-11-27T23:54:21.312721] [INFO] Подключение к базе данных: C:\Users\Vaan\Desktop\qkd_encryption_system\server_user_2\databases\user_2_db.db
[2025-11-27T23:54:27.062970] [INFO] Подключение к базе данных: C:\Users\Vaan\Desktop\qkd_encryption_system\server_user_1\databases\user_1_db.db
[2025-11-27T23:54:27.063966] [INFO] Подключение к базе данных: C:\Users\Vaan\Desktop\qkd_encryption_system\server_user_1\databases\user_1_db.db
[2025-11-27T23:54:27.063966] [INFO] Подключение к базе данных: C:\Users\Vaan\Desktop\qkd_encryption_system\server_user_1\databases\user_1_db.db
[2025-11-27T23:54:27.064962] [INFO] Подключение к базе данных: C:\Users\Vaan\Desktop\qkd_encryption_system\server_user_1\databases\user_1_db.db
[2025-11-27T23:54:27.064962] [INFO] Подключение к базе данных: C:\Users\Vaan\Desktop\qkd_encryption_system\server_user_1\databases\user_1_db.db
[2025-11-27T23:54:27.066958] [INFO] Подключение к базе данных: C:\Users\Vaan\Desktop\qkd_encryption_system\server_user_1\databases\user_1_db.db
[2025-11-27T23:54:27.066958] [INFO] Подключение к базе данных: C:\Users\Vaan\Desktop\qkd_encryption_system\server_user_1\databases\user_1_db.db
[2025-11-27T23:54:27.174681] [INFO] Подключение к базе данных: C:\Users\Vaan\Desktop\qkd_encryption_system\server_user_2\databases\user_2_db.db
[2025-11-27T23:54:27.175667] [INFO] Подключение к базе данных: C:\Users\Vaan\Desktop\qkd_encryption_system\server_user_2\databases\user_2_db.db
[2025-11-27T23:54:27.175667] [INFO] Подключение к базе данных: C:\Users\Vaan\Desktop\qkd_encryption_system\server_user_2\databases\user_2_db.db
[2025-11-27T23:54:27.175667] [INFO] Подключение к базе данных: C:\Users\Vaan\Desktop\qkd_encryption_system\server_user_2\databases\user_2_db.db
[2025-11-27T23:54:27.176664] [INFO] Подключение к базе данных: C:\Users\Vaan\Desktop\qkd_encryption_system\server_user_2\databases\user_2_db.db
[2025-11-27T23:54:27.177661] [INFO] Подключение к базе данных: C:\Users\Vaan\Desktop\qkd_encryption_system\server_user_2\databases\user_2_db.db
[2025-11-27T23:54:27.179667] [INFO] Подключение к базе данных: C:\Users\Vaan\Desktop\qkd_encryption_system\server_user_2\databases\user_2_db.db
[2025-11-27T23:54:34.673951] [INFO] Подключение к базе данных: C:\Users\Vaan\Desktop\qkd_encryption_system\server_user_1\databases\user_1_db.db
[2025-11-27T23:54:34.673951] [INFO] Подключение к базе данных: C:\Users\Vaan\Desktop\qkd_encryption_system\server_user_1\databases\user_1_db.db
[2025-11-27T23:54:34.673951] [INFO] Подключение к базе данных: C:\Users\Vaan\Desktop\qkd_encryption_system\server_user_1\databases\user_1_db.db
[2025-11-27T23:54:34.674916] [INFO] Подключение к базе данных: C:\Users\Vaan\Desktop\qkd_encryption_system\server_user_1\databases\user_1_db.db
[2025-11-27T23:54:34.674916] [INFO] Подключение к базе данных: C:\Users\Vaan\Desktop\qkd_encryption_system\server_user_1\databases\user_1_db.db
[2025-11-27T23:54:34.675948] [INFO] Подключение к базе данных: C:\Users\Vaan\Desktop\qkd_encryption_system\server_user_1\databases\user_1_db.db
[2025-11-27T23:54:34.675948] [INFO] Подключение к базе данных: C:\Users\Vaan\Desktop\qkd_encryption_system\server_user_1\databases\user_1_db.db
[2025-11-27T23:54:34.774915] [INFO] Подключение к базе данных: C:\Users\Vaan\Desktop\qkd_encryption_system\server_user_2\databases\user_2_db.db
[2025-11-27T23:54:34.774915] [INFO] Подключение к базе данных: C:\Users\Vaan\Desktop\qkd_encryption_system\server_user_2\databases\user_2_db.db
[2025-11-27T23:54:34.775881] [INFO] Подключение к базе данных: C:\Users\Vaan\Desktop\qkd_encryption_system\server_user_2\databases\user_2_db.db
[2025-11-27T23:54:34.775881] [INFO] Подключение к базе данных: C:\Users\Vaan\Desktop\qkd_encryption_system\server_user_2\databases\user_2_db.db
[2025-11-27T23:54:34.775881] [INFO] Подключение к базе данных: C:\Users\Vaan\Desktop\qkd_encryption_system\server_user_2\databases\user_2_db.db
[2025-11-27T23:54:34.777888] [INFO] Подключение к базе данных: C:\Users\Vaan\Desktop\qkd_encryption_system\server_user_2\databases\user_2_db.db
[2025-11-27T23:54:34.778883] [INFO] Подключение к базе данных: C:\Users\Vaan\Desktop\qkd_encryption_system\server_user_2\databases\user_2_db.db
[2025-11-27T23:54:43.965234] [INFO] Подключение к базе данных: C:\Users\Vaan\Desktop\qkd_encryption_system\server_user_1\databases\user_1_db.db
[2025-11-27T23:54:43.967280] [INFO] Подключение к базе данных: C:\Users\Vaan\Desktop\qkd_encryption_system\server_user_1\databases\user_1_db.db
[2025-11-27T23:54:43.967280] [INFO] Подключение к базе данных: C:\Users\Vaan\Desktop\qkd_encryption_system\server_user_1\databases\user_1_db.db
[2025-11-27T23:54:43.968278] [INFO] Подключение к базе данных: C:\Users\Vaan\Desktop\qkd_encryption_system\server_user_1\databases\user_1_db.db
[2025-11-27T23:54:43.969276] [INFO] Подключение к базе данных: C:\Users\Vaan\Desktop\qkd_encryption_system\server_user_1\databases\user_1_db.db
[2025-11-27T23:54:43.971287] [INFO] Подключение к базе данных: C:\Users\Vaan\Desktop\qkd_encryption_system\server_user_1\databases\user_1_db.db
[2025-11-27T23:54:43.972284] [INFO] Подключение к базе данных: C:\Users\Vaan\Desktop\qkd_encryption_system\server_user_1\databases\user_1_db.db
[2025-11-27T23:54:45.091097] [INFO] Подключение к базе данных: C:\Users\Vaan\Desktop\qkd_encryption_system\server_user_1\databases\user_1_db.db
[2025-11-27T23:54:45.091097] [INFO] Подключение к базе данных: C:\Users\Vaan\Desktop\qkd_encryption_system\server_user_1\databases\user_1_db.db
[2025-11-27T23:54:45.092062] [INFO] Подключение к базе данных: C:\Users\Vaan\Desktop\qkd_encryption_system\server_user_1\databases\user_1_db.db
[2025-11-27T23:54:45.092062] [INFO] Подключение к базе данных: C:\Users\Vaan\Desktop\qkd_encryption_system\server_user_1\databases\user_1_db.db
[2025-11-27T23:54:45.092062] [INFO] Подключение к базе данных: C:\Users\Vaan\Desktop\qkd_encryption_system\server_user_1\databases\user_1_db.db
[2025-11-27T23:54:45.094060] [INFO] Подключение к базе данных: C:\Users\Vaan\Desktop\qkd_encryption_system\server_user_1\databases\user_1_db.db
[2025-11-27T23:54:45.094060] [INFO] Подключение к базе данных: C:\Users\Vaan\Desktop\qkd_encryption_system\server_user_1\databases\user_1_db.db
[2025-11-27T23:54:46.620970] [INFO] Подключение к базе данных: C:\Users\Vaan\Desktop\qkd_encryption_system\server_user_2\databases\user_2_db.db
[2025-11-27T23:54:46.621968] [INFO] Подключение к базе данных: C:\Users\Vaan\Desktop\qkd_encryption_system\server_user_2\databases\user_2_db.db
[2025-11-27T23:54:46.622965] [INFO] Подключение к базе данных: C:\Users\Vaan\Desktop\qkd_encryption_system\server_user_2\databases\user_2_db.db
[2025-11-27T23:54:46.623963] [INFO] Подключение к базе данных: C:\Users\Vaan\Desktop\qkd_encryption_system\server_user_2\databases\user_2_db.db
[2025-11-27T23:54:46.624960] [INFO] Подключение к базе данных: C:\Users\Vaan\Desktop\qkd_encryption_system\server_user_2\databases\user_2_db.db
[2025-11-27T23:54:46.628951] [INFO] Подключение к базе данных: C:\Users\Vaan\Desktop\qkd_encryption_system\server_user_2\databases\user_2_db.db
[2025-11-27T23:54:46.631953] [INFO] Подключение к базе данных: C:\Users\Vaan\Desktop\qkd_encryption_system\server_user_2\databases\user_2_db.db
[2025-11-27T23:54:47.432133] [INFO] Подключение к базе данных: C:\Users\Vaan\Desktop\qkd_encryption_system\server_user_2\databases\user_2_db.db
[2025-11-27T23:54:47.432133] [INFO] Подключение к базе данных: C:\Users\Vaan\Desktop\qkd_encryption_system\server_user_2\databases\user_2_db.db
[2025-11-27T23:54:47.433120] [INFO] Подключение к базе данных: C:\Users\Vaan\Desktop\qkd_encryption_system\server_user_2\databases\user_2_db.db
[2025-11-27T23:54:47.433120] [INFO] Подключение к базе данных: C:\Users\Vaan\Desktop\qkd_encryption_system\server_user_2\databases\user_2_db.db
[2025-11-27T23:54:47.433120] [INFO] Подключение к базе данных: C:\Users\Vaan\Desktop\qkd_encryption_system\server_user_2\databases\user_2_db.db
[2025-11-27T23:54:47.434116] [INFO] Подключение к базе данных: C:\Users\Vaan\Desktop\qkd_encryption_system\server_user_2\databases\user_2_db.db
[2025-11-27T23:54:47.435113] [INFO] Подключение к базе данных: C:\Users\Vaan\Desktop\qkd_encryption_system\server_user_2\databases\user_2_db.db
[2025-11-27T23:54:47.516895] [INFO] DEBUG: Получение тестовых сообщений для получателя: UserA
[2025-11-27T23:54:47.517893] [INFO] Подключение к базе данных: C:\Users\Vaan\Desktop\qkd_encryption_system\server_user_2\databases\user_2_db.db
[2025-11-27T23:54:47.519887] [INFO] DEBUG: Найдено сообщений в БД: 0
[2025-11-27T23:54:47.519887] [INFO] DEBUG: Возвращено сообщений: 0
[2025-11-27T23:54:49.250966] [INFO] Подключение к базе данных: C:\Users\Vaan\Desktop\qkd_encryption_system\server_user_2\databases\user_2_db.db
[2025-11-27T23:54:50.335896] [INFO] DEBUG: Получение тестовых сообщений для получателя: UserB
[2025-11-27T23:54:50.336895] [INFO] Подключение к базе данных: C:\Users\Vaan\Desktop\qkd_encryption_system\server_user_1\databases\user_1_db.db
[2025-11-27T23:54:50.585088] [INFO] DEBUG: Получение тестовых сообщений для получателя: UserA
[2025-11-27T23:54:50.585088] [INFO] Подключение к базе данных: C:\Users\Vaan\Desktop\qkd_encryption_system\server_user_2\databases\user_2_db.db
[2025-11-27T23:54:50.586078] [INFO] DEBUG: Найдено сообщений в БД: 0
[2025-11-27T23:54:50.586078] [INFO] DEBUG: Возвращено сообщений: 0
[2025-11-27T23:54:50.899842] [INFO] DEBUG: Получение тестовых сообщений для получателя: UserB
[2025-11-27T23:54:50.899842] [INFO] Подключение к базе данных: C:\Users\Vaan\Desktop\qkd_encryption_system\server_user_1\databases\user_1_db.db
[2025-11-27T23:54:51.239331] [INFO] Подключение к базе данных: C:\Users\Vaan\Desktop\qkd_encryption_system\server_user_1\databases\user_1_db.db
[2025-11-27T23:54:52.548851] [INFO] DEBUG: Получение тестовых сообщений для получателя: UserB
[2025-11-27T23:54:52.548851] [INFO] Подключение к базе данных: C:\Users\Vaan\Desktop\qkd_encryption_system\server_user_1\databases\user_1_db.db
[2025-11-27T23:54:53.667551] [INFO] DEBUG: Получение тестовых сообщений для получателя: UserB
[2025-11-27T23:54:53.667551] [INFO] Подключение к базе данных: C:\Users\Vaan\Desktop\qkd_encryption_system\server_user_1\databases\user_1_db.db
[2025-11-27T23:54:54.472290] [INFO] DEBUG: Получение тестовых сообщений для получателя: UserB
[2025-11-27T23:54:54.473288] [INFO] Подключение к базе данных: C:\Users\Vaan\Desktop\qkd_encryption_system\server_user_1\databases\user_1_db.db
[2025-11-27T23:54:54.583991] [INFO] DEBUG: Получение тестовых сообщений для получателя: UserA
[2025-11-27T23:54:54.583991] [INFO] Подключение к базе данных: C:\Users\Vaan\Desktop\qkd_encryption_system\server_user_2\databases\user_2_db.db
[2025-11-27T23:54:54.585986] [INFO] DEBUG: Найдено сообщений в БД: 0
[2025-11-27T23:54:54.585986] [INFO] DEBUG: Возвращено сообщений: 0
[2025-11-27T23:54:56.476800] [INFO] DEBUG: Получение тестовых сообщений для получателя: UserB
[2025-11-27T23:54:56.478088] [INFO] Подключение к базе данных: C:\Users\Vaan\Desktop\qkd_encryption_system\server_user_1\databases\user_1_db.db
[2025-11-27T23:54:58.982522] [INFO] DEBUG: Получение тестовых сообщений для получателя: UserB
[2025-11-27T23:54:58.982522] [INFO] Подключение к базе данных: C:\Users\Vaan\Desktop\qkd_encryption_system\server_user_1\databases\user_1_db.db
[2025-11-27T23:54:59.581748] [INFO] DEBUG: Получение тестовых сообщений для получателя: UserA
[2025-11-27T23:54:59.581748] [INFO] Подключение к базе данных: C:\Users\Vaan\Desktop\qkd_encryption_system\server_user_2\databases\user_2_db.db
[2025-11-27T23:54:59.583772] [INFO] DEBUG: Найдено сообщений в БД: 0
[2025-11-27T23:54:59.583772] [INFO] DEBUG: Возвращено сообщений: 0
[2025-11-27T23:55:00.473630] [INFO] DEBUG: Получение тестовых сообщений для получателя: UserB
[2025-11-27T23:55:00.473630] [INFO] Подключение к базе данных: C:\Users\Vaan\Desktop\qkd_encryption_system\server_user_1\databases\user_1_db.db
[2025-11-27T23:55:04.047401] [INFO] DEBUG: Получение тестовых сообщений для получателя: UserB
[2025-11-27T23:55:04.048384] [INFO] Подключение к базе данных: C:\Users\Vaan\Desktop\qkd_encryption_system\server_user_1\databases\user_1_db.db
[2025-11-27T23:55:04.587097] [INFO] DEBUG: Получение тестовых сообщений для получателя: UserA
[2025-11-27T23:55:04.587097] [INFO] Подключение к базе данных: C:\Users\Vaan\Desktop\qkd_encryption_system\server_user_2\databases\user_2_db.db
[2025-11-27T23:55:04.589092] [INFO] DEBUG: Найдено сообщений в БД: 0
[2025-11-27T23:55:04.589092] [INFO] DEBUG: Возвращено сообщений: 0
[2025-11-27T23:55:06.474704] [INFO] DEBUG: Получение тестовых сообщений для получателя: UserB
[2025-11-27T23:55:06.474704] [INFO] Подключение к базе данных: C:\Users\Vaan\Desktop\qkd_encryption_system\server_user_1\databases\user_1_db.db
[2025-11-27T23:55:08.133176] [INFO] Подключение к базе данных: C:\Users\Vaan\Desktop\qkd_encryption_system\server_user_1\databases\user_1_db.db
[2025-11-27T23:55:08.140599] [INFO] Сохранено отправленное сообщение от hisoka для UserB: Привет медвед
[2025-11-27T23:55:09.466695] [INFO] DEBUG: Получение тестовых сообщений для получателя: UserB
[2025-11-27T23:55:09.466695] [INFO] Подключение к базе данных: C:\Users\Vaan\Desktop\qkd_encryption_system\server_user_1\databases\user_1_db.db
[2025-11-27T23:55:09.576691] [INFO] DEBUG: Получение тестовых сообщений для получателя: UserA
[2025-11-27T23:55:09.578679] [INFO] Подключение к базе данных: C:\Users\Vaan\Desktop\qkd_encryption_system\server_user_2\databases\user_2_db.db
[2025-11-27T23:55:09.579709] [INFO] DEBUG: Найдено сообщений в БД: 0
[2025-11-27T23:55:09.579709] [INFO] DEBUG: Возвращено сообщений: 0
[2025-11-27T23:55:10.217968] [INFO] Подключение к базе данных: C:\Users\Vaan\Desktop\qkd_encryption_system\server_user_2\databases\user_2_db.db
[2025-11-27T23:55:10.221957] [INFO] Получено тестовое сообщение от hisoka для UserB: Привет медвед
[2025-11-27T23:55:12.470779] [INFO] DEBUG: Получение тестовых сообщений для получателя: UserB
[2025-11-27T23:55:12.470779] [INFO] Подключение к базе данных: C:\Users\Vaan\Desktop\qkd_encryption_system\server_user_1\databases\user_1_db.db
[2025-11-27T23:55:14.499146] [INFO] DEBUG: Получение тестовых сообщений для получателя: UserA
[2025-11-27T23:55:14.499146] [INFO] Подключение к базе данных: C:\Users\Vaan\Desktop\qkd_encryption_system\server_user_2\databases\user_2_db.db
[2025-11-27T23:55:14.501074] [INFO] DEBUG: Найдено сообщений в БД: 0
[2025-11-27T23:55:14.501074] [INFO] DEBUG: Возвращено сообщений: 0
[2025-11-27T23:55:14.672449] [INFO] DEBUG: Получение тестовых сообщений для получателя: UserA
[2025-11-27T23:55:14.672449] [INFO] Подключение к базе данных: C:\Users\Vaan\Desktop\qkd_encryption_system\server_user_2\databases\user_2_db.db
[2025-11-27T23:55:14.674444] [INFO] DEBUG: Найдено сообщений в БД: 0
[2025-11-27T23:55:14.674444] [INFO] DEBUG: Возвращено сообщений: 0
[2025-11-27T23:55:16.498354] [INFO] DEBUG: Получение тестовых сообщений для получателя: UserA
[2025-11-27T23:55:16.498354] [INFO] Подключение к базе данных: C:\Users\Vaan\Desktop\qkd_encryption_system\server_user_2\databases\user_2_db.db
[2025-11-27T23:55:16.499351] [INFO] DEBUG: Найдено сообщений в БД: 0
[2025-11-27T23:55:16.499351] [INFO] DEBUG: Возвращено сообщений: 0
[2025-11-27T23:55:16.581133] [INFO] DEBUG: Получение тестовых сообщений для получателя: UserB
[2025-11-27T23:55:16.581133] [INFO] Подключение к базе данных: C:\Users\Vaan\Desktop\qkd_encryption_system\server_user_1\databases\user_1_db.db
[2025-11-27T23:55:19.508899] [INFO] DEBUG: Получение тестовых сообщений для получателя: UserA
[2025-11-27T23:55:19.509896] [INFO] Подключение к базе данных: C:\Users\Vaan\Desktop\qkd_encryption_system\server_user_2\databases\user_2_db.db
[2025-11-27T23:55:19.511892] [INFO] DEBUG: Найдено сообщений в БД: 0
[2025-11-27T23:55:19.512888] [INFO] DEBUG: Возвращено сообщений: 0
[2025-11-27T23:55:21.582705] [INFO] DEBUG: Получение тестовых сообщений для получателя: UserB
[2025-11-27T23:55:21.582705] [INFO] Подключение к базе данных: C:\Users\Vaan\Desktop\qkd_encryption_system\server_user_1\databases\user_1_db.db
[2025-11-27T23:55:22.499174] [INFO] DEBUG: Получение тестовых сообщений для получателя: UserA
[2025-11-27T23:55:22.499174] [INFO] Подключение к базе данных: C:\Users\Vaan\Desktop\qkd_encryption_system\server_user_2\databases\user_2_db.db
[2025-11-27T23:55:22.500172] [INFO] DEBUG: Найдено сообщений в БД: 0
[2025-11-27T23:55:22.500172] [INFO] DEBUG: Возвращено сообщений: 0
[2025-11-27T23:55:23.950601] [INFO] Подключение к базе данных: C:\Users\Vaan\Desktop\qkd_encryption_system\server_user_2\databases\user_2_db.db
[2025-11-27T23:55:23.955587] [INFO] Сохранено отправленное сообщение от Max для UserA: Ну ты и лох
[2025-11-27T23:55:25.498428] [INFO] DEBUG: Получение тестовых сообщений для получателя: UserA
[2025-11-27T23:55:25.498428] [INFO] Подключение к базе данных: C:\Users\Vaan\Desktop\qkd_encryption_system\server_user_2\databases\user_2_db.db
[2025-11-27T23:55:25.499394] [INFO] DEBUG: Найдено сообщений в БД: 0
[2025-11-27T23:55:25.499394] [INFO] DEBUG: Возвращено сообщений: 0
[2025-11-27T23:55:26.026108] [INFO] Подключение к базе данных: C:\Users\Vaan\Desktop\qkd_encryption_system\server_user_1\databases\user_1_db.db
[2025-11-27T23:55:26.033768] [INFO] Получено тестовое сообщение от Max для UserA: Ну ты и лох
[2025-11-27T23:55:26.605846] [INFO] DEBUG: Получение тестовых сообщений для получателя: UserB
[2025-11-27T23:55:26.606844] [INFO] Подключение к базе данных: C:\Users\Vaan\Desktop\qkd_encryption_system\server_user_1\databases\user_1_db.db
[2025-11-27T23:55:28.498517] [INFO] DEBUG: Получение тестовых сообщений для получателя: UserA
[2025-11-27T23:55:28.498517] [INFO] Подключение к базе данных: C:\Users\Vaan\Desktop\qkd_encryption_system\server_user_2\databases\user_2_db.db
[2025-11-27T23:55:28.499515] [INFO] DEBUG: Найдено сообщений в БД: 0
[2025-11-27T23:55:28.499515] [INFO] DEBUG: Возвращено сообщений: 0
[2025-11-27T23:55:31.574815] [INFO] DEBUG: Получение тестовых сообщений для получателя: UserA
[2025-11-27T23:55:31.575810] [INFO] DEBUG: Получение тестовых сообщений для получателя: UserB
r_user_2\databases\user_2_db.db
[2025-11-27T23:55:31.576809] [INFO] Подключение к базе данных: C:\Users\Vaan\Desktop\qkd_encryption_system\server_user_1\databases\user_1_db.db
[2025-11-27T23:55:31.577805] [INFO] DEBUG: Найдено сообщений в БД: 0
[2025-11-27T23:55:31.577805] [INFO] DEBUG: Возвращено сообщений: 0
[2025-11-27T23:55:34.576637] [INFO] DEBUG: Получение тестовых сообщений для получателя: UserA
[2025-11-27T23:55:34.576637] [INFO] Подключение к базе данных: C:\Users\Vaan\Desktop\qkd_encryption_system\server_user_2\databases\user_2_db.db
[2025-11-27T23:55:34.578640] [INFO] DEBUG: Найдено сообщений в БД: 0
[2025-11-27T23:55:34.578640] [INFO] DEBUG: Возвращено сообщений: 0
[2025-11-27T23:55:36.573045] [INFO] DEBUG: Получение тестовых сообщений для получателя: UserB
[2025-11-27T23:55:36.574010] [INFO] Подключение к базе данных: C:\Users\Vaan\Desktop\qkd_encryption_system\server_user_1\databases\user_1_db.db
[2025-11-27T23:55:37.571959] [INFO] DEBUG: Получение тестовых сообщений для получателя: UserA
[2025-11-27T23:55:37.571959] [INFO] Подключение к базе данных: C:\Users\Vaan\Desktop\qkd_encryption_system\server_user_2\databases\user_2_db.db
[2025-11-27T23:55:37.572956] [INFO] DEBUG: Найдено сообщений в БД: 0
[2025-11-27T23:55:37.572956] [INFO] DEBUG: Возвращено сообщений: 0
[2025-11-27T23:55:40.575048] [INFO] DEBUG: Получение тестовых сообщений для получателя: UserA
[2025-11-27T23:55:40.575048] [INFO] Подключение к базе данных: C:\Users\Vaan\Desktop\qkd_encryption_system\server_user_2\databases\user_2_db.db
[2025-11-27T23:55:40.576044] [INFO] DEBUG: Найдено сообщений в БД: 0
[2025-11-27T23:55:40.576044] [INFO] DEBUG: Возвращено сообщений: 0
[2025-11-27T23:55:41.571986] [INFO] DEBUG: Получение тестовых сообщений для получателя: UserB
[2025-11-27T23:55:41.571986] [INFO] Подключение к базе данных: C:\Users\Vaan\Desktop\qkd_encryption_system\server_user_1\databases\user_1_db.db
[2025-11-27T23:55:43.579593] [INFO] DEBUG: Получение тестовых сообщений для получателя: UserA
[2025-11-27T23:55:43.580592] [INFO] Подключение к базе данных: C:\Users\Vaan\Desktop\qkd_encryption_system\server_user_2\databases\user_2_db.db
[2025-11-27T23:55:43.580592] [INFO] DEBUG: Найдено сообщений в БД: 0
[2025-11-27T23:55:43.581589] [INFO] DEBUG: Возвращено сообщений: 0
[2025-11-27T23:55:46.572852] [INFO] DEBUG: Получение тестовых сообщений для получателя: UserA
[2025-11-27T23:55:46.572852] [INFO] Подключение к базе данных: C:\Users\Vaan\Desktop\qkd_encryption_system\server_user_2\databases\user_2_db.db
[2025-11-27T23:55:46.573850] [INFO] DEBUG: Найдено сообщений в БД: 0
[2025-11-27T23:55:46.573850] [INFO] DEBUG: Получение тестовых сообщений для получателя: UserB
[2025-11-27T23:55:46.573850] [INFO] DEBUG: Возвращено сообщений: 0
[2025-11-27T23:55:46.574846] [INFO] Подключение к базе данных: C:\Users\Vaan\Desktop\qkd_encryption_system\server_user_1\databases\user_1_db.db
[2025-11-27T23:55:49.572729] [INFO] DEBUG: Получение тестовых сообщений для получателя: UserA
[2025-11-27T23:55:49.573456] [INFO] Подключение к базе данных: C:\Users\Vaan\Desktop\qkd_encryption_system\server_user_2\databases\user_2_db.db
[2025-11-27T23:55:49.574457] [INFO] DEBUG: Найдено сообщений в БД: 0
[2025-11-27T23:55:49.574457] [INFO] DEBUG: Возвращено сообщений: 0
[2025-11-27T23:55:51.571946] [INFO] DEBUG: Получение тестовых сообщений для получателя: UserB
[2025-11-27T23:55:51.571946] [INFO] Подключение к базе данных: C:\Users\Vaan\Desktop\qkd_encryption_system\server_user_1\databases\user_1_db.db
[2025-11-27T23:55:52.583672] [INFO] DEBUG: Получение тестовых сообщений для получателя: UserA
[2025-11-27T23:55:52.583672] [INFO] Подключение к базе данных: C:\Users\Vaan\Desktop\qkd_encryption_system\server_user_2\databases\user_2_db.db
[2025-11-27T23:55:52.585703] [INFO] DEBUG: Найдено сообщений в БД: 0
[2025-11-27T23:55:52.585703] [INFO] DEBUG: Возвращено сообщений: 0
[2025-11-27T23:55:55.574897] [INFO] DEBUG: Получение тестовых сообщений для получателя: UserA
[2025-11-27T23:55:55.574897] [INFO] Подключение к базе данных: C:\Users\Vaan\Desktop\qkd_encryption_system\server_user_2\databases\user_2_db.db
[2025-11-27T23:55:55.575892] [INFO] DEBUG: Найдено сообщений в БД: 0
[2025-11-27T23:55:55.575892] [INFO] DEBUG: Возвращено сообщений: 0
[2025-11-27T23:55:56.582166] [INFO] DEBUG: Получение тестовых сообщений для получателя: UserB
[2025-11-27T23:55:56.585145] [INFO] Подключение к базе данных: C:\Users\Vaan\Desktop\qkd_encryption_system\server_user_1\databases\user_1_db.db
[2025-11-27T23:55:58.576052] [INFO] DEBUG: Получение тестовых сообщений для получателя: UserA
[2025-11-27T23:55:58.576052] [INFO] Подключение к базе данных: C:\Users\Vaan\Desktop\qkd_encryption_system\server_user_2\databases\user_2_db.db
[2025-11-27T23:55:58.577017] [INFO] DEBUG: Найдено сообщений в БД: 0
[2025-11-27T23:55:58.577017] [INFO] DEBUG: Возвращено сообщений: 0
[2025-11-27T23:56:01.603382] [INFO] DEBUG: Получение тестовых сообщений для получателя: UserA
[2025-11-27T23:56:01.603382] [INFO] DEBUG: Получение тестовых сообщений для получателя: UserB
[2025-11-27T23:56:01.604484] [INFO] Подключение к базе данных: C:\Users\Vaan\Desktop\qkd_encryption_system\server_user_2\databases\user_2_db.db
[2025-11-27T23:56:01.604484] [INFO] Подключение к базе данных: C:\Users\Vaan\Desktop\qkd_encryption_system\server_user_1\databases\user_1_db.db
[2025-11-27T23:56:01.605347] [INFO] DEBUG: Найдено сообщений в БД: 0
[2025-11-27T23:56:01.607403] [INFO] DEBUG: Возвращено сообщений: 0
[2025-11-27T23:56:06.472940] [INFO] DEBUG: Получение тестовых сообщений для получателя: UserB
[2025-11-27T23:56:06.473938] [INFO] Подключение к базе данных: C:\Users\Vaan\Desktop\qkd_encryption_system\server_user_1\databases\user_1_db.db
[2025-11-27T23:56:13.168473] [INFO] Подключение к базе данных: C:\Users\Vaan\Desktop\qkd_encryption_system\server_user_1\databases\user_1_db.db
[2025-11-27T23:56:14.216352] [INFO] DEBUG: Получение тестовых сообщений для получателя: UserB
[2025-11-27T23:56:14.216352] [INFO] Подключение к базе данных: C:\Users\Vaan\Desktop\qkd_encryption_system\server_user_1\databases\user_1_db.db
[2025-11-27T23:56:18.576465] [INFO] DEBUG: Получение тестовых сообщений для получателя: UserB
[2025-11-27T23:56:18.577463] [INFO] Подключение к базе данных: C:\Users\Vaan\Desktop\qkd_encryption_system\server_user_1\databases\user_1_db.db
[2025-11-27T23:56:20.269503] [INFO] Подключение к базе данных: C:\Users\Vaan\Desktop\qkd_encryption_system\server_user_2\databases\user_2_db.db
[2025-11-27T23:56:21.299132] [INFO] DEBUG: Получение тестовых сообщений для получателя: UserA
[2025-11-27T23:56:21.299132] [INFO] Подключение к базе данных: C:\Users\Vaan\Desktop\qkd_encryption_system\server_user_2\databases\user_2_db.db
[2025-11-27T23:56:21.300130] [INFO] DEBUG: Найдено сообщений в БД: 0
[2025-11-27T23:56:21.300130] [INFO] DEBUG: Возвращено сообщений: 0
[2025-11-27T23:56:23.207697] [INFO] DEBUG: Получение тестовых сообщений для получателя: UserB
[2025-11-27T23:56:23.208695] [INFO] Подключение к базе данных: C:\Users\Vaan\Desktop\qkd_encryption_system\server_user_1\databases\user_1_db.db
[2025-11-27T23:56:23.584816] [INFO] DEBUG: Получение тестовых сообщений для получателя: UserB
[2025-11-27T23:56:23.584816] [INFO] Подключение к базе данных: C:\Users\Vaan\Desktop\qkd_encryption_system\server_user_1\databases\user_1_db.db
[2025-11-27T23:56:25.220143] [INFO] DEBUG: Получение тестовых сообщений для получателя: UserB
[2025-11-27T23:56:25.221143] [INFO] Подключение к базе данных: C:\Users\Vaan\Desktop\qkd_encryption_system\server_user_1\databases\user_1_db.db
[2025-11-27T23:56:25.580210] [INFO] DEBUG: Получение тестовых сообщений для получателя: UserA
[2025-11-27T23:56:25.580210] [INFO] Подключение к базе данных: C:\Users\Vaan\Desktop\qkd_encryption_system\server_user_2\databases\user_2_db.db
[2025-11-27T23:56:25.581210] [INFO] DEBUG: Найдено сообщений в БД: 0
[2025-11-27T23:56:25.582207] [INFO] DEBUG: Возвращено сообщений: 0
[2025-11-27T23:56:27.975912] [INFO] Подключение к базе данных: C:\Users\Vaan\Desktop\qkd_encryption_system\server_user_1\databases\user_1_db.db
[2025-11-27T23:56:27.985883] [INFO] Сохранено отправленное сообщение от hisoka для UserB: лол
[2025-11-27T23:56:28.222909] [INFO] DEBUG: Получение тестовых сообщений для получателя: UserB
[2025-11-27T23:56:28.222909] [INFO] Подключение к базе данных: C:\Users\Vaan\Desktop\qkd_encryption_system\server_user_1\databases\user_1_db.db
[2025-11-27T23:56:30.064287] [INFO] Подключение к базе данных: C:\Users\Vaan\Desktop\qkd_encryption_system\server_user_2\databases\user_2_db.db
[2025-11-27T23:56:30.073273] [INFO] Получено тестовое сообщение от hisoka для UserB: лол
[2025-11-27T23:56:30.580388] [INFO] DEBUG: Получение тестовых сообщений для получателя: UserA
[2025-11-27T23:56:30.580388] [INFO] Подключение к базе данных: C:\Users\Vaan\Desktop\qkd_encryption_system\server_user_2\databases\user_2_db.db
[2025-11-27T23:56:30.582334] [INFO] DEBUG: Найдено сообщений в БД: 0
[2025-11-27T23:56:30.582334] [INFO] DEBUG: Возвращено сообщений: 0
[2025-11-27T23:56:31.213838] [INFO] DEBUG: Получение тестовых сообщений для получателя: UserB
[2025-11-27T23:56:31.213838] [INFO] Подключение к базе данных: C:\Users\Vaan\Desktop\qkd_encryption_system\server_user_1\databases\user_1_db.db
[2025-11-27T23:56:32.766367] [INFO] DEBUG: Получение тестовых сообщений для получателя: UserA
[2025-11-27T23:56:32.766367] [INFO] Подключение к базе данных: C:\Users\Vaan\Desktop\qkd_encryption_system\server_user_2\databases\user_2_db.db
[2025-11-27T23:56:32.767364] [INFO] DEBUG: Найдено сообщений в БД: 0
[2025-11-27T23:56:32.768362] [INFO] DEBUG: Возвращено сообщений: 0
[2025-11-27T23:56:34.583994] [INFO] DEBUG: Получение тестовых сообщений для получателя: UserB
[2025-11-27T23:56:34.584995] [INFO] Подключение к базе данных: C:\Users\Vaan\Desktop\qkd_encryption_system\server_user_1\databases\user_1_db.db
[2025-11-27T23:56:35.304452] [INFO] DEBUG: Получение тестовых сообщений для получателя: UserA
[2025-11-27T23:56:35.304452] [INFO] Подключение к базе данных: C:\Users\Vaan\Desktop\qkd_encryption_system\server_user_2\databases\user_2_db.db
[2025-11-27T23:56:35.305450] [INFO] DEBUG: Найдено сообщений в БД: 0
[2025-11-27T23:56:35.306447] [INFO] DEBUG: Возвращено сообщений: 0
[2025-11-27T23:56:35.925904] [INFO] Подключение к базе данных: C:\Users\Vaan\Desktop\qkd_encryption_system\server_user_2\databases\user_2_db.db
[2025-11-27T23:56:35.932816] [INFO] Сохранено отправленное сообщение от Max для UserA: кек
[2025-11-27T23:56:37.570432] [INFO] DEBUG: Получение тестовых сообщений для получателя: UserB
[2025-11-27T23:56:37.570432] [INFO] Подключение к базе данных: C:\Users\Vaan\Desktop\qkd_encryption_system\server_user_1\databases\user_1_db.db
[2025-11-27T23:56:38.017447] [INFO] Подключение к базе данных: C:\Users\Vaan\Desktop\qkd_encryption_system\server_user_1\databases\user_1_db.db
[2025-11-27T23:56:38.026093] [INFO] Получено тестовое сообщение от Max для UserA: кек
[2025-11-27T23:56:38.313015] [INFO] DEBUG: Получение тестовых сообщений для получателя: UserA
[2025-11-27T23:56:38.313015] [INFO] Подключение к базе данных: C:\Users\Vaan\Desktop\qkd_encryption_system\server_user_2\databases\user_2_db.db
[2025-11-27T23:56:38.314012] [INFO] DEBUG: Найдено сообщений в БД: 0
[2025-11-27T23:56:38.314012] [INFO] DEBUG: Возвращено сообщений: 0
[2025-11-27T23:56:40.577672] [INFO] DEBUG: Получение тестовых сообщений для получателя: UserB
[2025-11-27T23:56:40.577672] [INFO] Подключение к базе данных: C:\Users\Vaan\Desktop\qkd_encryption_system\server_user_1\databases\user_1_db.db
[2025-11-27T23:56:41.298412] [INFO] DEBUG: Получение тестовых сообщений для получателя: UserA
[2025-11-27T23:56:41.298412] [INFO] Подключение к базе данных: C:\Users\Vaan\Desktop\qkd_encryption_system\server_user_2\databases\user_2_db.db
[2025-11-27T23:56:41.299381] [INFO] DEBUG: Найдено сообщений в БД: 0
[2025-11-27T23:56:41.299381] [INFO] DEBUG: Возвращено сообщений: 0
[2025-11-27T23:56:43.213580] [INFO] DEBUG: Получение тестовых сообщений для получателя: UserB
[2025-11-27T23:56:43.214578] [INFO] Подключение к базе данных: C:\Users\Vaan\Desktop\qkd_encryption_system\server_user_1\databases\user_1_db.db
[2025-11-27T23:56:44.578623] [INFO] DEBUG: Получение тестовых сообщений для получателя: UserA
[2025-11-27T23:56:44.579621] [INFO] Подключение к базе данных: C:\Users\Vaan\Desktop\qkd_encryption_system\server_user_2\databases\user_2_db.db
[2025-11-27T23:56:44.580619] [INFO] DEBUG: Найдено сообщений в БД: 0
[2025-11-27T23:56:44.580619] [INFO] DEBUG: Возвращено сообщений: 0
[2025-11-27T23:56:44.581616] [INFO] Подключение к базе данных: C:\Users\Vaan\Desktop\qkd_encryption_system\server_user_1\databases\user_1_db.db
[2025-11-27T23:56:45.457675] [INFO] DEBUG: Получение тестовых сообщений для получателя: UserB
[2025-11-27T23:56:45.457675] [INFO] Подключение к базе данных: C:\Users\Vaan\Desktop\qkd_encryption_system\server_user_1\databases\user_1_db.db
[2025-11-27T23:56:45.616383] [INFO] DEBUG: Получение тестовых сообщений для получателя: UserB
[2025-11-27T23:56:45.616383] [INFO] Подключение к базе данных: C:\Users\Vaan\Desktop\qkd_encryption_system\server_user_1\databases\user_1_db.db
[2025-11-27T23:56:46.681470] [INFO] Подключение к базе данных: C:\Users\Vaan\Desktop\qkd_encryption_system\server_user_2\databases\user_2_db.db
[2025-11-27T23:56:47.386370] [INFO] DEBUG: Получение тестовых сообщений для получателя: UserA
[2025-11-27T23:56:47.386370] [INFO] Подключение к базе данных: C:\Users\Vaan\Desktop\qkd_encryption_system\server_user_2\databases\user_2_db.db
[2025-11-27T23:56:47.387366] [INFO] DEBUG: Найдено сообщений в БД: 0
[2025-11-27T23:56:47.387366] [INFO] DEBUG: Возвращено сообщений: 0
[2025-11-27T23:56:47.708414] [INFO] DEBUG: Получение тестовых сообщений для получателя: UserA
[2025-11-27T23:56:47.708414] [INFO] Подключение к базе данных: C:\Users\Vaan\Desktop\qkd_encryption_system\server_user_2\databases\user_2_db.db
[2025-11-27T23:56:47.709385] [INFO] DEBUG: Найдено сообщений в БД: 0
[2025-11-27T23:56:47.710383] [INFO] DEBUG: Возвращено сообщений: 0
[2025-11-27T23:56:48.581449] [INFO] DEBUG: Получение тестовых сообщений для получателя: UserB
[2025-11-27T23:56:48.581449] [INFO] Подключение к базе данных: C:\Users\Vaan\Desktop\qkd_encryption_system\server_user_1\databases\user_1_db.db
[2025-11-27T23:56:51.578483] [INFO] DEBUG: Получение тестовых сообщений для получателя: UserB
[2025-11-27T23:56:51.578483] [INFO] Подключение к базе данных: C:\Users\Vaan\Desktop\qkd_encryption_system\server_user_1\databases\user_1_db.db
[2025-11-27T23:56:52.585534] [INFO] DEBUG: Получение тестовых сообщений для получателя: UserA
[2025-11-27T23:56:52.586529] [INFO] Подключение к базе данных: C:\Users\Vaan\Desktop\qkd_encryption_system\server_user_2\databases\user_2_db.db
[2025-11-27T23:56:52.587583] [INFO] DEBUG: Найдено сообщений в БД: 0
[2025-11-27T23:56:52.588581] [INFO] DEBUG: Возвращено сообщений: 0
[2025-11-27T23:56:54.575310] [INFO] DEBUG: Получение тестовых сообщений для получателя: UserB
[2025-11-27T23:56:54.575310] [INFO] Подключение к базе данных: C:\Users\Vaan\Desktop\qkd_encryption_system\server_user_1\databases\user_1_db.db
[2025-11-27T23:56:57.591838] [INFO] DEBUG: Получение тестовых сообщений для получателя: UserA
[2025-11-27T23:56:57.591838] [INFO] Подключение к базе данных: C:\Users\Vaan\Desktop\qkd_encryption_system\server_user_2\databases\user_2_db.db
[2025-11-27T23:56:57.591838] [INFO] DEBUG: Найдено сообщений в БД: 0
[2025-11-27T23:56:57.591838] [INFO] DEBUG: Возвращено сообщений: 0
[2025-11-27T23:56:57.591838] [INFO] DEBUG: Получение тестовых сообщений для получателя: UserB
[2025-11-27T23:56:57.591838] [INFO] Подключение к базе данных: C:\Users\Vaan\Desktop\qkd_encryption_system\server_user_1\databases\user_1_db.db
[2025-11-27T23:57:08.612428] [INFO] Подключение к базе данных: C:\Users\Vaan\Desktop\qkd_encryption_system\server_user_1\databases\user_1_db.db
[2025-11-27T23:57:08.612428] [INFO] Подключение к базе данных: C:\Users\Vaan\Desktop\qkd_encryption_system\server_user_1\databases\user_1_db.db
[2025-11-27T23:57:08.612428] [INFO] Подключение к базе данных: C:\Users\Vaan\Desktop\qkd_encryption_system\server_user_2\databases\user_2_db.db
[2025-11-27T23:57:08.612428] [INFO] Подключение к базе данных: C:\Users\Vaan\Desktop\qkd_encryption_system\server_user_1\databases\user_1_db.db
[2025-11-27T23:57:08.612428] [INFO] Подключение к базе данных: C:\Users\Vaan\Desktop\qkd_encryption_system\server_user_2\databases\user_2_db.db
[2025-11-27T23:57:08.612428] [INFO] Подключение к базе данных: C:\Users\Vaan\Desktop\qkd_encryption_system\server_user_1\databases\user_1_db.db
[2025-11-27T23:57:08.612428] [INFO] Подключение к базе данных: C:\Users\Vaan\Desktop\qkd_encryption_system\server_user_2\databases\user_2_db.db
[2025-11-27T23:57:08.612428] [INFO] Подключение к базе данных: C:\Users\Vaan\Desktop\qkd_encryption_system\server_user_1\databases\user_1_db.db
[2025-11-27T23:57:08.612428] [INFO] Подключение к базе данных: C:\Users\Vaan\Desktop\qkd_encryption_system\server_user_2\databases\user_2_db.db
[2025-11-27T23:57:08.612428] [INFO] Подключение к базе данных: C:\Users\Vaan\Desktop\qkd_encryption_system\server_user_2\databases\user_2_db.db
[2025-11-27T23:57:08.612428] [INFO] Подключение к базе данных: C:\Users\Vaan\Desktop\qkd_encryption_system\server_user_1\databases\user_1_db.db
[2025-11-27T23:57:08.628046] [INFO] Подключение к базе данных: C:\Users\Vaan\Desktop\qkd_encryption_system\server_user_1\databases\user_1_db.db
[2025-11-27T23:57:08.628046] [INFO] Подключение к базе данных: C:\Users\Vaan\Desktop\qkd_encryption_system\server_user_2\databases\user_2_db.db
[2025-11-27T23:57:08.628046] [INFO] Подключение к базе данных: C:\Users\Vaan\Desktop\qkd_encryption_system\server_user_2\databases\user_2_db.db
[2025-11-27T23:58:12.504052] [INFO] Подключение к базе данных: C:\Users\Vaan\Desktop\qkd_encryption_system\server_user_1\databases\user_1_db.db
[2025-11-27T23:58:12.505052] [INFO] Подключение к базе данных: C:\Users\Vaan\Desktop\qkd_encryption_system\server_user_1\databases\user_1_db.db
[2025-11-27T23:58:12.505052] [INFO] Подключение к базе данных: C:\Users\Vaan\Desktop\qkd_encryption_system\server_user_1\databases\user_1_db.db
[2025-11-27T23:58:12.505052] [INFO] Подключение к базе данных: C:\Users\Vaan\Desktop\qkd_encryption_system\server_user_1\databases\user_1_db.db
[2025-11-27T23:58:12.506050] [INFO] Подключение к базе данных: C:\Users\Vaan\Desktop\qkd_encryption_system\server_user_1\databases\user_1_db.db
[2025-11-27T23:58:12.507046] [INFO] Подключение к базе данных: C:\Users\Vaan\Desktop\qkd_encryption_system\server_user_1\databases\user_1_db.db
[2025-11-27T23:58:12.507046] [INFO] Подключение к базе данных: C:\Users\Vaan\Desktop\qkd_encryption_system\server_user_1\databases\user_1_db.db
[2025-11-27T23:58:12.848162] [INFO] Подключение к базе данных: C:\Users\Vaan\Desktop\qkd_encryption_system\server_user_1\databases\user_1_db.db
[2025-11-27T23:58:12.848162] [INFO] Подключение к базе данных: C:\Users\Vaan\Desktop\qkd_encryption_system\server_user_1\databases\user_1_db.db
[2025-11-27T23:58:12.848162] [INFO] Подключение к базе данных: C:\Users\Vaan\Desktop\qkd_encryption_system\server_user_1\databases\user_1_db.db
[2025-11-27T23:58:12.849131] [INFO] Подключение к базе данных: C:\Users\Vaan\Desktop\qkd_encryption_system\server_user_1\databases\user_1_db.db
[2025-11-27T23:58:12.849131] [INFO] Подключение к базе данных: C:\Users\Vaan\Desktop\qkd_encryption_system\server_user_1\databases\user_1_db.db
[2025-11-27T23:58:12.850128] [INFO] Подключение к базе данных: C:\Users\Vaan\Desktop\qkd_encryption_system\server_user_1\databases\user_1_db.db
[2025-11-27T23:58:12.850128] [INFO] Подключение к базе данных: C:\Users\Vaan\Desktop\qkd_encryption_system\server_user_1\databases\user_1_db.db
[2025-11-27T23:58:14.583707] [INFO] Подключение к базе данных: C:\Users\Vaan\Desktop\qkd_encryption_system\server_user_2\databases\user_2_db.db
[2025-11-27T23:58:14.612630] [INFO] Подключение к базе данных: C:\Users\Vaan\Desktop\qkd_encryption_system\server_user_2\databases\user_2_db.db
[2025-11-27T23:58:14.627589] [INFO] Подключение к базе данных: C:\Users\Vaan\Desktop\qkd_encryption_system\server_user_2\databases\user_2_db.db
[2025-11-27T23:58:14.629583] [INFO] Подключение к базе данных: C:\Users\Vaan\Desktop\qkd_encryption_system\server_user_2\databases\user_2_db.db
[2025-11-27T23:58:14.630581] [INFO] Подключение к базе данных: C:\Users\Vaan\Desktop\qkd_encryption_system\server_user_2\databases\user_2_db.db
[2025-11-27T23:58:14.693414] [INFO] Подключение к базе данных: C:\Users\Vaan\Desktop\qkd_encryption_system\server_user_2\databases\user_2_db.db
[2025-11-27T23:58:14.718347] [INFO] Подключение к базе данных: C:\Users\Vaan\Desktop\qkd_encryption_system\server_user_2\databases\user_2_db.db
[2025-11-27T23:58:15.245972] [INFO] Подключение к базе данных: C:\Users\Vaan\Desktop\qkd_encryption_system\server_user_2\databases\user_2_db.db
[2025-11-27T23:58:15.245972] [INFO] Подключение к базе данных: C:\Users\Vaan\Desktop\qkd_encryption_system\server_user_2\databases\user_2_db.db
[2025-11-27T23:58:15.246942] [INFO] Подключение к базе данных: C:\Users\Vaan\Desktop\qkd_encryption_system\server_user_2\databases\user_2_db.db
[2025-11-27T23:58:15.246942] [INFO] Подключение к базе данных: C:\Users\Vaan\Desktop\qkd_encryption_system\server_user_2\databases\user_2_db.db
[2025-11-27T23:58:15.247966] [INFO] Подключение к базе данных: C:\Users\Vaan\Desktop\qkd_encryption_system\server_user_2\databases\user_2_db.db
[2025-11-27T23:58:15.248937] [INFO] Подключение к базе данных: C:\Users\Vaan\Desktop\qkd_encryption_system\server_user_2\databases\user_2_db.db
[2025-11-27T23:58:15.248937] [INFO] Подключение к базе данных: C:\Users\Vaan\Desktop\qkd_encryption_system\server_user_2\databases\user_2_db.db
[2025-11-27T23:58:18.300279] [INFO] Подключение к базе данных: C:\Users\Vaan\Desktop\qkd_encryption_system\server_user_1\databases\user_1_db.db
[2025-11-27T23:58:20.196554] [INFO] Подключение к базе данных: C:\Users\Vaan\Desktop\qkd_encryption_system\server_user_2\databases\user_2_db.db
[2025-11-27T23:58:20.585774] [INFO] DEBUG: Получение тестовых сообщений для получателя: UserB
[2025-11-27T23:58:20.586750] [INFO] Подключение к базе данных: C:\Users\Vaan\Desktop\qkd_encryption_system\server_user_1\databases\user_1_db.db
[2025-11-27T23:58:21.649534] [INFO] DEBUG: Получение тестовых сообщений для получателя: UserA
[2025-11-27T23:58:21.649534] [INFO] Подключение к базе данных: C:\Users\Vaan\Desktop\qkd_encryption_system\server_user_2\databases\user_2_db.db
[2025-11-27T23:58:21.650563] [INFO] DEBUG: Найдено сообщений в БД: 0
[2025-11-27T23:58:21.650563] [INFO] DEBUG: Возвращено сообщений: 0
[2025-11-27T23:58:21.752732] [INFO] DEBUG: Получение тестовых сообщений для получателя: UserA
[2025-11-27T23:58:21.752732] [INFO] Подключение к базе данных: C:\Users\Vaan\Desktop\qkd_encryption_system\server_user_2\databases\user_2_db.db
[2025-11-27T23:58:21.754727] [INFO] DEBUG: Найдено сообщений в БД: 0
[2025-11-27T23:58:21.754727] [INFO] DEBUG: Возвращено сообщений: 0
[2025-11-27T23:58:23.575242] [INFO] DEBUG: Получение тестовых сообщений для получателя: UserA
[2025-11-27T23:58:23.576271] [INFO] Подключение к базе данных: C:\Users\Vaan\Desktop\qkd_encryption_system\server_user_2\databases\user_2_db.db
[2025-11-27T23:58:23.577260] [INFO] DEBUG: Найдено сообщений в БД: 0
[2025-11-27T23:58:23.577260] [INFO] DEBUG: Возвращено сообщений: 0
[2025-11-27T23:58:24.572836] [INFO] DEBUG: Получение тестовых сообщений для получателя: UserB
[2025-11-27T23:58:24.572836] [INFO] Подключение к базе данных: C:\Users\Vaan\Desktop\qkd_encryption_system\server_user_1\databases\user_1_db.db
[2025-11-27T23:58:26.572246] [INFO] DEBUG: Получение тестовых сообщений для получателя: UserA
[2025-11-27T23:58:26.572246] [INFO] Подключение к базе данных: C:\Users\Vaan\Desktop\qkd_encryption_system\server_user_2\databases\user_2_db.db
[2025-11-27T23:58:26.573242] [INFO] DEBUG: Найдено сообщений в БД: 0
[2025-11-27T23:58:26.573242] [INFO] DEBUG: Возвращено сообщений: 0
[2025-11-27T23:58:27.838743] [INFO] Подключение к базе данных: C:\Users\Vaan\Desktop\qkd_encryption_system\server_user_2\databases\user_2_db.db
[2025-11-27T23:58:27.843729] [INFO] Сохранено отправленное сообщение от Max для UserA: прпрпр
[2025-11-27T23:58:29.573446] [INFO] DEBUG: Получение тестовых сообщений для получателя: UserA
[2025-11-27T23:58:29.574445] [INFO] Подключение к базе данных: C:\Users\Vaan\Desktop\qkd_encryption_system\server_user_2\databases\user_2_db.db
[2025-11-27T23:58:29.575441] [INFO] DEBUG: Найдено сообщений в БД: 0
[2025-11-27T23:58:29.575441] [INFO] DEBUG: Получение тестовых сообщений для получателя: UserB
[2025-11-27T23:58:29.575441] [INFO] DEBUG: Возвращено сообщений: 0
[2025-11-27T23:58:29.575441] [INFO] Подключение к базе данных: C:\Users\Vaan\Desktop\qkd_encryption_system\server_user_1\databases\user_1_db.db
[2025-11-27T23:58:29.931574] [INFO] Подключение к базе данных: C:\Users\Vaan\Desktop\qkd_encryption_system\server_user_1\databases\user_1_db.db
[2025-11-27T23:58:29.938493] [INFO] Получено тестовое сообщение от Max для UserA: прпрпр
[2025-11-27T23:58:32.576496] [INFO] DEBUG: Получение тестовых сообщений для получателя: UserA
[2025-11-27T23:58:32.577496] [INFO] Подключение к базе данных: C:\Users\Vaan\Desktop\qkd_encryption_system\server_user_2\databases\user_2_db.db
[2025-11-27T23:58:32.577496] [INFO] DEBUG: Найдено сообщений в БД: 0
[2025-11-27T23:58:32.578492] [INFO] DEBUG: Возвращено сообщений: 0
[2025-11-27T23:58:32.726728] [INFO] DEBUG: Получение тестовых сообщений для получателя: UserB
[2025-11-27T23:58:32.726728] [INFO] Подключение к базе данных: C:\Users\Vaan\Desktop\qkd_encryption_system\server_user_1\databases\user_1_db.db
[2025-11-27T23:58:34.554208] [INFO] DEBUG: Получение тестовых сообщений для получателя: UserB
[2025-11-27T23:58:34.559195] [INFO] Подключение к базе данных: C:\Users\Vaan\Desktop\qkd_encryption_system\server_user_1\databases\user_1_db.db
[2025-11-28T00:03:00.990629] [INFO] Подключение к базе данных: C:\Users\Vaan\Desktop\qkd_encryption_system\server_user_2\databases\user_2_db.db
[2025-11-28T00:03:00.990629] [INFO] Подключение к базе данных: C:\Users\Vaan\Desktop\qkd_encryption_system\server_user_2\databases\user_2_db.db
[2025-11-28T00:03:00.990629] [INFO] Подключение к базе данных: C:\Users\Vaan\Desktop\qkd_encryption_system\server_user_2\databases\user_2_db.db
[2025-11-28T00:03:00.991627] [INFO] Подключение к базе данных: C:\Users\Vaan\Desktop\qkd_encryption_system\server_user_2\databases\user_2_db.db
[2025-11-28T00:03:00.991627] [INFO] Подключение к базе данных: C:\Users\Vaan\Desktop\qkd_encryption_system\server_user_2\databases\user_2_db.db
[2025-11-28T00:03:00.993649] [INFO] Подключение к базе данных: C:\Users\Vaan\Desktop\qkd_encryption_system\server_user_2\databases\user_2_db.db
[2025-11-28T00:03:00.993649] [INFO] Подключение к базе данных: C:\Users\Vaan\Desktop\qkd_encryption_system\server_user_2\databases\user_2_db.db
[2025-11-28T00:03:01.059445] [INFO] Подключение к базе данных: C:\Users\Vaan\Desktop\qkd_encryption_system\server_user_1\databases\user_1_db.db
[2025-11-28T00:03:01.059445] [INFO] Подключение к базе данных: C:\Users\Vaan\Desktop\qkd_encryption_system\server_user_1\databases\user_1_db.db
[2025-11-28T00:03:01.060443] [INFO] Подключение к базе данных: C:\Users\Vaan\Desktop\qkd_encryption_system\server_user_1\databases\user_1_db.db
[2025-11-28T00:03:01.060443] [INFO] Подключение к базе данных: C:\Users\Vaan\Desktop\qkd_encryption_system\server_user_1\databases\user_1_db.db
[2025-11-28T00:03:01.061440] [INFO] Подключение к базе данных: C:\Users\Vaan\Desktop\qkd_encryption_system\server_user_1\databases\user_1_db.db
[2025-11-28T00:03:01.062438] [INFO] Подключение к базе данных: C:\Users\Vaan\Desktop\qkd_encryption_system\server_user_1\databases\user_1_db.db
[2025-11-28T00:03:01.062438] [INFO] Подключение к базе данных: C:\Users\Vaan\Desktop\qkd_encryption_system\server_user_1\databases\user_1_db.db
[2025-11-28T00:03:01.344681] [INFO] Подключение к базе данных: C:\Users\Vaan\Desktop\qkd_encryption_system\server_user_2\databases\user_2_db.db
[2025-11-28T00:03:01.344681] [INFO] Подключение к базе данных: C:\Users\Vaan\Desktop\qkd_encryption_system\server_user_2\databases\user_2_db.db
[2025-11-28T00:03:01.344681] [INFO] Подключение к базе данных: C:\Users\Vaan\Desktop\qkd_encryption_system\server_user_2\databases\user_2_db.db
[2025-11-28T00:03:01.345678] [INFO] Подключение к базе данных: C:\Users\Vaan\Desktop\qkd_encryption_system\server_user_2\databases\user_2_db.db
[2025-11-28T00:03:01.345678] [INFO] Подключение к базе данных: C:\Users\Vaan\Desktop\qkd_encryption_system\server_user_2\databases\user_2_db.db
[2025-11-28T00:03:01.346675] [INFO] Подключение к базе данных: C:\Users\Vaan\Desktop\qkd_encryption_system\server_user_2\databases\user_2_db.db
[2025-11-28T00:03:01.347672] [INFO] Подключение к базе данных: C:\Users\Vaan\Desktop\qkd_encryption_system\server_user_2\databases\user_2_db.db
[2025-11-28T00:03:23.847810] [INFO] Подключение к базе данных: C:\Users\Vaan\Desktop\qkd_encryption_system\server_user_2\databases\user_2_db.db
[2025-11-28T00:03:23.848810] [ERROR] Ошибка при выполнении запроса: 
                SELECT message_id, sender, receiver, message_text, created_at
                FROM test_messages
                WHERE receiver = ? AND direction = 'received'
                ORDER BY created_at DESC
                LIMIT 50
            , параметры: Max, ошибка: Incorrect number of bindings supplied. The current statement uses 1, and there are 3 supplied.
[2025-11-28T00:03:23.853794] [ERROR] Ошибка получения тестовых сообщений для шаблона: Incorrect number of bindings supplied. The current statement uses 1, and there are 3 supplied.
[2025-11-28T00:03:23.905655] [INFO] Подключение к базе данных: C:\Users\Vaan\Desktop\qkd_encryption_system\server_user_2\databases\user_2_db.db
[2025-11-28T00:03:23.906652] [ERROR] Ошибка при выполнении запроса: 
                SELECT message_id, sender, receiver, message_text, created_at
                FROM test_messages
                WHERE receiver = ? AND direction = 'received'
                ORDER BY created_at DESC
                LIMIT 50
            , параметры: Max, ошибка: Incorrect number of bindings supplied. The current statement uses 1, and there are 3 supplied.
[2025-11-28T00:03:23.916625] [ERROR] Ошибка получения тестовых сообщений для шаблона: Incorrect number of bindings supplied. The current statement uses 1, and there are 3 supplied.
[2025-11-28T00:03:25.303572] [INFO] DEBUG: Получение тестовых сообщений для получателя: UserA
[2025-11-28T00:03:25.303572] [INFO] Подключение к базе данных: C:\Users\Vaan\Desktop\qkd_encryption_system\server_user_2\databases\user_2_db.db
[2025-11-28T00:03:25.304569] [INFO] DEBUG: Найдено сообщений в БД: 0
[2025-11-28T00:03:25.304569] [INFO] DEBUG: Возвращено сообщений: 0
[2025-11-28T00:03:25.366222] [INFO] DEBUG: Получение тестовых сообщений для получателя: UserA
[2025-11-28T00:03:25.366222] [INFO] Подключение к базе данных: C:\Users\Vaan\Desktop\qkd_encryption_system\server_user_2\databases\user_2_db.db
[2025-11-28T00:03:25.367220] [INFO] DEBUG: Найдено сообщений в БД: 0
[2025-11-28T00:03:25.367220] [INFO] DEBUG: Возвращено сообщений: 0
[2025-11-28T00:03:29.362068] [INFO] DEBUG: Получение тестовых сообщений для получателя: UserA
[2025-11-28T00:03:29.363063] [INFO] Подключение к базе данных: C:\Users\Vaan\Desktop\qkd_encryption_system\server_user_2\databases\user_2_db.db
[2025-11-28T00:03:29.366058] [INFO] DEBUG: Найдено сообщений в БД: 0
[2025-11-28T00:03:29.367053] [INFO] DEBUG: Возвращено сообщений: 0
[2025-11-28T00:03:34.579997] [INFO] DEBUG: Получение тестовых сообщений для получателя: UserA
[2025-11-28T00:03:34.579997] [INFO] Подключение к базе данных: C:\Users\Vaan\Desktop\qkd_encryption_system\server_user_2\databases\user_2_db.db
[2025-11-28T00:03:34.581991] [INFO] DEBUG: Найдено сообщений в БД: 0
[2025-11-28T00:03:34.581991] [INFO] DEBUG: Возвращено сообщений: 0
[2025-11-28T00:03:39.735659] [INFO] DEBUG: Получение тестовых сообщений для получателя: UserA
[2025-11-28T00:03:39.742641] [INFO] Подключение к базе данных: C:\Users\Vaan\Desktop\qkd_encryption_system\server_user_2\databases\user_2_db.db
[2025-11-28T00:03:40.111362] [INFO] DEBUG: Найдено сообщений в БД: 0
[2025-11-28T00:03:40.112964] [INFO] DEBUG: Возвращено сообщений: 0
[2025-11-28T00:03:44.584171] [INFO] DEBUG: Получение тестовых сообщений для получателя: UserA
[2025-11-28T00:03:44.585167] [INFO] Подключение к базе данных: C:\Users\Vaan\Desktop\qkd_encryption_system\server_user_2\databases\user_2_db.db
[2025-11-28T00:03:44.586165] [INFO] DEBUG: Найдено сообщений в БД: 0
[2025-11-28T00:03:44.586165] [INFO] DEBUG: Возвращено сообщений: 0
[2025-11-28T00:03:49.584485] [INFO] DEBUG: Получение тестовых сообщений для получателя: UserA
[2025-11-28T00:03:49.584485] [INFO] Подключение к базе данных: C:\Users\Vaan\Desktop\qkd_encryption_system\server_user_2\databases\user_2_db.db
[2025-11-28T00:03:49.586492] [INFO] DEBUG: Найдено сообщений в БД: 0
[2025-11-28T00:03:49.586492] [INFO] DEBUG: Возвращено сообщений: 0
[2025-11-28T00:03:54.826497] [INFO] DEBUG: Получение тестовых сообщений для получателя: UserA
[2025-11-28T00:03:54.826497] [INFO] Подключение к базе данных: C:\Users\Vaan\Desktop\qkd_encryption_system\server_user_2\databases\user_2_db.db
[2025-11-28T00:03:54.828492] [INFO] DEBUG: Найдено сообщений в БД: 0
[2025-11-28T00:03:54.829490] [INFO] DEBUG: Возвращено сообщений: 0
[2025-11-28T00:03:59.577941] [INFO] DEBUG: Получение тестовых сообщений для получателя: UserA
[2025-11-28T00:03:59.577941] [INFO] Подключение к базе данных: C:\Users\Vaan\Desktop\qkd_encryption_system\server_user_2\databases\user_2_db.db
[2025-11-28T00:03:59.579935] [INFO] DEBUG: Найдено сообщений в БД: 0
[2025-11-28T00:03:59.579935] [INFO] DEBUG: Возвращено сообщений: 0
[2025-11-28T00:04:04.480163] [INFO] Подключение к базе данных: C:\Users\Vaan\Desktop\qkd_encryption_system\server_user_2\databases\user_2_db.db
[2025-11-28T00:04:04.481161] [ERROR] Ошибка при выполнении запроса: 
                SELECT message_id, sender, receiver, message_text, created_at
                FROM test_messages
                WHERE receiver = ? AND direction = 'received'
                ORDER BY created_at DESC
                LIMIT 50
            , параметры: Max, ошибка: Incorrect number of bindings supplied. The current statement uses 1, and there are 3 supplied.
[2025-11-28T00:04:04.487629] [ERROR] Ошибка получения тестовых сообщений для шаблона: Incorrect number of bindings supplied. The current statement uses 1, and there are 3 supplied.
[2025-11-28T00:04:04.577514] [INFO] DEBUG: Получение тестовых сообщений для получателя: UserA
[2025-11-28T00:04:04.577514] [INFO] Подключение к базе данных: C:\Users\Vaan\Desktop\qkd_encryption_system\server_user_2\databases\user_2_db.db
[2025-11-28T00:04:04.579511] [INFO] DEBUG: Найдено сообщений в БД: 0
[2025-11-28T00:04:04.580508] [INFO] DEBUG: Возвращено сообщений: 0
[2025-11-28T00:04:05.829133] [INFO] DEBUG: Получение тестовых сообщений для получателя: UserA
[2025-11-28T00:04:05.830166] [INFO] Подключение к базе данных: C:\Users\Vaan\Desktop\qkd_encryption_system\server_user_2\databases\user_2_db.db
[2025-11-28T00:04:05.831162] [INFO] DEBUG: Найдено сообщений в БД: 0
[2025-11-28T00:04:05.831162] [INFO] DEBUG: Возвращено сообщений: 0
[2025-11-28T00:04:09.393655] [INFO] DEBUG: Получение тестовых сообщений для получателя: UserA
[2025-11-28T00:04:09.393655] [INFO] Подключение к базе данных: C:\Users\Vaan\Desktop\qkd_encryption_system\server_user_2\databases\user_2_db.db
[2025-11-28T00:04:09.394651] [INFO] DEBUG: Найдено сообщений в БД: 0
[2025-11-28T00:04:09.395650] [INFO] DEBUG: Возвращено сообщений: 0
[2025-11-28T00:04:10.420113] [INFO] DEBUG: Получение тестовых сообщений для получателя: UserA
[2025-11-28T00:04:10.428090] [INFO] Подключение к базе данных: C:\Users\Vaan\Desktop\qkd_encryption_system\server_user_2\databases\user_2_db.db
[2025-11-28T00:04:10.430085] [INFO] DEBUG: Найдено сообщений в БД: 0
[2025-11-28T00:04:10.430085] [INFO] DEBUG: Возвращено сообщений: 0
[2025-11-28T00:04:14.885732] [INFO] DEBUG: Получение тестовых сообщений для получателя: UserA
[2025-11-28T00:04:14.886729] [INFO] Подключение к базе данных: C:\Users\Vaan\Desktop\qkd_encryption_system\server_user_2\databases\user_2_db.db
[2025-11-28T00:04:14.888723] [INFO] DEBUG: Найдено сообщений в БД: 0
[2025-11-28T00:04:14.889720] [INFO] DEBUG: Возвращено сообщений: 0
[2025-11-28T00:04:19.889620] [INFO] DEBUG: Получение тестовых сообщений для получателя: UserA
[2025-11-28T00:04:19.889620] [INFO] Подключение к базе данных: C:\Users\Vaan\Desktop\qkd_encryption_system\server_user_2\databases\user_2_db.db
[2025-11-28T00:04:19.890617] [INFO] DEBUG: Найдено сообщений в БД: 0
[2025-11-28T00:04:19.890617] [INFO] DEBUG: Возвращено сообщений: 0
[2025-11-28T00:04:24.924187] [INFO] DEBUG: Получение тестовых сообщений для получателя: UserA
[2025-11-28T00:04:24.925184] [INFO] Подключение к базе данных: C:\Users\Vaan\Desktop\qkd_encryption_system\server_user_2\databases\user_2_db.db
[2025-11-28T00:04:24.928698] [INFO] DEBUG: Найдено сообщений в БД: 0
[2025-11-28T00:04:24.929218] [INFO] DEBUG: Возвращено сообщений: 0
[2025-11-28T00:04:26.348715] [INFO] Подключение к базе данных: C:\Users\Vaan\Desktop\qkd_encryption_system\server_user_1\databases\user_1_db.db
[2025-11-28T00:04:27.395591] [INFO] DEBUG: Получение тестовых сообщений для получателя: UserB
[2025-11-28T00:04:27.395591] [INFO] Подключение к базе данных: C:\Users\Vaan\Desktop\qkd_encryption_system\server_user_1\databases\user_1_db.db
[2025-11-28T00:04:27.733196] [INFO] DEBUG: Получение тестовых сообщений для получателя: UserB
[2025-11-28T00:04:27.734193] [INFO] Подключение к базе данных: C:\Users\Vaan\Desktop\qkd_encryption_system\server_user_1\databases\user_1_db.db
[2025-11-28T00:04:29.395013] [INFO] DEBUG: Получение тестовых сообщений для получателя: UserB
[2025-11-28T00:04:29.395013] [INFO] Подключение к базе данных: C:\Users\Vaan\Desktop\qkd_encryption_system\server_user_1\databases\user_1_db.db
[2025-11-28T00:04:29.884715] [INFO] DEBUG: Получение тестовых сообщений для получателя: UserA
[2025-11-28T00:04:29.884715] [INFO] Подключение к базе данных: C:\Users\Vaan\Desktop\qkd_encryption_system\server_user_2\databases\user_2_db.db
[2025-11-28T00:04:29.885711] [INFO] DEBUG: Найдено сообщений в БД: 0
[2025-11-28T00:04:29.885711] [INFO] DEBUG: Возвращено сообщений: 0
[2025-11-28T00:04:29.948084] [INFO] Подключение к базе данных: C:\Users\Vaan\Desktop\qkd_encryption_system\server_user_1\databases\user_1_db.db
[2025-11-28T00:04:31.578925] [INFO] DEBUG: Получение тестовых сообщений для получателя: UserB
[2025-11-28T00:04:31.578925] [INFO] Подключение к базе данных: C:\Users\Vaan\Desktop\qkd_encryption_system\server_user_1\databases\user_1_db.db
[2025-11-28T00:04:31.904742] [INFO] Подключение к базе данных: C:\Users\Vaan\Desktop\qkd_encryption_system\server_user_2\databases\user_2_db.db
[2025-11-28T00:04:31.905738] [ERROR] Ошибка при выполнении запроса: 
                SELECT message_id, sender, receiver, message_text, created_at
                FROM test_messages
                WHERE receiver = ? AND direction = 'received'
                ORDER BY created_at DESC
                LIMIT 50
            , параметры: Max, ошибка: Incorrect number of bindings supplied. The current statement uses 1, and there are 3 supplied.
[2025-11-28T00:04:31.912653] [ERROR] Ошибка получения тестовых сообщений для шаблона: Incorrect number of bindings supplied. The current statement uses 1, and there are 3 supplied.
[2025-11-28T00:04:32.226743] [INFO] DEBUG: Получение тестовых сообщений для получателя: UserA
[2025-11-28T00:04:32.226743] [INFO] Подключение к базе данных: C:\Users\Vaan\Desktop\qkd_encryption_system\server_user_2\databases\user_2_db.db
[2025-11-28T00:04:32.227741] [INFO] DEBUG: Найдено сообщений в БД: 0
[2025-11-28T00:04:32.227741] [INFO] DEBUG: Возвращено сообщений: 0
[2025-11-28T00:04:32.932416] [INFO] DEBUG: Получение тестовых сообщений для получателя: UserA
[2025-11-28T00:04:32.933381] [INFO] Подключение к базе данных: C:\Users\Vaan\Desktop\qkd_encryption_system\server_user_2\databases\user_2_db.db
[2025-11-28T00:04:32.933381] [INFO] DEBUG: Найдено сообщений в БД: 0
[2025-11-28T00:04:32.934378] [INFO] DEBUG: Возвращено сообщений: 0
[2025-11-28T00:04:33.994150] [INFO] Подключение к базе данных: C:\Users\Vaan\Desktop\qkd_encryption_system\server_user_1\databases\user_1_db.db
[2025-11-28T00:04:34.951205] [INFO] DEBUG: Получение тестовых сообщений для получателя: UserB
[2025-11-28T00:04:34.951205] [INFO] Подключение к базе данных: C:\Users\Vaan\Desktop\qkd_encryption_system\server_user_1\databases\user_1_db.db
[2025-11-28T00:04:35.024445] [INFO] DEBUG: Получение тестовых сообщений для получателя: UserB
[2025-11-28T00:04:35.024445] [INFO] Подключение к базе данных: C:\Users\Vaan\Desktop\qkd_encryption_system\server_user_1\databases\user_1_db.db
[2025-11-28T00:04:35.880655] [INFO] DEBUG: Получение тестовых сообщений для получателя: UserA
[2025-11-28T00:04:35.880655] [INFO] Подключение к базе данных: C:\Users\Vaan\Desktop\qkd_encryption_system\server_user_2\databases\user_2_db.db
[2025-11-28T00:04:35.881671] [INFO] DEBUG: Найдено сообщений в БД: 0
[2025-11-28T00:04:35.882649] [INFO] DEBUG: Возвращено сообщений: 0
[2025-11-28T00:04:37.012799] [INFO] DEBUG: Получение тестовых сообщений для получателя: UserB
[2025-11-28T00:04:37.013796] [INFO] Подключение к базе данных: C:\Users\Vaan\Desktop\qkd_encryption_system\server_user_1\databases\user_1_db.db
[2025-11-28T00:04:38.251487] [INFO] DEBUG: Получение тестовых сообщений для получателя: UserA
[2025-11-28T00:04:38.251487] [INFO] Подключение к базе данных: C:\Users\Vaan\Desktop\qkd_encryption_system\server_user_2\databases\user_2_db.db
[2025-11-28T00:04:38.252484] [INFO] DEBUG: Найдено сообщений в БД: 0
[2025-11-28T00:04:38.252484] [INFO] DEBUG: Возвращено сообщений: 0
[2025-11-28T00:04:39.786902] [INFO] DEBUG: Получение тестовых сообщений для получателя: UserB
[2025-11-28T00:04:39.787901] [INFO] Подключение к базе данных: C:\Users\Vaan\Desktop\qkd_encryption_system\server_user_1\databases\user_1_db.db
[2025-11-28T00:04:42.247417] [INFO] DEBUG: Получение тестовых сообщений для получателя: UserA
[2025-11-28T00:04:42.247417] [INFO] Подключение к базе данных: C:\Users\Vaan\Desktop\qkd_encryption_system\server_user_2\databases\user_2_db.db
[2025-11-28T00:04:42.248415] [INFO] DEBUG: Найдено сообщений в БД: 0
[2025-11-28T00:04:42.248415] [INFO] DEBUG: Возвращено сообщений: 0
[2025-11-28T00:04:42.574917] [INFO] Подключение к базе данных: C:\Users\Vaan\Desktop\qkd_encryption_system\server_user_2\databases\user_2_db.db
[2025-11-28T00:04:42.574917] [ERROR] Ошибка при выполнении запроса: 
                SELECT message_id, sender, receiver, message_text, created_at
                FROM test_messages
                WHERE receiver = ? AND direction = 'received'
                ORDER BY created_at DESC
                LIMIT 50
            , параметры: Max, ошибка: Incorrect number of bindings supplied. The current statement uses 1, and there are 3 supplied.
[2025-11-28T00:04:42.583354] [ERROR] Ошибка получения тестовых сообщений для шаблона: Incorrect number of bindings supplied. The current statement uses 1, and there are 3 supplied.
[2025-11-28T00:04:44.013797] [INFO] DEBUG: Получение тестовых сообщений для получателя: UserB
[2025-11-28T00:04:44.014781] [INFO] Подключение к базе данных: C:\Users\Vaan\Desktop\qkd_encryption_system\server_user_1\databases\user_1_db.db
[2025-11-28T00:04:44.571370] [INFO] DEBUG: Получение тестовых сообщений для получателя: UserA
[2025-11-28T00:04:44.572368] [INFO] Подключение к базе данных: C:\Users\Vaan\Desktop\qkd_encryption_system\server_user_2\databases\user_2_db.db
[2025-11-28T00:04:44.572368] [INFO] DEBUG: Найдено сообщений в БД: 0
[2025-11-28T00:04:44.573382] [INFO] DEBUG: Возвращено сообщений: 0
[2025-11-28T00:04:45.281800] [INFO] DEBUG: Получение тестовых сообщений для получателя: UserB
[2025-11-28T00:04:45.281800] [INFO] Подключение к базе данных: C:\Users\Vaan\Desktop\qkd_encryption_system\server_user_1\databases\user_1_db.db
[2025-11-28T00:04:46.016337] [INFO] DEBUG: Получение тестовых сообщений для получателя: UserB
[2025-11-28T00:04:46.017337] [INFO] Подключение к базе данных: C:\Users\Vaan\Desktop\qkd_encryption_system\server_user_1\databases\user_1_db.db
[2025-11-28T00:04:47.829511] [INFO] Подключение к базе данных: C:\Users\Vaan\Desktop\qkd_encryption_system\server_user_1\databases\user_1_db.db
[2025-11-28T00:04:47.837075] [INFO] Сохранено отправленное сообщение от hisoka для UserB: fsfdfsfdsf
[2025-11-28T00:04:48.884663] [INFO] DEBUG: Получение тестовых сообщений для получателя: UserA
[2025-11-28T00:04:48.884663] [INFO] Подключение к базе данных: C:\Users\Vaan\Desktop\qkd_encryption_system\server_user_2\databases\user_2_db.db
[2025-11-28T00:04:48.885659] [INFO] DEBUG: Найдено сообщений в БД: 0
[2025-11-28T00:04:48.885659] [INFO] DEBUG: Возвращено сообщений: 0
[2025-11-28T00:04:49.015691] [INFO] DEBUG: Получение тестовых сообщений для получателя: UserB
[2025-11-28T00:04:49.015691] [INFO] Подключение к базе данных: C:\Users\Vaan\Desktop\qkd_encryption_system\server_user_1\databases\user_1_db.db
[2025-11-28T00:04:49.922039] [INFO] Подключение к базе данных: C:\Users\Vaan\Desktop\qkd_encryption_system\server_user_2\databases\user_2_db.db
[2025-11-28T00:04:49.930473] [INFO] Получено тестовое сообщение от hisoka для UserB: fsfdfsfdsf
[2025-11-28T00:04:52.572533] [INFO] DEBUG: Получение тестовых сообщений для получателя: UserB
[2025-11-28T00:04:52.572533] [INFO] Подключение к базе данных: C:\Users\Vaan\Desktop\qkd_encryption_system\server_user_1\databases\user_1_db.db
[2025-11-28T00:04:52.725382] [INFO] DEBUG: Получение тестовых сообщений для получателя: UserA
[2025-11-28T00:04:52.725382] [INFO] Подключение к базе данных: C:\Users\Vaan\Desktop\qkd_encryption_system\server_user_2\databases\user_2_db.db
[2025-11-28T00:04:52.726409] [INFO] DEBUG: Найдено сообщений в БД: 0
[2025-11-28T00:04:52.726409] [INFO] DEBUG: Возвращено сообщений: 0
[2025-11-28T00:04:53.432701] [INFO] Подключение к базе данных: C:\Users\Vaan\Desktop\qkd_encryption_system\server_user_2\databases\user_2_db.db
[2025-11-28T00:04:53.433665] [ERROR] Ошибка при выполнении запроса: 
                SELECT message_id, sender, receiver, message_text, created_at
                FROM test_messages
                WHERE receiver = ? AND direction = 'received'
                ORDER BY created_at DESC
                LIMIT 50
            , параметры: Max, ошибка: Incorrect number of bindings supplied. The current statement uses 1, and there are 3 supplied.
[2025-11-28T00:04:53.440221] [ERROR] Ошибка получения тестовых сообщений для шаблона: Incorrect number of bindings supplied. The current statement uses 1, and there are 3 supplied.
[2025-11-28T00:04:54.122002] [INFO] Подключение к базе данных: C:\Users\Vaan\Desktop\qkd_encryption_system\server_user_2\databases\user_2_db.db
[2025-11-28T00:04:54.122967] [ERROR] Ошибка при выполнении запроса: 
                SELECT message_id, sender, receiver, message_text, created_at
                FROM test_messages
                WHERE receiver = ? AND direction = 'received'
                ORDER BY created_at DESC
                LIMIT 50
            , параметры: Max, ошибка: Incorrect number of bindings supplied. The current statement uses 1, and there are 3 supplied.
[2025-11-28T00:04:54.127094] [ERROR] Ошибка получения тестовых сообщений для шаблона: Incorrect number of bindings supplied. The current statement uses 1, and there are 3 supplied.
[2025-11-28T00:04:54.576569] [INFO] Подключение к базе данных: C:\Users\Vaan\Desktop\qkd_encryption_system\server_user_2\databases\user_2_db.db
[2025-11-28T00:04:54.580560] [ERROR] Ошибка при выполнении запроса: 
                SELECT message_id, sender, receiver, message_text, created_at
                FROM test_messages
                WHERE receiver = ? AND direction = 'received'
                ORDER BY created_at DESC
                LIMIT 50
            , параметры: Max, ошибка: Incorrect number of bindings supplied. The current statement uses 1, and there are 3 supplied.
[2025-11-28T00:04:55.111656] [ERROR] Ошибка получения тестовых сообщений для шаблона: Incorrect number of bindings supplied. The current statement uses 1, and there are 3 supplied.
[2025-11-28T00:04:55.574262] [INFO] DEBUG: Получение тестовых сообщений для получателя: UserB
[2025-11-28T00:04:55.577253] [INFO] Подключение к базе данных: C:\Users\Vaan\Desktop\qkd_encryption_system\server_user_1\databases\user_1_db.db
[2025-11-28T00:04:55.584234] [INFO] Подключение к базе данных: C:\Users\Vaan\Desktop\qkd_encryption_system\server_user_1\databases\user_1_db.db
[2025-11-28T00:04:55.722863] [INFO] Подключение к базе данных: C:\Users\Vaan\Desktop\qkd_encryption_system\server_user_1\databases\user_1_db.db
[2025-11-28T00:04:56.822650] [INFO] DEBUG: Получение тестовых сообщений для получателя: UserA
[2025-11-28T00:04:56.823938] [INFO] Подключение к базе данных: C:\Users\Vaan\Desktop\qkd_encryption_system\server_user_2\databases\user_2_db.db
[2025-11-28T00:04:56.823938] [INFO] DEBUG: Найдено сообщений в БД: 0
[2025-11-28T00:04:56.823938] [INFO] DEBUG: Возвращено сообщений: 0
[2025-11-28T00:04:57.581264] [INFO] DEBUG: Получение тестовых сообщений для получателя: UserB
[2025-11-28T00:04:57.581264] [INFO] Подключение к базе данных: C:\Users\Vaan\Desktop\qkd_encryption_system\server_user_1\databases\user_1_db.db
[2025-11-28T00:04:58.600944] [INFO] DEBUG: Получение тестовых сообщений для получателя: UserA
[2025-11-28T00:04:58.600944] [INFO] Подключение к базе данных: C:\Users\Vaan\Desktop\qkd_encryption_system\server_user_2\databases\user_2_db.db
[2025-11-28T00:04:58.601925] [INFO] DEBUG: Найдено сообщений в БД: 0
[2025-11-28T00:04:58.601925] [INFO] DEBUG: Возвращено сообщений: 0
[2025-11-28T00:04:58.867630] [INFO] DEBUG: Получение тестовых сообщений для получателя: UserA
[2025-11-28T00:04:58.868627] [INFO] Подключение к базе данных: C:\Users\Vaan\Desktop\qkd_encryption_system\server_user_2\databases\user_2_db.db
[2025-11-28T00:04:58.868627] [INFO] DEBUG: Найдено сообщений в БД: 0
[2025-11-28T00:04:58.869623] [INFO] DEBUG: Возвращено сообщений: 0
[2025-11-28T00:05:00.716462] [INFO] Подключение к базе данных: C:\Users\Vaan\Desktop\qkd_encryption_system\server_user_2\databases\user_2_db.db
[2025-11-28T00:05:00.724318] [INFO] Сохранено отправленное сообщение от Max для UserA: dsfsfdsfsdfff
[2025-11-28T00:05:01.572101] [INFO] DEBUG: Получение тестовых сообщений для получателя: UserB
[2025-11-28T00:05:01.573098] [INFO] Подключение к базе данных: C:\Users\Vaan\Desktop\qkd_encryption_system\server_user_1\databases\user_1_db.db
[2025-11-28T00:05:02.132910] [INFO] DEBUG: Получение тестовых сообщений для получателя: UserA
[2025-11-28T00:05:02.133911] [INFO] Подключение к базе данных: C:\Users\Vaan\Desktop\qkd_encryption_system\server_user_2\databases\user_2_db.db
[2025-11-28T00:05:02.133911] [INFO] DEBUG: Найдено сообщений в БД: 0
[2025-11-28T00:05:02.134907] [INFO] DEBUG: Возвращено сообщений: 0
[2025-11-28T00:05:02.784230] [INFO] Подключение к базе данных: C:\Users\Vaan\Desktop\qkd_encryption_system\server_user_1\databases\user_1_db.db
[2025-11-28T00:05:02.790644] [INFO] Получено тестовое сообщение от Max для UserA: dsfsfdsfsdfff
[2025-11-28T00:05:04.827743] [INFO] DEBUG: Получение тестовых сообщений для получателя: UserB
[2025-11-28T00:05:04.828745] [INFO] Подключение к базе данных: C:\Users\Vaan\Desktop\qkd_encryption_system\server_user_1\databases\user_1_db.db
[2025-11-28T00:05:05.888120] [INFO] DEBUG: Получение тестовых сообщений для получателя: UserA
[2025-11-28T00:05:05.888120] [INFO] Подключение к базе данных: C:\Users\Vaan\Desktop\qkd_encryption_system\server_user_2\databases\user_2_db.db
[2025-11-28T00:05:05.889117] [INFO] DEBUG: Найдено сообщений в БД: 0
[2025-11-28T00:05:05.889117] [INFO] DEBUG: Возвращено сообщений: 0
[2025-11-28T00:05:05.917867] [INFO] Подключение к базе данных: C:\Users\Vaan\Desktop\qkd_encryption_system\server_user_1\databases\user_1_db.db
[2025-11-28T00:05:06.938632] [INFO] DEBUG: Получение тестовых сообщений для получателя: UserB
[2025-11-28T00:05:06.938632] [INFO] Подключение к базе данных: C:\Users\Vaan\Desktop\qkd_encryption_system\server_user_1\databases\user_1_db.db
[2025-11-28T00:05:07.167605] [INFO] DEBUG: Получение тестовых сообщений для получателя: UserB
[2025-11-28T00:05:07.167605] [INFO] Подключение к базе данных: C:\Users\Vaan\Desktop\qkd_encryption_system\server_user_1\databases\user_1_db.db
[2025-11-28T00:05:08.137863] [INFO] Подключение к базе данных: C:\Users\Vaan\Desktop\qkd_encryption_system\server_user_2\databases\user_2_db.db
[2025-11-28T00:05:08.138825] [ERROR] Ошибка при выполнении запроса: 
                SELECT message_id, sender, receiver, message_text, created_at
                FROM test_messages
                WHERE receiver = ? AND direction = 'received'
                ORDER BY created_at DESC
                LIMIT 50
            , параметры: Max, ошибка: Incorrect number of bindings supplied. The current statement uses 1, and there are 3 supplied.
[2025-11-28T00:05:08.143590] [ERROR] Ошибка получения тестовых сообщений для шаблона: Incorrect number of bindings supplied. The current statement uses 1, and there are 3 supplied.
[2025-11-28T00:05:08.625173] [INFO] Подключение к базе данных: C:\Users\Vaan\Desktop\qkd_encryption_system\server_user_2\databases\user_2_db.db
[2025-11-28T00:05:08.626170] [ERROR] Ошибка при выполнении запроса: 
                SELECT message_id, sender, receiver, message_text, created_at
                FROM test_messages
                WHERE receiver = ? AND direction = 'received'
                ORDER BY created_at DESC
                LIMIT 50
            , параметры: Max, ошибка: Incorrect number of bindings supplied. The current statement uses 1, and there are 3 supplied.
[2025-11-28T00:05:08.630197] [ERROR] Ошибка получения тестовых сообщений для шаблона: Incorrect number of bindings supplied. The current statement uses 1, and there are 3 supplied.
[2025-11-28T00:05:09.629382] [INFO] DEBUG: Получение тестовых сообщений для получателя: UserA
[2025-11-28T00:05:09.631401] [INFO] Подключение к базе данных: C:\Users\Vaan\Desktop\qkd_encryption_system\server_user_2\databases\user_2_db.db
[2025-11-28T00:05:09.631401] [INFO] DEBUG: Найдено сообщений в БД: 0
[2025-11-28T00:05:09.631401] [INFO] DEBUG: Возвращено сообщений: 0
[2025-11-28T00:05:09.722475] [INFO] DEBUG: Получение тестовых сообщений для получателя: UserB
[2025-11-28T00:05:09.723471] [INFO] Подключение к базе данных: C:\Users\Vaan\Desktop\qkd_encryption_system\server_user_1\databases\user_1_db.db
[2025-11-28T00:05:10.192216] [INFO] DEBUG: Получение тестовых сообщений для получателя: UserA
[2025-11-28T00:05:10.193213] [INFO] Подключение к базе данных: C:\Users\Vaan\Desktop\qkd_encryption_system\server_user_2\databases\user_2_db.db
[2025-11-28T00:05:10.196206] [INFO] DEBUG: Найдено сообщений в БД: 0
[2025-11-28T00:05:10.197204] [INFO] DEBUG: Возвращено сообщений: 0
[2025-11-28T00:05:12.571576] [INFO] DEBUG: Получение тестовых сообщений для получателя: UserB
[2025-11-28T00:05:12.572575] [INFO] Подключение к базе данных: C:\Users\Vaan\Desktop\qkd_encryption_system\server_user_1\databases\user_1_db.db
[2025-11-28T00:05:14.987701] [INFO] DEBUG: Получение тестовых сообщений для получателя: UserA
[2025-11-28T00:05:14.988699] [INFO] Подключение к базе данных: C:\Users\Vaan\Desktop\qkd_encryption_system\server_user_2\databases\user_2_db.db
[2025-11-28T00:05:14.988699] [INFO] DEBUG: Найдено сообщений в БД: 0
[2025-11-28T00:05:14.989695] [INFO] DEBUG: Возвращено сообщений: 0
[2025-11-28T00:05:15.581147] [INFO] DEBUG: Получение тестовых сообщений для получателя: UserB
[2025-11-28T00:05:15.581147] [INFO] Подключение к базе данных: C:\Users\Vaan\Desktop\qkd_encryption_system\server_user_1\databases\user_1_db.db
[2025-11-28T00:05:18.571706] [INFO] DEBUG: Получение тестовых сообщений для получателя: UserB
[2025-11-28T00:05:18.571706] [INFO] Подключение к базе данных: C:\Users\Vaan\Desktop\qkd_encryption_system\server_user_1\databases\user_1_db.db
[2025-11-28T00:05:19.889623] [INFO] DEBUG: Получение тестовых сообщений для получателя: UserA
[2025-11-28T00:05:19.889623] [INFO] Подключение к базе данных: C:\Users\Vaan\Desktop\qkd_encryption_system\server_user_2\databases\user_2_db.db
[2025-11-28T00:05:19.890620] [INFO] DEBUG: Найдено сообщений в БД: 0
[2025-11-28T00:05:19.891649] [INFO] DEBUG: Возвращено сообщений: 0
[2025-11-28T00:05:21.582555] [INFO] DEBUG: Получение тестовых сообщений для получателя: UserB
[2025-11-28T00:05:21.583521] [INFO] Подключение к базе данных: C:\Users\Vaan\Desktop\qkd_encryption_system\server_user_1\databases\user_1_db.db
[2025-11-28T00:05:24.576602] [INFO] DEBUG: Получение тестовых сообщений для получателя: UserB
[2025-11-28T00:05:24.576602] [INFO] Подключение к базе данных: C:\Users\Vaan\Desktop\qkd_encryption_system\server_user_1\databases\user_1_db.db
[2025-11-28T00:05:24.884972] [INFO] DEBUG: Получение тестовых сообщений для получателя: UserA
[2025-11-28T00:05:24.884972] [INFO] Подключение к базе данных: C:\Users\Vaan\Desktop\qkd_encryption_system\server_user_2\databases\user_2_db.db
[2025-11-28T00:05:24.885969] [INFO] DEBUG: Найдено сообщений в БД: 0
[2025-11-28T00:05:24.885969] [INFO] DEBUG: Возвращено сообщений: 0
[2025-11-28T00:05:27.580761] [INFO] DEBUG: Получение тестовых сообщений для получателя: UserB
[2025-11-28T00:05:27.581758] [INFO] Подключение к базе данных: C:\Users\Vaan\Desktop\qkd_encryption_system\server_user_1\databases\user_1_db.db
[2025-11-28T00:05:29.971322] [INFO] DEBUG: Получение тестовых сообщений для получателя: UserA
[2025-11-28T00:05:29.972319] [INFO] Подключение к базе данных: C:\Users\Vaan\Desktop\qkd_encryption_system\server_user_2\databases\user_2_db.db
[2025-11-28T00:05:29.975311] [INFO] DEBUG: Найдено сообщений в БД: 0
[2025-11-28T00:05:29.975311] [INFO] DEBUG: Возвращено сообщений: 0
[2025-11-28T00:05:30.581360] [INFO] DEBUG: Получение тестовых сообщений для получателя: UserB
[2025-11-28T00:05:30.581360] [INFO] Подключение к базе данных: C:\Users\Vaan\Desktop\qkd_encryption_system\server_user_1\databases\user_1_db.db
[2025-11-28T00:05:33.581661] [INFO] DEBUG: Получение тестовых сообщений для получателя: UserB
[2025-11-28T00:05:33.581661] [INFO] Подключение к базе данных: C:\Users\Vaan\Desktop\qkd_encryption_system\server_user_1\databases\user_1_db.db
[2025-11-28T00:05:35.143134] [INFO] DEBUG: Получение тестовых сообщений для получателя: UserA
[2025-11-28T00:05:35.145128] [INFO] Подключение к базе данных: C:\Users\Vaan\Desktop\qkd_encryption_system\server_user_2\databases\user_2_db.db
[2025-11-28T00:05:35.147123] [INFO] DEBUG: Найдено сообщений в БД: 0
[2025-11-28T00:05:35.149117] [INFO] DEBUG: Возвращено сообщений: 0
[2025-11-28T00:05:36.573098] [INFO] DEBUG: Получение тестовых сообщений для получателя: UserB
[2025-11-28T00:05:36.573098] [INFO] Подключение к базе данных: C:\Users\Vaan\Desktop\qkd_encryption_system\server_user_1\databases\user_1_db.db
[2025-11-28T00:05:39.585125] [INFO] DEBUG: Получение тестовых сообщений для получателя: UserB
[2025-11-28T00:05:39.585125] [INFO] Подключение к базе данных: C:\Users\Vaan\Desktop\qkd_encryption_system\server_user_1\databases\user_1_db.db
[2025-11-28T00:05:39.891418] [INFO] DEBUG: Получение тестовых сообщений для получателя: UserA
[2025-11-28T00:05:39.892415] [INFO] Подключение к базе данных: C:\Users\Vaan\Desktop\qkd_encryption_system\server_user_2\databases\user_2_db.db
[2025-11-28T00:05:39.893412] [INFO] DEBUG: Найдено сообщений в БД: 0
[2025-11-28T00:05:39.894441] [INFO] DEBUG: Возвращено сообщений: 0
[2025-11-28T00:05:42.574888] [INFO] DEBUG: Получение тестовых сообщений для получателя: UserB
[2025-11-28T00:05:42.574888] [INFO] Подключение к базе данных: C:\Users\Vaan\Desktop\qkd_encryption_system\server_user_1\databases\user_1_db.db
[2025-11-28T00:05:44.950915] [INFO] DEBUG: Получение тестовых сообщений для получателя: UserA
[2025-11-28T00:05:44.950915] [INFO] Подключение к базе данных: C:\Users\Vaan\Desktop\qkd_encryption_system\server_user_2\databases\user_2_db.db
[2025-11-28T00:05:44.954902] [INFO] DEBUG: Найдено сообщений в БД: 0
[2025-11-28T00:05:44.955900] [INFO] DEBUG: Возвращено сообщений: 0
[2025-11-28T00:05:45.576715] [INFO] DEBUG: Получение тестовых сообщений для получателя: UserB
[2025-11-28T00:05:45.577711] [INFO] Подключение к базе данных: C:\Users\Vaan\Desktop\qkd_encryption_system\server_user_1\databases\user_1_db.db
[2025-11-28T00:05:48.585444] [INFO] DEBUG: Получение тестовых сообщений для получателя: UserB
[2025-11-28T00:05:48.586440] [INFO] Подключение к базе данных: C:\Users\Vaan\Desktop\qkd_encryption_system\server_user_1\databases\user_1_db.db
[2025-11-28T00:05:49.895726] [INFO] DEBUG: Получение тестовых сообщений для получателя: UserA
[2025-11-28T00:05:49.896723] [INFO] Подключение к базе данных: C:\Users\Vaan\Desktop\qkd_encryption_system\server_user_2\databases\user_2_db.db
[2025-11-28T00:05:49.897722] [INFO] DEBUG: Найдено сообщений в БД: 0
[2025-11-28T00:05:49.898720] [INFO] DEBUG: Возвращено сообщений: 0
[2025-11-28T00:05:51.572374] [INFO] DEBUG: Получение тестовых сообщений для получателя: UserB
[2025-11-28T00:05:51.573385] [INFO] Подключение к базе данных: C:\Users\Vaan\Desktop\qkd_encryption_system\server_user_1\databases\user_1_db.db
[2025-11-28T00:05:54.576918] [INFO] DEBUG: Получение тестовых сообщений для получателя: UserB
[2025-11-28T00:05:54.577915] [INFO] Подключение к базе данных: C:\Users\Vaan\Desktop\qkd_encryption_system\server_user_1\databases\user_1_db.db
[2025-11-28T00:05:54.887067] [INFO] DEBUG: Получение тестовых сообщений для получателя: UserA
[2025-11-28T00:05:54.888065] [INFO] Подключение к базе данных: C:\Users\Vaan\Desktop\qkd_encryption_system\server_user_2\databases\user_2_db.db
[2025-11-28T00:05:54.889032] [INFO] DEBUG: Найдено сообщений в БД: 0
[2025-11-28T00:05:54.890040] [INFO] DEBUG: Возвращено сообщений: 0
[2025-11-28T00:05:57.579788] [INFO] DEBUG: Получение тестовых сообщений для получателя: UserB
[2025-11-28T00:05:57.580787] [INFO] Подключение к базе данных: C:\Users\Vaan\Desktop\qkd_encryption_system\server_user_1\databases\user_1_db.db
[2025-11-28T00:05:59.891942] [INFO] DEBUG: Получение тестовых сообщений для получателя: UserA
[2025-11-28T00:05:59.891942] [INFO] Подключение к базе данных: C:\Users\Vaan\Desktop\qkd_encryption_system\server_user_2\databases\user_2_db.db
[2025-11-28T00:05:59.892940] [INFO] DEBUG: Найдено сообщений в БД: 0
[2025-11-28T00:05:59.892940] [INFO] DEBUG: Возвращено сообщений: 0
[2025-11-28T00:06:00.578330] [INFO] DEBUG: Получение тестовых сообщений для получателя: UserB
[2025-11-28T00:06:00.578821] [INFO] Подключение к базе данных: C:\Users\Vaan\Desktop\qkd_encryption_system\server_user_1\databases\user_1_db.db
[2025-11-28T00:06:03.609001] [INFO] DEBUG: Получение тестовых сообщений для получателя: UserB
[2025-11-28T00:06:03.612991] [INFO] Подключение к базе данных: C:\Users\Vaan\Desktop\qkd_encryption_system\server_user_1\databases\user_1_db.db
[2025-11-28T00:06:04.934475] [INFO] DEBUG: Получение тестовых сообщений для получателя: UserA
[2025-11-28T00:06:04.934475] [INFO] Подключение к базе данных: C:\Users\Vaan\Desktop\qkd_encryption_system\server_user_2\databases\user_2_db.db
[2025-11-28T00:06:04.937467] [INFO] DEBUG: Найдено сообщений в БД: 0
[2025-11-28T00:06:04.938465] [INFO] DEBUG: Возвращено сообщений: 0
[2025-11-28T00:06:06.613458] [INFO] DEBUG: Получение тестовых сообщений для получателя: UserB
[2025-11-28T00:06:06.614456] [INFO] Подключение к базе данных: C:\Users\Vaan\Desktop\qkd_encryption_system\server_user_1\databases\user_1_db.db
[2025-11-28T00:06:09.885620] [INFO] DEBUG: Получение тестовых сообщений для получателя: UserA
[2025-11-28T00:06:09.886617] [INFO] Подключение к базе данных: C:\Users\Vaan\Desktop\qkd_encryption_system\server_user_2\databases\user_2_db.db
[2025-11-28T00:06:09.887614] [INFO] DEBUG: Найдено сообщений в БД: 0
[2025-11-28T00:06:09.888610] [INFO] DEBUG: Возвращено сообщений: 0
[2025-11-28T00:06:43.148164] [INFO] DEBUG: Получение тестовых сообщений для получателя: UserA
[2025-11-28T00:06:43.149162] [INFO] Подключение к базе данных: C:\Users\Vaan\Desktop\qkd_encryption_system\server_user_2\databases\user_2_db.db
[2025-11-28T00:06:43.150160] [INFO] DEBUG: Найдено сообщений в БД: 0
[2025-11-28T00:06:43.150160] [INFO] DEBUG: Возвращено сообщений: 0
[2025-11-28T00:06:43.982908] [INFO] DEBUG: Получение тестовых сообщений для получателя: UserA
[2025-11-28T00:06:43.983906] [INFO] Подключение к базе данных: C:\Users\Vaan\Desktop\qkd_encryption_system\server_user_2\databases\user_2_db.db
[2025-11-28T00:06:43.985902] [INFO] DEBUG: Найдено сообщений в БД: 0
[2025-11-28T00:06:43.986898] [INFO] DEBUG: Возвращено сообщений: 0
[2025-11-28T00:06:49.892988] [INFO] DEBUG: Получение тестовых сообщений для получателя: UserA
[2025-11-28T00:06:49.892988] [INFO] Подключение к базе данных: C:\Users\Vaan\Desktop\qkd_encryption_system\server_user_2\databases\user_2_db.db
[2025-11-28T00:06:49.893987] [INFO] DEBUG: Найдено сообщений в БД: 0
[2025-11-28T00:06:49.894983] [INFO] DEBUG: Возвращено сообщений: 0
[2025-11-28T00:06:53.633322] [INFO] DEBUG: Получение тестовых сообщений для получателя: UserB
[2025-11-28T00:06:53.635317] [INFO] Подключение к базе данных: C:\Users\Vaan\Desktop\qkd_encryption_system\server_user_1\databases\user_1_db.db
[2025-11-28T00:06:54.933173] [INFO] DEBUG: Получение тестовых сообщений для получателя: UserA
[2025-11-28T00:06:54.934171] [INFO] Подключение к базе данных: C:\Users\Vaan\Desktop\qkd_encryption_system\server_user_2\databases\user_2_db.db
[2025-11-28T00:06:54.938160] [INFO] DEBUG: Найдено сообщений в БД: 0
[2025-11-28T00:06:54.938160] [INFO] DEBUG: Возвращено сообщений: 0
[2025-11-28T00:06:59.495887] [INFO] Подключение к базе данных: C:\Users\Vaan\Desktop\qkd_encryption_system\server_user_2\databases\user_2_db.db
[2025-11-28T00:06:59.495887] [INFO] Подключение к базе данных: C:\Users\Vaan\Desktop\qkd_encryption_system\server_user_2\databases\user_2_db.db
[2025-11-28T00:06:59.496885] [INFO] Подключение к базе данных: C:\Users\Vaan\Desktop\qkd_encryption_system\server_user_2\databases\user_2_db.db
[2025-11-28T00:06:59.496885] [INFO] Подключение к базе данных: C:\Users\Vaan\Desktop\qkd_encryption_system\server_user_2\databases\user_2_db.db
[2025-11-28T00:06:59.497893] [INFO] Подключение к базе данных: C:\Users\Vaan\Desktop\qkd_encryption_system\server_user_2\databases\user_2_db.db
[2025-11-28T00:06:59.498882] [INFO] Подключение к базе данных: C:\Users\Vaan\Desktop\qkd_encryption_system\server_user_2\databases\user_2_db.db
[2025-11-28T00:06:59.498882] [INFO] Подключение к базе данных: C:\Users\Vaan\Desktop\qkd_encryption_system\server_user_2\databases\user_2_db.db
[2025-11-28T00:07:00.702744] [INFO] Подключение к базе данных: C:\Users\Vaan\Desktop\qkd_encryption_system\server_user_2\databases\user_2_db.db
[2025-11-28T00:07:00.702744] [INFO] Подключение к базе данных: C:\Users\Vaan\Desktop\qkd_encryption_system\server_user_2\databases\user_2_db.db
[2025-11-28T00:07:00.703741] [INFO] Подключение к базе данных: C:\Users\Vaan\Desktop\qkd_encryption_system\server_user_2\databases\user_2_db.db
[2025-11-28T00:07:00.703741] [INFO] Подключение к базе данных: C:\Users\Vaan\Desktop\qkd_encryption_system\server_user_2\databases\user_2_db.db
[2025-11-28T00:07:00.704739] [INFO] Подключение к базе данных: C:\Users\Vaan\Desktop\qkd_encryption_system\server_user_2\databases\user_2_db.db
[2025-11-28T00:07:00.705738] [INFO] Подключение к базе данных: C:\Users\Vaan\Desktop\qkd_encryption_system\server_user_2\databases\user_2_db.db
[2025-11-28T00:07:00.705738] [INFO] Подключение к базе данных: C:\Users\Vaan\Desktop\qkd_encryption_system\server_user_2\databases\user_2_db.db
[2025-11-28T00:07:00.748623] [INFO] DEBUG: Получение тестовых сообщений для получателя: UserA
[2025-11-28T00:07:00.749619] [INFO] Подключение к базе данных: C:\Users\Vaan\Desktop\qkd_encryption_system\server_user_2\databases\user_2_db.db
[2025-11-28T00:07:00.751618] [INFO] DEBUG: Найдено сообщений в БД: 0
[2025-11-28T00:07:00.751618] [INFO] DEBUG: Возвращено сообщений: 0
[2025-11-28T00:07:00.918168] [INFO] Подключение к базе данных: C:\Users\Vaan\Desktop\qkd_encryption_system\server_user_1\databases\user_1_db.db
[2025-11-28T00:07:00.919165] [INFO] Подключение к базе данных: C:\Users\Vaan\Desktop\qkd_encryption_system\server_user_1\databases\user_1_db.db
[2025-11-28T00:07:00.919165] [INFO] Подключение к базе данных: C:\Users\Vaan\Desktop\qkd_encryption_system\server_user_1\databases\user_1_db.db
[2025-11-28T00:07:00.919165] [INFO] Подключение к базе данных: C:\Users\Vaan\Desktop\qkd_encryption_system\server_user_1\databases\user_1_db.db
[2025-11-28T00:07:00.920162] [INFO] Подключение к базе данных: C:\Users\Vaan\Desktop\qkd_encryption_system\server_user_1\databases\user_1_db.db
[2025-11-28T00:07:00.921160] [INFO] Подключение к базе данных: C:\Users\Vaan\Desktop\qkd_encryption_system\server_user_1\databases\user_1_db.db
[2025-11-28T00:07:00.921160] [INFO] Подключение к базе данных: C:\Users\Vaan\Desktop\qkd_encryption_system\server_user_1\databases\user_1_db.db
[2025-11-28T00:07:07.180860] [INFO] Подключение к базе данных: C:\Users\Vaan\Desktop\qkd_encryption_system\server_user_2\databases\user_2_db.db
[2025-11-28T00:07:07.180860] [INFO] Подключение к базе данных: C:\Users\Vaan\Desktop\qkd_encryption_system\server_user_2\databases\user_2_db.db
[2025-11-28T00:07:07.181993] [INFO] Подключение к базе данных: C:\Users\Vaan\Desktop\qkd_encryption_system\server_user_2\databases\user_2_db.db
[2025-11-28T00:07:07.181993] [INFO] Подключение к базе данных: C:\Users\Vaan\Desktop\qkd_encryption_system\server_user_2\databases\user_2_db.db
[2025-11-28T00:07:07.182498] [INFO] Подключение к базе данных: C:\Users\Vaan\Desktop\qkd_encryption_system\server_user_2\databases\user_2_db.db
[2025-11-28T00:07:07.183520] [INFO] Подключение к базе данных: C:\Users\Vaan\Desktop\qkd_encryption_system\server_user_2\databases\user_2_db.db
[2025-11-28T00:07:07.183520] [INFO] Подключение к базе данных: C:\Users\Vaan\Desktop\qkd_encryption_system\server_user_2\databases\user_2_db.db
[2025-11-28T00:07:07.528803] [INFO] Подключение к базе данных: C:\Users\Vaan\Desktop\qkd_encryption_system\server_user_2\databases\user_2_db.db
[2025-11-28T00:07:07.528803] [INFO] Подключение к базе данных: C:\Users\Vaan\Desktop\qkd_encryption_system\server_user_2\databases\user_2_db.db
[2025-11-28T00:07:07.528803] [INFO] Подключение к базе данных: C:\Users\Vaan\Desktop\qkd_encryption_system\server_user_2\databases\user_2_db.db
[2025-11-28T00:07:07.529775] [INFO] Подключение к базе данных: C:\Users\Vaan\Desktop\qkd_encryption_system\server_user_2\databases\user_2_db.db
[2025-11-28T00:07:07.529775] [INFO] Подключение к базе данных: C:\Users\Vaan\Desktop\qkd_encryption_system\server_user_2\databases\user_2_db.db
[2025-11-28T00:07:07.531789] [INFO] Подключение к базе данных: C:\Users\Vaan\Desktop\qkd_encryption_system\server_user_2\databases\user_2_db.db
[2025-11-28T00:07:07.531789] [INFO] Подключение к базе данных: C:\Users\Vaan\Desktop\qkd_encryption_system\server_user_2\databases\user_2_db.db
[2025-11-28T00:07:08.860491] [INFO] Подключение к базе данных: C:\Users\Vaan\Desktop\qkd_encryption_system\server_user_1\databases\user_1_db.db
[2025-11-28T00:07:08.860491] [INFO] Подключение к базе данных: C:\Users\Vaan\Desktop\qkd_encryption_system\server_user_1\databases\user_1_db.db
[2025-11-28T00:07:08.866475] [INFO] Подключение к базе данных: C:\Users\Vaan\Desktop\qkd_encryption_system\server_user_1\databases\user_1_db.db
[2025-11-28T00:07:08.867470] [INFO] Подключение к базе данных: C:\Users\Vaan\Desktop\qkd_encryption_system\server_user_1\databases\user_1_db.db
[2025-11-28T00:07:08.868469] [INFO] Подключение к базе данных: C:\Users\Vaan\Desktop\qkd_encryption_system\server_user_1\databases\user_1_db.db
[2025-11-28T00:07:08.870463] [INFO] Подключение к базе данных: C:\Users\Vaan\Desktop\qkd_encryption_system\server_user_1\databases\user_1_db.db
[2025-11-28T00:07:08.870463] [INFO] Подключение к базе данных: C:\Users\Vaan\Desktop\qkd_encryption_system\server_user_1\databases\user_1_db.db
[2025-11-28T00:07:09.882636] [INFO] DEBUG: Получение тестовых сообщений для получателя: UserA
[2025-11-28T00:07:09.882636] [INFO] Подключение к базе данных: C:\Users\Vaan\Desktop\qkd_encryption_system\server_user_2\databases\user_2_db.db
[2025-11-28T00:07:09.885627] [INFO] DEBUG: Найдено сообщений в БД: 0
[2025-11-28T00:07:09.885627] [INFO] DEBUG: Возвращено сообщений: 0
[2025-11-28T00:07:10.066531] [INFO] Подключение к базе данных: C:\Users\Vaan\Desktop\qkd_encryption_system\server_user_1\databases\user_1_db.db
[2025-11-28T00:07:10.067505] [INFO] Подключение к базе данных: C:\Users\Vaan\Desktop\qkd_encryption_system\server_user_1\databases\user_1_db.db
[2025-11-28T00:07:10.067505] [INFO] Подключение к базе данных: C:\Users\Vaan\Desktop\qkd_encryption_system\server_user_1\databases\user_1_db.db
[2025-11-28T00:07:10.068492] [INFO] Подключение к базе данных: C:\Users\Vaan\Desktop\qkd_encryption_system\server_user_1\databases\user_1_db.db
[2025-11-28T00:07:10.068492] [INFO] Подключение к базе данных: C:\Users\Vaan\Desktop\qkd_encryption_system\server_user_1\databases\user_1_db.db
[2025-11-28T00:07:10.070521] [INFO] Подключение к базе данных: C:\Users\Vaan\Desktop\qkd_encryption_system\server_user_1\databases\user_1_db.db
[2025-11-28T00:07:10.070521] [INFO] Подключение к базе данных: C:\Users\Vaan\Desktop\qkd_encryption_system\server_user_1\databases\user_1_db.db
[2025-11-28T00:07:13.975332] [INFO] Подключение к базе данных: C:\Users\Vaan\Desktop\qkd_encryption_system\server_user_2\databases\user_2_db.db
[2025-11-28T00:07:13.976297] [ERROR] Ошибка при выполнении запроса: 
                SELECT message_id, sender, receiver, message_text, created_at
                FROM test_messages
                WHERE direction = 'received'
                ORDER BY created_at DESC
                LIMIT 50
            , параметры: Max, ошибка: Incorrect number of bindings supplied. The current statement uses 0, and there are 3 supplied.
[2025-11-28T00:07:13.980628] [ERROR] Ошибка получения тестовых сообщений для шаблона: Incorrect number of bindings supplied. The current statement uses 0, and there are 3 supplied.
[2025-11-28T00:07:14.629988] [INFO] DEBUG: Получение тестовых сообщений для получателя: UserB
[2025-11-28T00:07:14.631982] [INFO] Подключение к базе данных: C:\Users\Vaan\Desktop\qkd_encryption_system\server_user_1\databases\user_1_db.db
[2025-11-28T00:07:14.864512] [INFO] Подключение к базе данных: C:\Users\Vaan\Desktop\qkd_encryption_system\server_user_1\databases\user_1_db.db
[2025-11-28T00:07:14.865504] [ERROR] Ошибка при выполнении запроса: 
                SELECT message_id, sender, receiver, message_text, created_at
                FROM test_messages
                WHERE direction = 'received'
                ORDER BY created_at DESC
                LIMIT 50
            , параметры: UserB, ошибка: Incorrect number of bindings supplied. The current statement uses 0, and there are 5 supplied.
[2025-11-28T00:07:14.871487] [ERROR] Ошибка получения тестовых сообщений для шаблона: Incorrect number of bindings supplied. The current statement uses 0, and there are 5 supplied.
[2025-11-28T00:07:15.578477] [INFO] DEBUG: Получение тестовых сообщений для получателя: UserA
[2025-11-28T00:07:15.579513] [INFO] Подключение к базе данных: C:\Users\Vaan\Desktop\qkd_encryption_system\server_user_2\databases\user_2_db.db
[2025-11-28T00:07:15.580571] [INFO] DEBUG: Найдено сообщений в БД: 0
[2025-11-28T00:07:15.580571] [INFO] DEBUG: Возвращено сообщений: 0
[2025-11-28T00:07:15.588613] [INFO] Подключение к базе данных: C:\Users\Vaan\Desktop\qkd_encryption_system\server_user_1\databases\user_1_db.db
[2025-11-28T00:07:15.589611] [ERROR] Ошибка при выполнении запроса: 
                SELECT message_id, sender, receiver, message_text, created_at
                FROM test_messages
                WHERE direction = 'received'
                ORDER BY created_at DESC
                LIMIT 50
            , параметры: UserB, ошибка: Incorrect number of bindings supplied. The current statement uses 0, and there are 5 supplied.
[2025-11-28T00:07:15.593609] [ERROR] Ошибка получения тестовых сообщений для шаблона: Incorrect number of bindings supplied. The current statement uses 0, and there are 5 supplied.
[2025-11-28T00:07:15.766409] [INFO] Подключение к базе данных: C:\Users\Vaan\Desktop\qkd_encryption_system\server_user_1\databases\user_1_db.db
[2025-11-28T00:07:15.767406] [ERROR] Ошибка при выполнении запроса: 
                SELECT message_id, sender, receiver, message_text, created_at
                FROM test_messages
                WHERE direction = 'received'
                ORDER BY created_at DESC
                LIMIT 50
            , параметры: UserB, ошибка: Incorrect number of bindings supplied. The current statement uses 0, and there are 5 supplied.
[2025-11-28T00:07:15.771398] [ERROR] Ошибка получения тестовых сообщений для шаблона: Incorrect number of bindings supplied. The current statement uses 0, and there are 5 supplied.
[2025-11-28T00:07:15.934892] [INFO] Подключение к базе данных: C:\Users\Vaan\Desktop\qkd_encryption_system\server_user_1\databases\user_1_db.db
[2025-11-28T00:07:15.935889] [ERROR] Ошибка при выполнении запроса: 
                SELECT message_id, sender, receiver, message_text, created_at
                FROM test_messages
                WHERE direction = 'received'
                ORDER BY created_at DESC
                LIMIT 50
            , параметры: UserB, ошибка: Incorrect number of bindings supplied. The current statement uses 0, and there are 5 supplied.
[2025-11-28T00:07:15.939787] [ERROR] Ошибка получения тестовых сообщений для шаблона: Incorrect number of bindings supplied. The current statement uses 0, and there are 5 supplied.
[2025-11-28T00:07:16.100070] [INFO] Подключение к базе данных: C:\Users\Vaan\Desktop\qkd_encryption_system\server_user_1\databases\user_1_db.db
[2025-11-28T00:07:16.101067] [ERROR] Ошибка при выполнении запроса: 
                SELECT message_id, sender, receiver, message_text, created_at
                FROM test_messages
                WHERE direction = 'received'
                ORDER BY created_at DESC
                LIMIT 50
            , параметры: UserB, ошибка: Incorrect number of bindings supplied. The current statement uses 0, and there are 5 supplied.
[2025-11-28T00:07:16.105032] [ERROR] Ошибка получения тестовых сообщений для шаблона: Incorrect number of bindings supplied. The current statement uses 0, and there are 5 supplied.
[2025-11-28T00:07:16.278936] [INFO] Подключение к базе данных: C:\Users\Vaan\Desktop\qkd_encryption_system\server_user_1\databases\user_1_db.db
[2025-11-28T00:07:16.279933] [ERROR] Ошибка при выполнении запроса: 
                SELECT message_id, sender, receiver, message_text, created_at
                FROM test_messages
                WHERE direction = 'received'
                ORDER BY created_at DESC
                LIMIT 50
            , параметры: UserB, ошибка: Incorrect number of bindings supplied. The current statement uses 0, and there are 5 supplied.
[2025-11-28T00:07:16.284920] [ERROR] Ошибка получения тестовых сообщений для шаблона: Incorrect number of bindings supplied. The current statement uses 0, and there are 5 supplied.
[2025-11-28T00:07:17.303336] [INFO] DEBUG: Получение тестовых сообщений для получателя: UserB
[2025-11-28T00:07:17.303336] [INFO] Подключение к базе данных: C:\Users\Vaan\Desktop\qkd_encryption_system\server_user_1\databases\user_1_db.db
[2025-11-28T00:07:19.892174] [INFO] DEBUG: Получение тестовых сообщений для получателя: UserA
[2025-11-28T00:07:19.892174] [INFO] Подключение к базе данных: C:\Users\Vaan\Desktop\qkd_encryption_system\server_user_2\databases\user_2_db.db
[2025-11-28T00:07:19.894174] [INFO] DEBUG: Найдено сообщений в БД: 0
[2025-11-28T00:07:19.894174] [INFO] DEBUG: Возвращено сообщений: 0
[2025-11-28T00:07:21.599184] [INFO] DEBUG: Получение тестовых сообщений для получателя: UserB
[2025-11-28T00:07:21.600179] [INFO] Подключение к базе данных: C:\Users\Vaan\Desktop\qkd_encryption_system\server_user_1\databases\user_1_db.db
[2025-11-28T00:07:24.893883] [INFO] DEBUG: Получение тестовых сообщений для получателя: UserA
[2025-11-28T00:07:24.893883] [INFO] Подключение к базе данных: C:\Users\Vaan\Desktop\qkd_encryption_system\server_user_2\databases\user_2_db.db
[2025-11-28T00:07:24.894880] [INFO] DEBUG: Найдено сообщений в БД: 0
[2025-11-28T00:07:24.894880] [INFO] DEBUG: Возвращено сообщений: 0
[2025-11-28T00:07:26.315453] [INFO] DEBUG: Получение тестовых сообщений для получателя: UserB
[2025-11-28T00:07:26.316448] [INFO] Подключение к базе данных: C:\Users\Vaan\Desktop\qkd_encryption_system\server_user_1\databases\user_1_db.db
[2025-11-28T00:07:27.704679] [INFO] DEBUG: Получение тестовых сообщений для получателя: UserB
[2025-11-28T00:07:27.705675] [INFO] Подключение к базе данных: C:\Users\Vaan\Desktop\qkd_encryption_system\server_user_1\databases\user_1_db.db
[2025-11-28T00:07:28.306596] [INFO] DEBUG: Получение тестовых сообщений для получателя: UserB
[2025-11-28T00:07:28.307596] [INFO] Подключение к базе данных: C:\Users\Vaan\Desktop\qkd_encryption_system\server_user_1\databases\user_1_db.db
[2025-11-28T00:07:29.885615] [INFO] DEBUG: Получение тестовых сообщений для получателя: UserA
[2025-11-28T00:07:29.886579] [INFO] Подключение к базе данных: C:\Users\Vaan\Desktop\qkd_encryption_system\server_user_2\databases\user_2_db.db
[2025-11-28T00:07:29.888410] [INFO] DEBUG: Найдено сообщений в БД: 0
[2025-11-28T00:07:29.888410] [INFO] DEBUG: Возвращено сообщений: 0
[2025-11-28T00:07:29.931702] [INFO] Подключение к базе данных: C:\Users\Vaan\Desktop\qkd_encryption_system\server_user_1\databases\user_1_db.db
[2025-11-28T00:07:29.939748] [INFO] Сохранено отправленное сообщение от hisoka для UserB: ggg
[2025-11-28T00:07:31.317643] [INFO] DEBUG: Получение тестовых сообщений для получателя: UserB
[2025-11-28T00:07:31.318637] [INFO] Подключение к базе данных: C:\Users\Vaan\Desktop\qkd_encryption_system\server_user_1\databases\user_1_db.db
[2025-11-28T00:07:32.014550] [INFO] Подключение к базе данных: C:\Users\Vaan\Desktop\qkd_encryption_system\server_user_2\databases\user_2_db.db
[2025-11-28T00:07:32.022955] [INFO] Получено тестовое сообщение от hisoka для UserB: ggg
[2025-11-28T00:07:33.966678] [INFO] DEBUG: Получение тестовых сообщений для получателя: UserA
[2025-11-28T00:07:33.966678] [INFO] Подключение к базе данных: C:\Users\Vaan\Desktop\qkd_encryption_system\server_user_2\databases\user_2_db.db
[2025-11-28T00:07:33.967729] [INFO] DEBUG: Найдено сообщений в БД: 0
[2025-11-28T00:07:33.967729] [INFO] DEBUG: Возвращено сообщений: 0
[2025-11-28T00:07:34.573249] [INFO] DEBUG: Получение тестовых сообщений для получателя: UserB
[2025-11-28T00:07:34.574280] [INFO] Подключение к базе данных: C:\Users\Vaan\Desktop\qkd_encryption_system\server_user_1\databases\user_1_db.db
[2025-11-28T00:07:35.040724] [INFO] DEBUG: Получение тестовых сообщений для получателя: UserA
[2025-11-28T00:07:35.041723] [INFO] Подключение к базе данных: C:\Users\Vaan\Desktop\qkd_encryption_system\server_user_2\databases\user_2_db.db
[2025-11-28T00:07:35.041723] [INFO] DEBUG: Найдено сообщений в БД: 0
[2025-11-28T00:07:35.042720] [INFO] DEBUG: Возвращено сообщений: 0
[2025-11-28T00:07:36.469877] [INFO] Подключение к базе данных: C:\Users\Vaan\Desktop\qkd_encryption_system\server_user_2\databases\user_2_db.db
[2025-11-28T00:07:36.476849] [INFO] Сохранено отправленное сообщение от Max для UserA: ggg
[2025-11-28T00:07:37.574593] [INFO] DEBUG: Получение тестовых сообщений для получателя: UserB
[2025-11-28T00:07:37.574593] [INFO] Подключение к базе данных: C:\Users\Vaan\Desktop\qkd_encryption_system\server_user_1\databases\user_1_db.db
[2025-11-28T00:07:38.036228] [INFO] DEBUG: Получение тестовых сообщений для получателя: UserA
[2025-11-28T00:07:38.037254] [INFO] Подключение к базе данных: C:\Users\Vaan\Desktop\qkd_encryption_system\server_user_2\databases\user_2_db.db
[2025-11-28T00:07:38.037254] [INFO] DEBUG: Найдено сообщений в БД: 0
[2025-11-28T00:07:38.038288] [INFO] DEBUG: Возвращено сообщений: 0
[2025-11-28T00:07:38.550365] [INFO] Подключение к базе данных: C:\Users\Vaan\Desktop\qkd_encryption_system\server_user_1\databases\user_1_db.db
[2025-11-28T00:07:38.554340] [INFO] Получено тестовое сообщение от Max для UserA: ggg
[2025-11-28T00:07:40.311328] [INFO] DEBUG: Получение тестовых сообщений для получателя: UserB
[2025-11-28T00:07:40.311328] [INFO] Подключение к базе данных: C:\Users\Vaan\Desktop\qkd_encryption_system\server_user_1\databases\user_1_db.db
[2025-11-28T00:07:40.760525] [INFO] Подключение к базе данных: C:\Users\Vaan\Desktop\qkd_encryption_system\server_user_1\databases\user_1_db.db
[2025-11-28T00:07:40.761522] [ERROR] Ошибка при выполнении запроса: 
                SELECT message_id, sender, receiver, message_text, created_at
                FROM test_messages
                WHERE direction = 'received'
                ORDER BY created_at DESC
                LIMIT 50
            , параметры: UserB, ошибка: Incorrect number of bindings supplied. The current statement uses 0, and there are 5 supplied.
[2025-11-28T00:07:40.768550] [ERROR] Ошибка получения тестовых сообщений для шаблона: Incorrect number of bindings supplied. The current statement uses 0, and there are 5 supplied.
[2025-11-28T00:07:41.572928] [INFO] DEBUG: Получение тестовых сообщений для получателя: UserA
[2025-11-28T00:07:41.572928] [INFO] Подключение к базе данных: C:\Users\Vaan\Desktop\qkd_encryption_system\server_user_2\databases\user_2_db.db
[2025-11-28T00:07:41.573923] [INFO] DEBUG: Найдено сообщений в БД: 0
[2025-11-28T00:07:41.573923] [INFO] DEBUG: Возвращено сообщений: 0
[2025-11-28T00:07:42.573215] [INFO] DEBUG: Получение тестовых сообщений для получателя: UserB
[2025-11-28T00:07:42.573215] [INFO] Подключение к базе данных: C:\Users\Vaan\Desktop\qkd_encryption_system\server_user_1\databases\user_1_db.db
[2025-11-28T00:07:43.286813] [INFO] Подключение к базе данных: C:\Users\Vaan\Desktop\qkd_encryption_system\server_user_2\databases\user_2_db.db
[2025-11-28T00:07:43.288809] [ERROR] Ошибка при выполнении запроса: 
                SELECT message_id, sender, receiver, message_text, created_at
                FROM test_messages
                WHERE direction = 'received'
                ORDER BY created_at DESC
                LIMIT 50
            , параметры: Max, ошибка: Incorrect number of bindings supplied. The current statement uses 0, and there are 3 supplied.
[2025-11-28T00:07:43.343664] [ERROR] Ошибка получения тестовых сообщений для шаблона: Incorrect number of bindings supplied. The current statement uses 0, and there are 3 supplied.
[2025-11-28T00:07:44.515917] [INFO] DEBUG: Получение тестовых сообщений для получателя: UserA
[2025-11-28T00:07:44.516915] [INFO] Подключение к базе данных: C:\Users\Vaan\Desktop\qkd_encryption_system\server_user_2\databases\user_2_db.db
[2025-11-28T00:07:44.519907] [INFO] DEBUG: Найдено сообщений в БД: 0
[2025-11-28T00:07:44.519907] [INFO] DEBUG: Возвращено сообщений: 0
[2025-11-28T00:07:45.185812] [INFO] DEBUG: Получение тестовых сообщений для получателя: UserA
[2025-11-28T00:07:45.186820] [INFO] Подключение к базе данных: C:\Users\Vaan\Desktop\qkd_encryption_system\server_user_2\databases\user_2_db.db
[2025-11-28T00:07:45.186820] [INFO] DEBUG: Найдено сообщений в БД: 0
[2025-11-28T00:07:45.187837] [INFO] DEBUG: Возвращено сообщений: 0
[2025-11-28T00:07:46.581183] [INFO] DEBUG: Получение тестовых сообщений для получателя: UserB
[2025-11-28T00:07:46.581183] [INFO] Подключение к базе данных: C:\Users\Vaan\Desktop\qkd_encryption_system\server_user_1\databases\user_1_db.db
[2025-11-28T00:07:48.722199] [INFO] DEBUG: Получение тестовых сообщений для получателя: UserA
[2025-11-28T00:07:48.723169] [INFO] Подключение к базе данных: C:\Users\Vaan\Desktop\qkd_encryption_system\server_user_2\databases\user_2_db.db
[2025-11-28T00:07:48.724168] [INFO] DEBUG: Найдено сообщений в БД: 0
[2025-11-28T00:07:48.725164] [INFO] DEBUG: Возвращено сообщений: 0
[2025-11-28T00:07:51.573221] [INFO] DEBUG: Получение тестовых сообщений для получателя: UserB
[2025-11-28T00:07:51.574220] [INFO] Подключение к базе данных: C:\Users\Vaan\Desktop\qkd_encryption_system\server_user_1\databases\user_1_db.db
[2025-11-28T00:07:53.714953] [INFO] DEBUG: Получение тестовых сообщений для получателя: UserA
[2025-11-28T00:07:53.714953] [INFO] Подключение к базе данных: C:\Users\Vaan\Desktop\qkd_encryption_system\server_user_2\databases\user_2_db.db
[2025-11-28T00:07:53.715917] [INFO] DEBUG: Найдено сообщений в БД: 0
[2025-11-28T00:07:53.715917] [INFO] DEBUG: Возвращено сообщений: 0
[2025-11-28T00:07:56.583099] [INFO] DEBUG: Получение тестовых сообщений для получателя: UserB
[2025-11-28T00:07:56.584066] [INFO] Подключение к базе данных: C:\Users\Vaan\Desktop\qkd_encryption_system\server_user_1\databases\user_1_db.db
[2025-11-28T00:07:58.817082] [INFO] DEBUG: Получение тестовых сообщений для получателя: UserA
[2025-11-28T00:07:58.817082] [INFO] Подключение к базе данных: C:\Users\Vaan\Desktop\qkd_encryption_system\server_user_2\databases\user_2_db.db
[2025-11-28T00:07:58.818080] [INFO] DEBUG: Найдено сообщений в БД: 0
[2025-11-28T00:07:58.819077] [INFO] DEBUG: Возвращено сообщений: 0
[2025-11-28T00:08:01.578578] [INFO] DEBUG: Получение тестовых сообщений для получателя: UserB
[2025-11-28T00:08:01.579732] [INFO] Подключение к базе данных: C:\Users\Vaan\Desktop\qkd_encryption_system\server_user_1\databases\user_1_db.db
[2025-11-28T00:08:03.717285] [INFO] DEBUG: Получение тестовых сообщений для получателя: UserA
[2025-11-28T00:08:03.717285] [INFO] Подключение к базе данных: C:\Users\Vaan\Desktop\qkd_encryption_system\server_user_2\databases\user_2_db.db
[2025-11-28T00:08:03.718282] [INFO] DEBUG: Найдено сообщений в БД: 0
[2025-11-28T00:08:03.718282] [INFO] DEBUG: Возвращено сообщений: 0
[2025-11-28T00:08:06.571782] [INFO] DEBUG: Получение тестовых сообщений для получателя: UserB
[2025-11-28T00:08:06.572780] [INFO] Подключение к базе данных: C:\Users\Vaan\Desktop\qkd_encryption_system\server_user_1\databases\user_1_db.db
[2025-11-28T00:08:08.726115] [INFO] DEBUG: Получение тестовых сообщений для получателя: UserA
[2025-11-28T00:08:08.727112] [INFO] Подключение к базе данных: C:\Users\Vaan\Desktop\qkd_encryption_system\server_user_2\databases\user_2_db.db
[2025-11-28T00:08:08.728109] [INFO] DEBUG: Найдено сообщений в БД: 0
[2025-11-28T00:08:08.729108] [INFO] DEBUG: Возвращено сообщений: 0
[2025-11-28T00:08:11.580689] [INFO] DEBUG: Получение тестовых сообщений для получателя: UserB
[2025-11-28T00:08:11.580689] [INFO] Подключение к базе данных: C:\Users\Vaan\Desktop\qkd_encryption_system\server_user_1\databases\user_1_db.db
[2025-11-28T00:08:13.741676] [INFO] Подключение к базе данных: C:\Users\Vaan\Desktop\qkd_encryption_system\server_user_2\databases\user_2_db.db
[2025-11-28T00:08:13.744667] [ERROR] Ошибка при выполнении запроса: 
                SELECT message_id, sender, receiver, message_text, created_at
                FROM test_messages
                WHERE direction = 'received'
                ORDER BY created_at DESC
                LIMIT 50
            , параметры: Max, ошибка: Incorrect number of bindings supplied. The current statement uses 0, and there are 3 supplied.
[2025-11-28T00:08:13.780692] [ERROR] Ошибка получения тестовых сообщений для шаблона: Incorrect number of bindings supplied. The current statement uses 0, and there are 3 supplied.
[2025-11-28T00:08:14.830347] [INFO] DEBUG: Получение тестовых сообщений для получателя: UserA
[2025-11-28T00:08:14.830347] [INFO] Подключение к базе данных: C:\Users\Vaan\Desktop\qkd_encryption_system\server_user_2\databases\user_2_db.db
[2025-11-28T00:08:14.831342] [INFO] DEBUG: Найдено сообщений в БД: 0
[2025-11-28T00:08:14.832340] [INFO] DEBUG: Возвращено сообщений: 0
[2025-11-28T00:08:16.158532] [INFO] DEBUG: Получение тестовых сообщений для получателя: UserA
[2025-11-28T00:08:16.158532] [INFO] Подключение к базе данных: C:\Users\Vaan\Desktop\qkd_encryption_system\server_user_2\databases\user_2_db.db
[2025-11-28T00:08:16.159530] [INFO] DEBUG: Найдено сообщений в БД: 0
[2025-11-28T00:08:16.159530] [INFO] DEBUG: Возвращено сообщений: 0
[2025-11-28T00:08:16.582108] [INFO] DEBUG: Получение тестовых сообщений для получателя: UserB
[2025-11-28T00:08:16.582108] [INFO] Подключение к базе данных: C:\Users\Vaan\Desktop\qkd_encryption_system\server_user_1\databases\user_1_db.db
[2025-11-28T00:08:16.828526] [INFO] DEBUG: Получение тестовых сообщений для получателя: UserA
[2025-11-28T00:08:16.829522] [INFO] Подключение к базе данных: C:\Users\Vaan\Desktop\qkd_encryption_system\server_user_2\databases\user_2_db.db
[2025-11-28T00:08:16.829522] [INFO] DEBUG: Найдено сообщений в БД: 0
[2025-11-28T00:08:16.830552] [INFO] DEBUG: Возвращено сообщений: 0
[2025-11-28T00:08:19.133685] [INFO] DEBUG: Получение тестовых сообщений для получателя: UserA
[2025-11-28T00:08:19.133685] [INFO] Подключение к базе данных: C:\Users\Vaan\Desktop\qkd_encryption_system\server_user_2\databases\user_2_db.db
[2025-11-28T00:08:19.135683] [INFO] DEBUG: Найдено сообщений в БД: 0
[2025-11-28T00:08:19.136677] [INFO] DEBUG: Возвращено сообщений: 0
[2025-11-28T00:08:21.611531] [INFO] DEBUG: Получение тестовых сообщений для получателя: UserB
[2025-11-28T00:08:21.612527] [INFO] Подключение к базе данных: C:\Users\Vaan\Desktop\qkd_encryption_system\server_user_1\databases\user_1_db.db
[2025-11-28T00:08:24.890461] [INFO] DEBUG: Получение тестовых сообщений для получателя: UserA
[2025-11-28T00:08:24.890461] [INFO] Подключение к базе данных: C:\Users\Vaan\Desktop\qkd_encryption_system\server_user_2\databases\user_2_db.db
[2025-11-28T00:08:24.891488] [INFO] DEBUG: Найдено сообщений в БД: 0
[2025-11-28T00:08:24.891488] [INFO] DEBUG: Возвращено сообщений: 0
[2025-11-28T00:08:26.587292] [INFO] DEBUG: Получение тестовых сообщений для получателя: UserB
[2025-11-28T00:08:26.588288] [INFO] Подключение к базе данных: C:\Users\Vaan\Desktop\qkd_encryption_system\server_user_1\databases\user_1_db.db
[2025-11-28T00:08:29.895317] [INFO] DEBUG: Получение тестовых сообщений для получателя: UserA
[2025-11-28T00:08:29.896363] [INFO] Подключение к базе данных: C:\Users\Vaan\Desktop\qkd_encryption_system\server_user_2\databases\user_2_db.db
[2025-11-28T00:08:29.897361] [INFO] DEBUG: Найдено сообщений в БД: 0
[2025-11-28T00:08:29.897361] [INFO] DEBUG: Возвращено сообщений: 0
[2025-11-28T00:08:31.585533] [INFO] DEBUG: Получение тестовых сообщений для получателя: UserB
[2025-11-28T00:08:31.585533] [INFO] Подключение к базе данных: C:\Users\Vaan\Desktop\qkd_encryption_system\server_user_1\databases\user_1_db.db
[2025-11-28T00:08:34.893959] [INFO] DEBUG: Получение тестовых сообщений для получателя: UserA
[2025-11-28T00:08:34.894983] [INFO] Подключение к базе данных: C:\Users\Vaan\Desktop\qkd_encryption_system\server_user_2\databases\user_2_db.db
[2025-11-28T00:08:34.895984] [INFO] DEBUG: Найдено сообщений в БД: 0
[2025-11-28T00:08:34.895984] [INFO] DEBUG: Возвращено сообщений: 0
[2025-11-28T00:08:36.587325] [INFO] DEBUG: Получение тестовых сообщений для получателя: UserB
[2025-11-28T00:08:36.588320] [INFO] Подключение к базе данных: C:\Users\Vaan\Desktop\qkd_encryption_system\server_user_1\databases\user_1_db.db
[2025-11-28T00:08:39.886258] [INFO] DEBUG: Получение тестовых сообщений для получателя: UserA
[2025-11-28T00:08:39.886258] [INFO] Подключение к базе данных: C:\Users\Vaan\Desktop\qkd_encryption_system\server_user_2\databases\user_2_db.db
[2025-11-28T00:08:39.888223] [INFO] DEBUG: Найдено сообщений в БД: 0
[2025-11-28T00:08:39.888223] [INFO] DEBUG: Возвращено сообщений: 0
[2025-11-28T00:08:41.580785] [INFO] DEBUG: Получение тестовых сообщений для получателя: UserB
[2025-11-28T00:08:41.580785] [INFO] Подключение к базе данных: C:\Users\Vaan\Desktop\qkd_encryption_system\server_user_1\databases\user_1_db.db
[2025-11-28T00:08:44.880367] [INFO] DEBUG: Получение тестовых сообщений для получателя: UserA
[2025-11-28T00:08:44.880367] [INFO] Подключение к базе данных: C:\Users\Vaan\Desktop\qkd_encryption_system\server_user_2\databases\user_2_db.db
[2025-11-28T00:08:44.881326] [INFO] DEBUG: Найдено сообщений в БД: 0
[2025-11-28T00:08:44.881326] [INFO] DEBUG: Возвращено сообщений: 0
[2025-11-28T00:08:49.885102] [INFO] DEBUG: Получение тестовых сообщений для получателя: UserA
[2025-11-28T00:08:49.886098] [INFO] Подключение к базе данных: C:\Users\Vaan\Desktop\qkd_encryption_system\server_user_2\databases\user_2_db.db
[2025-11-28T00:08:49.888093] [INFO] DEBUG: Найдено сообщений в БД: 0
[2025-11-28T00:08:49.888093] [INFO] DEBUG: Возвращено сообщений: 0
[2025-11-28T00:08:53.577516] [INFO] DEBUG: Получение тестовых сообщений для получателя: UserB
[2025-11-28T00:08:53.577516] [INFO] Подключение к базе данных: C:\Users\Vaan\Desktop\qkd_encryption_system\server_user_1\databases\user_1_db.db
[2025-11-28T00:08:54.879503] [INFO] DEBUG: Получение тестовых сообщений для получателя: UserA
[2025-11-28T00:08:54.879503] [INFO] Подключение к базе данных: C:\Users\Vaan\Desktop\qkd_encryption_system\server_user_2\databases\user_2_db.db
[2025-11-28T00:08:54.880499] [INFO] DEBUG: Найдено сообщений в БД: 0
[2025-11-28T00:08:54.880499] [INFO] DEBUG: Возвращено сообщений: 0
[2025-11-28T00:08:59.884279] [INFO] DEBUG: Получение тестовых сообщений для получателя: UserA
[2025-11-28T00:08:59.885277] [INFO] Подключение к базе данных: C:\Users\Vaan\Desktop\qkd_encryption_system\server_user_2\databases\user_2_db.db
[2025-11-28T00:08:59.886273] [INFO] DEBUG: Найдено сообщений в БД: 0
[2025-11-28T00:08:59.887312] [INFO] DEBUG: Возвращено сообщений: 0
[2025-11-28T00:09:04.886386] [INFO] DEBUG: Получение тестовых сообщений для получателя: UserA
[2025-11-28T00:09:04.887412] [INFO] Подключение к базе данных: C:\Users\Vaan\Desktop\qkd_encryption_system\server_user_2\databases\user_2_db.db
[2025-11-28T00:09:04.888380] [INFO] DEBUG: Найдено сообщений в БД: 0
[2025-11-28T00:09:04.888380] [INFO] DEBUG: Возвращено сообщений: 0
[2025-11-28T00:09:09.891581] [INFO] DEBUG: Получение тестовых сообщений для получателя: UserA
[2025-11-28T00:09:09.891581] [INFO] Подключение к базе данных: C:\Users\Vaan\Desktop\qkd_encryption_system\server_user_2\databases\user_2_db.db
[2025-11-28T00:09:09.892578] [INFO] DEBUG: Найдено сообщений в БД: 0
[2025-11-28T00:09:09.893576] [INFO] DEBUG: Возвращено сообщений: 0
[2025-11-28T00:09:14.887716] [INFO] DEBUG: Получение тестовых сообщений для получателя: UserA
[2025-11-28T00:09:14.887716] [INFO] Подключение к базе данных: C:\Users\Vaan\Desktop\qkd_encryption_system\server_user_2\databases\user_2_db.db
[2025-11-28T00:09:14.888711] [INFO] DEBUG: Найдено сообщений в БД: 0
[2025-11-28T00:09:14.888711] [INFO] DEBUG: Возвращено сообщений: 0
[2025-11-28T00:09:53.581699] [INFO] DEBUG: Получение тестовых сообщений для получателя: UserB
[2025-11-28T00:09:53.582699] [INFO] Подключение к базе данных: C:\Users\Vaan\Desktop\qkd_encryption_system\server_user_1\databases\user_1_db.db
[2025-11-28T00:09:53.889617] [INFO] DEBUG: Получение тестовых сообщений для получателя: UserA
[2025-11-28T00:09:53.889617] [INFO] Подключение к базе данных: C:\Users\Vaan\Desktop\qkd_encryption_system\server_user_2\databases\user_2_db.db
[2025-11-28T00:09:53.893612] [INFO] DEBUG: Найдено сообщений в БД: 0
[2025-11-28T00:09:53.894602] [INFO] DEBUG: Возвращено сообщений: 0
[2025-11-28T00:10:25.682635] [INFO] Подключение к базе данных: C:\Users\Vaan\Desktop\qkd_encryption_system\server_user_1\databases\user_1_db.db
[2025-11-28T00:10:25.682635] [INFO] Подключение к базе данных: C:\Users\Vaan\Desktop\qkd_encryption_system\server_user_1\databases\user_1_db.db
[2025-11-28T00:10:25.682635] [INFO] Подключение к базе данных: C:\Users\Vaan\Desktop\qkd_encryption_system\server_user_1\databases\user_1_db.db
[2025-11-28T00:10:25.683632] [INFO] Подключение к базе данных: C:\Users\Vaan\Desktop\qkd_encryption_system\server_user_1\databases\user_1_db.db
[2025-11-28T00:10:25.683632] [INFO] Подключение к базе данных: C:\Users\Vaan\Desktop\qkd_encryption_system\server_user_1\databases\user_1_db.db
[2025-11-28T00:10:25.685627] [INFO] Подключение к базе данных: C:\Users\Vaan\Desktop\qkd_encryption_system\server_user_1\databases\user_1_db.db
[2025-11-28T00:10:25.685627] [INFO] Подключение к базе данных: C:\Users\Vaan\Desktop\qkd_encryption_system\server_user_1\databases\user_1_db.db
[2025-11-28T00:10:26.126568] [INFO] Подключение к базе данных: C:\Users\Vaan\Desktop\qkd_encryption_system\server_user_2\databases\user_2_db.db
[2025-11-28T00:10:26.126568] [INFO] Подключение к базе данных: C:\Users\Vaan\Desktop\qkd_encryption_system\server_user_2\databases\user_2_db.db
[2025-11-28T00:10:26.127554] [INFO] Подключение к базе данных: C:\Users\Vaan\Desktop\qkd_encryption_system\server_user_2\databases\user_2_db.db
[2025-11-28T00:10:26.127554] [INFO] Подключение к базе данных: C:\Users\Vaan\Desktop\qkd_encryption_system\server_user_2\databases\user_2_db.db
[2025-11-28T00:10:26.127554] [INFO] Подключение к базе данных: C:\Users\Vaan\Desktop\qkd_encryption_system\server_user_2\databases\user_2_db.db
[2025-11-28T00:10:26.128552] [INFO] Подключение к базе данных: C:\Users\Vaan\Desktop\qkd_encryption_system\server_user_2\databases\user_2_db.db
[2025-11-28T00:10:26.129551] [INFO] Подключение к базе данных: C:\Users\Vaan\Desktop\qkd_encryption_system\server_user_2\databases\user_2_db.db
[2025-11-28T00:10:28.660137] [INFO] Подключение к базе данных: C:\Users\Vaan\Desktop\qkd_encryption_system\server_user_2\databases\user_2_db.db
[2025-11-28T00:10:28.661134] [INFO] Подключение к базе данных: C:\Users\Vaan\Desktop\qkd_encryption_system\server_user_2\databases\user_2_db.db
[2025-11-28T00:10:28.661134] [INFO] Подключение к базе данных: C:\Users\Vaan\Desktop\qkd_encryption_system\server_user_2\databases\user_2_db.db
[2025-11-28T00:10:28.661134] [INFO] Подключение к базе данных: C:\Users\Vaan\Desktop\qkd_encryption_system\server_user_2\databases\user_2_db.db
[2025-11-28T00:10:28.662131] [INFO] Подключение к базе данных: C:\Users\Vaan\Desktop\qkd_encryption_system\server_user_2\databases\user_2_db.db
[2025-11-28T00:10:28.663128] [INFO] Подключение к базе данных: C:\Users\Vaan\Desktop\qkd_encryption_system\server_user_2\databases\user_2_db.db
[2025-11-28T00:10:28.663128] [INFO] Подключение к базе данных: C:\Users\Vaan\Desktop\qkd_encryption_system\server_user_2\databases\user_2_db.db
[2025-11-28T00:10:29.290790] [INFO] Подключение к базе данных: C:\Users\Vaan\Desktop\qkd_encryption_system\server_user_1\databases\user_1_db.db
[2025-11-28T00:10:29.291786] [INFO] Подключение к базе данных: C:\Users\Vaan\Desktop\qkd_encryption_system\server_user_1\databases\user_1_db.db
[2025-11-28T00:10:29.292771] [INFO] Подключение к базе данных: C:\Users\Vaan\Desktop\qkd_encryption_system\server_user_1\databases\user_1_db.db
[2025-11-28T00:10:29.292771] [INFO] Подключение к базе данных: C:\Users\Vaan\Desktop\qkd_encryption_system\server_user_1\databases\user_1_db.db
[2025-11-28T00:10:29.293767] [INFO] Подключение к базе данных: C:\Users\Vaan\Desktop\qkd_encryption_system\server_user_1\databases\user_1_db.db
[2025-11-28T00:10:29.294764] [INFO] Подключение к базе данных: C:\Users\Vaan\Desktop\qkd_encryption_system\server_user_1\databases\user_1_db.db
[2025-11-28T00:10:29.294764] [INFO] Подключение к базе данных: C:\Users\Vaan\Desktop\qkd_encryption_system\server_user_1\databases\user_1_db.db
[2025-11-28T00:10:39.178236] [INFO] Подключение к базе данных: C:\Users\Vaan\Desktop\qkd_encryption_system\server_user_1\databases\user_1_db.db
[2025-11-28T00:10:39.179226] [INFO] Подключение к базе данных: C:\Users\Vaan\Desktop\qkd_encryption_system\server_user_1\databases\user_1_db.db
[2025-11-28T00:10:39.180213] [INFO] Подключение к базе данных: C:\Users\Vaan\Desktop\qkd_encryption_system\server_user_1\databases\user_1_db.db
[2025-11-28T00:10:39.180213] [INFO] Подключение к базе данных: C:\Users\Vaan\Desktop\qkd_encryption_system\server_user_1\databases\user_1_db.db
[2025-11-28T00:10:39.180213] [INFO] Подключение к базе данных: C:\Users\Vaan\Desktop\qkd_encryption_system\server_user_1\databases\user_1_db.db
[2025-11-28T00:10:39.182208] [INFO] Подключение к базе данных: C:\Users\Vaan\Desktop\qkd_encryption_system\server_user_1\databases\user_1_db.db
[2025-11-28T00:10:39.182208] [INFO] Подключение к базе данных: C:\Users\Vaan\Desktop\qkd_encryption_system\server_user_1\databases\user_1_db.db
[2025-11-28T00:10:39.713785] [INFO] Подключение к базе данных: C:\Users\Vaan\Desktop\qkd_encryption_system\server_user_2\databases\user_2_db.db
[2025-11-28T00:10:39.713785] [INFO] Подключение к базе данных: C:\Users\Vaan\Desktop\qkd_encryption_system\server_user_2\databases\user_2_db.db
[2025-11-28T00:10:39.713785] [INFO] Подключение к базе данных: C:\Users\Vaan\Desktop\qkd_encryption_system\server_user_2\databases\user_2_db.db
[2025-11-28T00:10:39.713785] [INFO] Подключение к базе данных: C:\Users\Vaan\Desktop\qkd_encryption_system\server_user_2\databases\user_2_db.db
[2025-11-28T00:10:39.714783] [INFO] Подключение к базе данных: C:\Users\Vaan\Desktop\qkd_encryption_system\server_user_2\databases\user_2_db.db
[2025-11-28T00:10:39.715780] [INFO] Подключение к базе данных: C:\Users\Vaan\Desktop\qkd_encryption_system\server_user_2\databases\user_2_db.db
[2025-11-28T00:10:39.715780] [INFO] Подключение к базе данных: C:\Users\Vaan\Desktop\qkd_encryption_system\server_user_2\databases\user_2_db.db
[2025-11-28T00:10:41.023663] [INFO] Подключение к базе данных: C:\Users\Vaan\Desktop\qkd_encryption_system\server_user_1\databases\user_1_db.db
[2025-11-28T00:10:41.024655] [INFO] Подключение к базе данных: C:\Users\Vaan\Desktop\qkd_encryption_system\server_user_1\databases\user_1_db.db
[2025-11-28T00:10:41.024655] [INFO] Подключение к базе данных: C:\Users\Vaan\Desktop\qkd_encryption_system\server_user_1\databases\user_1_db.db
[2025-11-28T00:10:41.025644] [INFO] Подключение к базе данных: C:\Users\Vaan\Desktop\qkd_encryption_system\server_user_1\databases\user_1_db.db
[2025-11-28T00:10:41.025644] [INFO] Подключение к базе данных: C:\Users\Vaan\Desktop\qkd_encryption_system\server_user_1\databases\user_1_db.db
[2025-11-28T00:10:41.026687] [INFO] Подключение к базе данных: C:\Users\Vaan\Desktop\qkd_encryption_system\server_user_1\databases\user_1_db.db
[2025-11-28T00:10:41.026687] [INFO] Подключение к базе данных: C:\Users\Vaan\Desktop\qkd_encryption_system\server_user_1\databases\user_1_db.db
[2025-11-28T00:10:41.323902] [INFO] Подключение к базе данных: C:\Users\Vaan\Desktop\qkd_encryption_system\server_user_2\databases\user_2_db.db
[2025-11-28T00:10:41.324891] [INFO] Подключение к базе данных: C:\Users\Vaan\Desktop\qkd_encryption_system\server_user_2\databases\user_2_db.db
[2025-11-28T00:10:41.324891] [INFO] Подключение к базе данных: C:\Users\Vaan\Desktop\qkd_encryption_system\server_user_2\databases\user_2_db.db
[2025-11-28T00:10:41.324891] [INFO] Подключение к базе данных: C:\Users\Vaan\Desktop\qkd_encryption_system\server_user_2\databases\user_2_db.db
[2025-11-28T00:10:41.325887] [INFO] Подключение к базе данных: C:\Users\Vaan\Desktop\qkd_encryption_system\server_user_2\databases\user_2_db.db
[2025-11-28T00:10:41.326884] [INFO] Подключение к базе данных: C:\Users\Vaan\Desktop\qkd_encryption_system\server_user_2\databases\user_2_db.db
[2025-11-28T00:10:41.326884] [INFO] Подключение к базе данных: C:\Users\Vaan\Desktop\qkd_encryption_system\server_user_2\databases\user_2_db.db
[2025-11-28T00:10:54.276701] [INFO] Подключение к базе данных: C:\Users\Vaan\Desktop\qkd_encryption_system\server_user_1\databases\user_1_db.db
[2025-11-28T00:10:54.278697] [INFO] Подключение к базе данных: C:\Users\Vaan\Desktop\qkd_encryption_system\server_user_1\databases\user_1_db.db
[2025-11-28T00:10:54.278697] [INFO] Подключение к базе данных: C:\Users\Vaan\Desktop\qkd_encryption_system\server_user_1\databases\user_1_db.db
[2025-11-28T00:10:54.279692] [INFO] Подключение к базе данных: C:\Users\Vaan\Desktop\qkd_encryption_system\server_user_1\databases\user_1_db.db
[2025-11-28T00:10:54.279692] [INFO] Подключение к базе данных: C:\Users\Vaan\Desktop\qkd_encryption_system\server_user_1\databases\user_1_db.db
[2025-11-28T00:10:54.281688] [INFO] Подключение к базе данных: C:\Users\Vaan\Desktop\qkd_encryption_system\server_user_1\databases\user_1_db.db
[2025-11-28T00:10:54.282687] [INFO] Подключение к базе данных: C:\Users\Vaan\Desktop\qkd_encryption_system\server_user_1\databases\user_1_db.db
[2025-11-28T00:10:54.398375] [INFO] DEBUG: Получение тестовых сообщений для получателя: UserB
[2025-11-28T00:10:54.398375] [INFO] Подключение к базе данных: C:\Users\Vaan\Desktop\qkd_encryption_system\server_user_1\databases\user_1_db.db
[2025-11-28T00:10:54.624440] [INFO] Подключение к базе данных: C:\Users\Vaan\Desktop\qkd_encryption_system\server_user_2\databases\user_2_db.db
[2025-11-28T00:10:54.624440] [INFO] Подключение к базе данных: C:\Users\Vaan\Desktop\qkd_encryption_system\server_user_2\databases\user_2_db.db
[2025-11-28T00:10:54.625437] [INFO] Подключение к базе данных: C:\Users\Vaan\Desktop\qkd_encryption_system\server_user_2\databases\user_2_db.db
[2025-11-28T00:10:54.625437] [INFO] Подключение к базе данных: C:\Users\Vaan\Desktop\qkd_encryption_system\server_user_2\databases\user_2_db.db
[2025-11-28T00:10:54.626434] [INFO] Подключение к базе данных: C:\Users\Vaan\Desktop\qkd_encryption_system\server_user_2\databases\user_2_db.db
[2025-11-28T00:10:54.627432] [INFO] Подключение к базе данных: C:\Users\Vaan\Desktop\qkd_encryption_system\server_user_2\databases\user_2_db.db
[2025-11-28T00:10:54.627432] [INFO] Подключение к базе данных: C:\Users\Vaan\Desktop\qkd_encryption_system\server_user_2\databases\user_2_db.db
[2025-11-28T00:10:54.675304] [INFO] DEBUG: Получение тестовых сообщений для получателя: UserA
[2025-11-28T00:10:54.676303] [INFO] Подключение к базе данных: C:\Users\Vaan\Desktop\qkd_encryption_system\server_user_2\databases\user_2_db.db
[2025-11-28T00:10:54.678296] [INFO] DEBUG: Найдено сообщений в БД: 0
[2025-11-28T00:10:54.678296] [INFO] DEBUG: Возвращено сообщений: 0
[2025-11-28T00:11:08.531458] [INFO] Подключение к базе данных: C:\Users\Vaan\Desktop\qkd_encryption_system\server_user_2\databases\user_2_db.db
[2025-11-28T00:11:08.533465] [INFO] Подключение к базе данных: C:\Users\Vaan\Desktop\qkd_encryption_system\server_user_2\databases\user_2_db.db
[2025-11-28T00:11:08.534452] [INFO] Подключение к базе данных: C:\Users\Vaan\Desktop\qkd_encryption_system\server_user_2\databases\user_2_db.db
[2025-11-28T00:11:08.534452] [INFO] Подключение к базе данных: C:\Users\Vaan\Desktop\qkd_encryption_system\server_user_2\databases\user_2_db.db
[2025-11-28T00:11:08.536456] [INFO] Подключение к базе данных: C:\Users\Vaan\Desktop\qkd_encryption_system\server_user_2\databases\user_2_db.db
[2025-11-28T00:11:08.539437] [INFO] Подключение к базе данных: C:\Users\Vaan\Desktop\qkd_encryption_system\server_user_2\databases\user_2_db.db
[2025-11-28T00:11:08.539437] [INFO] Подключение к базе данных: C:\Users\Vaan\Desktop\qkd_encryption_system\server_user_2\databases\user_2_db.db
[2025-11-28T00:11:08.558386] [INFO] Подключение к базе данных: C:\Users\Vaan\Desktop\qkd_encryption_system\server_user_1\databases\user_1_db.db
[2025-11-28T00:11:08.558386] [INFO] Подключение к базе данных: C:\Users\Vaan\Desktop\qkd_encryption_system\server_user_1\databases\user_1_db.db
[2025-11-28T00:11:08.559383] [INFO] Подключение к базе данных: C:\Users\Vaan\Desktop\qkd_encryption_system\server_user_1\databases\user_1_db.db
[2025-11-28T00:11:08.560379] [INFO] Подключение к базе данных: C:\Users\Vaan\Desktop\qkd_encryption_system\server_user_1\databases\user_1_db.db
[2025-11-28T00:11:08.560379] [INFO] Подключение к базе данных: C:\Users\Vaan\Desktop\qkd_encryption_system\server_user_1\databases\user_1_db.db
[2025-11-28T00:11:08.562430] [INFO] Подключение к базе данных: C:\Users\Vaan\Desktop\qkd_encryption_system\server_user_1\databases\user_1_db.db
[2025-11-28T00:11:08.562430] [INFO] Подключение к базе данных: C:\Users\Vaan\Desktop\qkd_encryption_system\server_user_1\databases\user_1_db.db
[2025-11-28T00:11:11.161867] [INFO] Подключение к базе данных: C:\Users\Vaan\Desktop\qkd_encryption_system\server_user_2\databases\user_2_db.db
[2025-11-28T00:11:11.162865] [INFO] Подключение к базе данных: C:\Users\Vaan\Desktop\qkd_encryption_system\server_user_2\databases\user_2_db.db
[2025-11-28T00:11:11.162865] [INFO] Подключение к базе данных: C:\Users\Vaan\Desktop\qkd_encryption_system\server_user_2\databases\user_2_db.db
[2025-11-28T00:11:11.163862] [INFO] Подключение к базе данных: C:\Users\Vaan\Desktop\qkd_encryption_system\server_user_2\databases\user_2_db.db
[2025-11-28T00:11:11.163862] [INFO] Подключение к базе данных: C:\Users\Vaan\Desktop\qkd_encryption_system\server_user_2\databases\user_2_db.db
[2025-11-28T00:11:11.165872] [INFO] Подключение к базе данных: C:\Users\Vaan\Desktop\qkd_encryption_system\server_user_2\databases\user_2_db.db
[2025-11-28T00:11:11.166854] [INFO] Подключение к базе данных: C:\Users\Vaan\Desktop\qkd_encryption_system\server_user_2\databases\user_2_db.db
[2025-11-28T00:11:11.191433] [INFO] Подключение к базе данных: C:\Users\Vaan\Desktop\qkd_encryption_system\server_user_1\databases\user_1_db.db
[2025-11-28T00:11:11.192429] [INFO] Подключение к базе данных: C:\Users\Vaan\Desktop\qkd_encryption_system\server_user_1\databases\user_1_db.db
[2025-11-28T00:11:11.192429] [INFO] Подключение к базе данных: C:\Users\Vaan\Desktop\qkd_encryption_system\server_user_1\databases\user_1_db.db
[2025-11-28T00:11:11.192429] [INFO] Подключение к базе данных: C:\Users\Vaan\Desktop\qkd_encryption_system\server_user_1\databases\user_1_db.db
[2025-11-28T00:11:11.193427] [INFO] Подключение к базе данных: C:\Users\Vaan\Desktop\qkd_encryption_system\server_user_1\databases\user_1_db.db
[2025-11-28T00:11:11.194424] [INFO] Подключение к базе данных: C:\Users\Vaan\Desktop\qkd_encryption_system\server_user_1\databases\user_1_db.db
[2025-11-28T00:11:11.194424] [INFO] Подключение к базе данных: C:\Users\Vaan\Desktop\qkd_encryption_system\server_user_1\databases\user_1_db.db
[2025-11-28T00:11:32.095004] [INFO] Подключение к базе данных: C:\Users\Vaan\Desktop\qkd_encryption_system\server_user_2\databases\user_2_db.db
[2025-11-28T00:11:32.095004] [INFO] Подключение к базе данных: C:\Users\Vaan\Desktop\qkd_encryption_system\server_user_2\databases\user_2_db.db
[2025-11-28T00:11:32.097009] [INFO] Подключение к базе данных: C:\Users\Vaan\Desktop\qkd_encryption_system\server_user_2\databases\user_2_db.db
[2025-11-28T00:11:32.097995] [INFO] Подключение к базе данных: C:\Users\Vaan\Desktop\qkd_encryption_system\server_user_2\databases\user_2_db.db
[2025-11-28T00:11:32.099001] [INFO] Подключение к базе данных: C:\Users\Vaan\Desktop\qkd_encryption_system\server_user_2\databases\user_2_db.db
[2025-11-28T00:11:32.102982] [INFO] Подключение к базе данных: C:\Users\Vaan\Desktop\qkd_encryption_system\server_user_2\databases\user_2_db.db
[2025-11-28T00:11:32.102982] [INFO] Подключение к базе данных: C:\Users\Vaan\Desktop\qkd_encryption_system\server_user_2\databases\user_2_db.db
[2025-11-28T00:11:32.172795] [INFO] Подключение к базе данных: C:\Users\Vaan\Desktop\qkd_encryption_system\server_user_1\databases\user_1_db.db
[2025-11-28T00:11:32.173792] [INFO] Подключение к базе данных: C:\Users\Vaan\Desktop\qkd_encryption_system\server_user_1\databases\user_1_db.db
[2025-11-28T00:11:32.173792] [INFO] Подключение к базе данных: C:\Users\Vaan\Desktop\qkd_encryption_system\server_user_1\databases\user_1_db.db
[2025-11-28T00:11:32.174789] [INFO] Подключение к базе данных: C:\Users\Vaan\Desktop\qkd_encryption_system\server_user_1\databases\user_1_db.db
[2025-11-28T00:11:32.174789] [INFO] Подключение к базе данных: C:\Users\Vaan\Desktop\qkd_encryption_system\server_user_1\databases\user_1_db.db
[2025-11-28T00:11:32.176842] [INFO] Подключение к базе данных: C:\Users\Vaan\Desktop\qkd_encryption_system\server_user_1\databases\user_1_db.db
[2025-11-28T00:11:32.177782] [INFO] Подключение к базе данных: C:\Users\Vaan\Desktop\qkd_encryption_system\server_user_1\databases\user_1_db.db
[2025-11-28T00:11:33.740247] [INFO] Подключение к базе данных: C:\Users\Vaan\Desktop\qkd_encryption_system\server_user_2\databases\user_2_db.db
[2025-11-28T00:11:33.740247] [INFO] Подключение к базе данных: C:\Users\Vaan\Desktop\qkd_encryption_system\server_user_2\databases\user_2_db.db
[2025-11-28T00:11:33.741212] [INFO] Подключение к базе данных: C:\Users\Vaan\Desktop\qkd_encryption_system\server_user_2\databases\user_2_db.db
[2025-11-28T00:11:33.741212] [INFO] Подключение к базе данных: C:\Users\Vaan\Desktop\qkd_encryption_system\server_user_2\databases\user_2_db.db
[2025-11-28T00:11:33.741212] [INFO] Подключение к базе данных: C:\Users\Vaan\Desktop\qkd_encryption_system\server_user_2\databases\user_2_db.db
[2025-11-28T00:11:33.742209] [INFO] Подключение к базе данных: C:\Users\Vaan\Desktop\qkd_encryption_system\server_user_2\databases\user_2_db.db
[2025-11-28T00:11:33.743206] [INFO] Подключение к базе данных: C:\Users\Vaan\Desktop\qkd_encryption_system\server_user_2\databases\user_2_db.db
[2025-11-28T00:11:33.806039] [INFO] Подключение к базе данных: C:\Users\Vaan\Desktop\qkd_encryption_system\server_user_1\databases\user_1_db.db
[2025-11-28T00:11:33.807068] [INFO] Подключение к базе данных: C:\Users\Vaan\Desktop\qkd_encryption_system\server_user_1\databases\user_1_db.db
[2025-11-28T00:11:33.807068] [INFO] Подключение к базе данных: C:\Users\Vaan\Desktop\qkd_encryption_system\server_user_1\databases\user_1_db.db
[2025-11-28T00:11:33.807068] [INFO] Подключение к базе данных: C:\Users\Vaan\Desktop\qkd_encryption_system\server_user_1\databases\user_1_db.db
[2025-11-28T00:11:33.808065] [INFO] Подключение к базе данных: C:\Users\Vaan\Desktop\qkd_encryption_system\server_user_1\databases\user_1_db.db
[2025-11-28T00:11:33.809063] [INFO] Подключение к базе данных: C:\Users\Vaan\Desktop\qkd_encryption_system\server_user_1\databases\user_1_db.db
[2025-11-28T00:11:33.810029] [INFO] Подключение к базе данных: C:\Users\Vaan\Desktop\qkd_encryption_system\server_user_1\databases\user_1_db.db
[2025-11-28T00:11:53.578823] [INFO] DEBUG: Получение тестовых сообщений для пользователя: hisoka
[2025-11-28T00:11:53.579824] [INFO] Подключение к базе данных: C:\Users\Vaan\Desktop\qkd_encryption_system\server_user_1\databases\user_1_db.db
[2025-11-28T00:11:53.892780] [INFO] DEBUG: Получение тестовых сообщений для получателя: UserA
[2025-11-28T00:11:53.892780] [INFO] Подключение к базе данных: C:\Users\Vaan\Desktop\qkd_encryption_system\server_user_2\databases\user_2_db.db
[2025-11-28T00:11:53.893776] [INFO] DEBUG: Найдено сообщений в БД: 0
[2025-11-28T00:11:53.894774] [INFO] DEBUG: Возвращено сообщений: 0
[2025-11-28T00:11:56.668173] [INFO] Подключение к базе данных: C:\Users\Vaan\Desktop\qkd_encryption_system\server_user_1\databases\user_1_db.db
[2025-11-28T00:11:56.669172] [INFO] Подключение к базе данных: C:\Users\Vaan\Desktop\qkd_encryption_system\server_user_1\databases\user_1_db.db
[2025-11-28T00:11:56.669172] [INFO] Подключение к базе данных: C:\Users\Vaan\Desktop\qkd_encryption_system\server_user_1\databases\user_1_db.db
[2025-11-28T00:11:56.669172] [INFO] Подключение к базе данных: C:\Users\Vaan\Desktop\qkd_encryption_system\server_user_1\databases\user_1_db.db
[2025-11-28T00:11:56.669172] [INFO] Подключение к базе данных: C:\Users\Vaan\Desktop\qkd_encryption_system\server_user_1\databases\user_1_db.db
[2025-11-28T00:11:56.671166] [INFO] Подключение к базе данных: C:\Users\Vaan\Desktop\qkd_encryption_system\server_user_1\databases\user_1_db.db
[2025-11-28T00:11:56.671166] [INFO] Подключение к базе данных: C:\Users\Vaan\Desktop\qkd_encryption_system\server_user_1\databases\user_1_db.db
[2025-11-28T00:11:56.724026] [INFO] Подключение к базе данных: C:\Users\Vaan\Desktop\qkd_encryption_system\server_user_2\databases\user_2_db.db
[2025-11-28T00:11:56.724026] [INFO] Подключение к базе данных: C:\Users\Vaan\Desktop\qkd_encryption_system\server_user_2\databases\user_2_db.db
[2025-11-28T00:11:56.724026] [INFO] Подключение к базе данных: C:\Users\Vaan\Desktop\qkd_encryption_system\server_user_2\databases\user_2_db.db
[2025-11-28T00:11:56.725027] [INFO] Подключение к базе данных: C:\Users\Vaan\Desktop\qkd_encryption_system\server_user_2\databases\user_2_db.db
[2025-11-28T00:11:56.726026] [INFO] Подключение к базе данных: C:\Users\Vaan\Desktop\qkd_encryption_system\server_user_2\databases\user_2_db.db
[2025-11-28T00:11:56.729017] [INFO] Подключение к базе данных: C:\Users\Vaan\Desktop\qkd_encryption_system\server_user_2\databases\user_2_db.db
[2025-11-28T00:11:56.729017] [INFO] Подключение к базе данных: C:\Users\Vaan\Desktop\qkd_encryption_system\server_user_2\databases\user_2_db.db
[2025-11-28T00:12:01.128830] [INFO] Подключение к базе данных: C:\Users\Vaan\Desktop\qkd_encryption_system\server_user_1\databases\user_1_db.db
[2025-11-28T00:12:01.128830] [INFO] Подключение к базе данных: C:\Users\Vaan\Desktop\qkd_encryption_system\server_user_1\databases\user_1_db.db
[2025-11-28T00:12:01.128830] [INFO] Подключение к базе данных: C:\Users\Vaan\Desktop\qkd_encryption_system\server_user_1\databases\user_1_db.db
[2025-11-28T00:12:01.129827] [INFO] Подключение к базе данных: C:\Users\Vaan\Desktop\qkd_encryption_system\server_user_1\databases\user_1_db.db
[2025-11-28T00:12:01.129827] [INFO] Подключение к базе данных: C:\Users\Vaan\Desktop\qkd_encryption_system\server_user_1\databases\user_1_db.db
[2025-11-28T00:12:01.130825] [INFO] Подключение к базе данных: C:\Users\Vaan\Desktop\qkd_encryption_system\server_user_1\databases\user_1_db.db
[2025-11-28T00:12:01.131822] [INFO] Подключение к базе данных: C:\Users\Vaan\Desktop\qkd_encryption_system\server_user_1\databases\user_1_db.db
[2025-11-28T00:12:01.165732] [INFO] Подключение к базе данных: C:\Users\Vaan\Desktop\qkd_encryption_system\server_user_2\databases\user_2_db.db
[2025-11-28T00:12:01.165732] [INFO] Подключение к базе данных: C:\Users\Vaan\Desktop\qkd_encryption_system\server_user_2\databases\user_2_db.db
[2025-11-28T00:12:01.165732] [INFO] Подключение к базе данных: C:\Users\Vaan\Desktop\qkd_encryption_system\server_user_2\databases\user_2_db.db
[2025-11-28T00:12:01.166729] [INFO] Подключение к базе данных: C:\Users\Vaan\Desktop\qkd_encryption_system\server_user_2\databases\user_2_db.db
[2025-11-28T00:12:01.166729] [INFO] Подключение к базе данных: C:\Users\Vaan\Desktop\qkd_encryption_system\server_user_2\databases\user_2_db.db
[2025-11-28T00:12:01.167726] [INFO] Подключение к базе данных: C:\Users\Vaan\Desktop\qkd_encryption_system\server_user_2\databases\user_2_db.db
[2025-11-28T00:12:01.167726] [INFO] Подключение к базе данных: C:\Users\Vaan\Desktop\qkd_encryption_system\server_user_2\databases\user_2_db.db
[2025-11-28T00:12:11.236906] [INFO] Подключение к базе данных: C:\Users\Vaan\Desktop\qkd_encryption_system\server_user_2\databases\user_2_db.db
[2025-11-28T00:12:11.236906] [INFO] Подключение к базе данных: C:\Users\Vaan\Desktop\qkd_encryption_system\server_user_2\databases\user_2_db.db
[2025-11-28T00:12:11.236906] [INFO] Подключение к базе данных: C:\Users\Vaan\Desktop\qkd_encryption_system\server_user_2\databases\user_2_db.db
[2025-11-28T00:12:11.237903] [INFO] Подключение к базе данных: C:\Users\Vaan\Desktop\qkd_encryption_system\server_user_2\databases\user_2_db.db
[2025-11-28T00:12:11.237903] [INFO] Подключение к базе данных: C:\Users\Vaan\Desktop\qkd_encryption_system\server_user_2\databases\user_2_db.db
[2025-11-28T00:12:11.238900] [INFO] Подключение к базе данных: C:\Users\Vaan\Desktop\qkd_encryption_system\server_user_2\databases\user_2_db.db
[2025-11-28T00:12:11.238900] [INFO] Подключение к базе данных: C:\Users\Vaan\Desktop\qkd_encryption_system\server_user_2\databases\user_2_db.db
[2025-11-28T00:12:11.276800] [INFO] Подключение к базе данных: C:\Users\Vaan\Desktop\qkd_encryption_system\server_user_1\databases\user_1_db.db
[2025-11-28T00:12:11.277800] [INFO] Подключение к базе данных: C:\Users\Vaan\Desktop\qkd_encryption_system\server_user_1\databases\user_1_db.db
[2025-11-28T00:12:11.279795] [INFO] Подключение к базе данных: C:\Users\Vaan\Desktop\qkd_encryption_system\server_user_1\databases\user_1_db.db
[2025-11-28T00:12:11.279795] [INFO] Подключение к базе данных: C:\Users\Vaan\Desktop\qkd_encryption_system\server_user_1\databases\user_1_db.db
[2025-11-28T00:12:11.280788] [INFO] Подключение к базе данных: C:\Users\Vaan\Desktop\qkd_encryption_system\server_user_1\databases\user_1_db.db
[2025-11-28T00:12:11.281786] [INFO] Подключение к базе данных: C:\Users\Vaan\Desktop\qkd_encryption_system\server_user_1\databases\user_1_db.db
[2025-11-28T00:12:11.281786] [INFO] Подключение к базе данных: C:\Users\Vaan\Desktop\qkd_encryption_system\server_user_1\databases\user_1_db.db
[2025-11-28T00:12:27.404787] [INFO] Подключение к базе данных: C:\Users\Vaan\Desktop\qkd_encryption_system\server_user_1\databases\user_1_db.db
[2025-11-28T00:12:27.404787] [INFO] Подключение к базе данных: C:\Users\Vaan\Desktop\qkd_encryption_system\server_user_1\databases\user_1_db.db
[2025-11-28T00:12:27.405749] [INFO] Подключение к базе данных: C:\Users\Vaan\Desktop\qkd_encryption_system\server_user_1\databases\user_1_db.db
[2025-11-28T00:12:27.405749] [INFO] Подключение к базе данных: C:\Users\Vaan\Desktop\qkd_encryption_system\server_user_1\databases\user_1_db.db
[2025-11-28T00:12:27.405749] [INFO] Подключение к базе данных: C:\Users\Vaan\Desktop\qkd_encryption_system\server_user_1\databases\user_1_db.db
[2025-11-28T00:12:27.407777] [INFO] Подключение к базе данных: C:\Users\Vaan\Desktop\qkd_encryption_system\server_user_1\databases\user_1_db.db
[2025-11-28T00:12:27.407777] [INFO] Подключение к базе данных: C:\Users\Vaan\Desktop\qkd_encryption_system\server_user_1\databases\user_1_db.db
[2025-11-28T00:12:27.932912] [INFO] Подключение к базе данных: C:\Users\Vaan\Desktop\qkd_encryption_system\server_user_2\databases\user_2_db.db
[2025-11-28T00:12:27.932912] [INFO] Подключение к базе данных: C:\Users\Vaan\Desktop\qkd_encryption_system\server_user_2\databases\user_2_db.db
[2025-11-28T00:12:27.933875] [INFO] Подключение к базе данных: C:\Users\Vaan\Desktop\qkd_encryption_system\server_user_2\databases\user_2_db.db
[2025-11-28T00:12:27.933875] [INFO] Подключение к базе данных: C:\Users\Vaan\Desktop\qkd_encryption_system\server_user_2\databases\user_2_db.db
[2025-11-28T00:12:27.933875] [INFO] Подключение к базе данных: C:\Users\Vaan\Desktop\qkd_encryption_system\server_user_2\databases\user_2_db.db
[2025-11-28T00:12:27.934873] [INFO] Подключение к базе данных: C:\Users\Vaan\Desktop\qkd_encryption_system\server_user_2\databases\user_2_db.db
[2025-11-28T00:12:27.935870] [INFO] Подключение к базе данных: C:\Users\Vaan\Desktop\qkd_encryption_system\server_user_2\databases\user_2_db.db
[2025-11-28T00:12:31.490965] [INFO] Подключение к базе данных: C:\Users\Vaan\Desktop\qkd_encryption_system\server_user_2\databases\user_2_db.db
[2025-11-28T00:12:31.491975] [INFO] Подключение к базе данных: C:\Users\Vaan\Desktop\qkd_encryption_system\server_user_2\databases\user_2_db.db
[2025-11-28T00:12:31.493998] [INFO] Подключение к базе данных: C:\Users\Vaan\Desktop\qkd_encryption_system\server_user_2\databases\user_2_db.db
[2025-11-28T00:12:31.493998] [INFO] Подключение к базе данных: C:\Users\Vaan\Desktop\qkd_encryption_system\server_user_2\databases\user_2_db.db
[2025-11-28T00:12:31.493998] [INFO] Подключение к базе данных: C:\Users\Vaan\Desktop\qkd_encryption_system\server_user_2\databases\user_2_db.db
[2025-11-28T00:12:31.495953] [INFO] Подключение к базе данных: C:\Users\Vaan\Desktop\qkd_encryption_system\server_user_2\databases\user_2_db.db
[2025-11-28T00:12:31.495953] [INFO] Подключение к базе данных: C:\Users\Vaan\Desktop\qkd_encryption_system\server_user_2\databases\user_2_db.db
[2025-11-28T00:12:31.994933] [INFO] Подключение к базе данных: C:\Users\Vaan\Desktop\qkd_encryption_system\server_user_1\databases\user_1_db.db
[2025-11-28T00:12:31.995931] [INFO] Подключение к базе данных: C:\Users\Vaan\Desktop\qkd_encryption_system\server_user_1\databases\user_1_db.db
[2025-11-28T00:12:31.995931] [INFO] Подключение к базе данных: C:\Users\Vaan\Desktop\qkd_encryption_system\server_user_1\databases\user_1_db.db
[2025-11-28T00:12:31.995931] [INFO] Подключение к базе данных: C:\Users\Vaan\Desktop\qkd_encryption_system\server_user_1\databases\user_1_db.db
[2025-11-28T00:12:31.996928] [INFO] Подключение к базе данных: C:\Users\Vaan\Desktop\qkd_encryption_system\server_user_1\databases\user_1_db.db
[2025-11-28T00:12:31.997926] [INFO] Подключение к базе данных: C:\Users\Vaan\Desktop\qkd_encryption_system\server_user_1\databases\user_1_db.db
[2025-11-28T00:12:31.997926] [INFO] Подключение к базе данных: C:\Users\Vaan\Desktop\qkd_encryption_system\server_user_1\databases\user_1_db.db
[2025-11-28T00:12:44.952077] [INFO] Подключение к базе данных: C:\Users\Vaan\Desktop\qkd_encryption_system\server_user_1\databases\user_1_db.db
[2025-11-28T00:12:44.952077] [INFO] Подключение к базе данных: C:\Users\Vaan\Desktop\qkd_encryption_system\server_user_1\databases\user_1_db.db
[2025-11-28T00:12:44.954087] [INFO] Подключение к базе данных: C:\Users\Vaan\Desktop\qkd_encryption_system\server_user_1\databases\user_1_db.db
[2025-11-28T00:12:44.955074] [INFO] Подключение к базе данных: C:\Users\Vaan\Desktop\qkd_encryption_system\server_user_1\databases\user_1_db.db
[2025-11-28T00:12:44.955074] [INFO] Подключение к базе данных: C:\Users\Vaan\Desktop\qkd_encryption_system\server_user_1\databases\user_1_db.db
[2025-11-28T00:12:44.958081] [INFO] Подключение к базе данных: C:\Users\Vaan\Desktop\qkd_encryption_system\server_user_1\databases\user_1_db.db
[2025-11-28T00:12:44.958081] [INFO] Подключение к базе данных: C:\Users\Vaan\Desktop\qkd_encryption_system\server_user_1\databases\user_1_db.db
[2025-11-28T00:12:46.323844] [INFO] Подключение к базе данных: C:\Users\Vaan\Desktop\qkd_encryption_system\server_user_2\databases\user_2_db.db
[2025-11-28T00:12:46.326835] [INFO] Подключение к базе данных: C:\Users\Vaan\Desktop\qkd_encryption_system\server_user_2\databases\user_2_db.db
[2025-11-28T00:12:46.326835] [INFO] Подключение к базе данных: C:\Users\Vaan\Desktop\qkd_encryption_system\server_user_2\databases\user_2_db.db
[2025-11-28T00:12:46.327831] [INFO] Подключение к базе данных: C:\Users\Vaan\Desktop\qkd_encryption_system\server_user_2\databases\user_2_db.db
[2025-11-28T00:12:46.328828] [INFO] Подключение к базе данных: C:\Users\Vaan\Desktop\qkd_encryption_system\server_user_2\databases\user_2_db.db
[2025-11-28T00:12:46.330822] [INFO] Подключение к базе данных: C:\Users\Vaan\Desktop\qkd_encryption_system\server_user_2\databases\user_2_db.db
[2025-11-28T00:12:46.331819] [INFO] Подключение к базе данных: C:\Users\Vaan\Desktop\qkd_encryption_system\server_user_2\databases\user_2_db.db
[2025-11-28T00:12:46.912043] [INFO] Подключение к базе данных: C:\Users\Vaan\Desktop\qkd_encryption_system\server_user_1\databases\user_1_db.db
[2025-11-28T00:12:46.912043] [INFO] Подключение к базе данных: C:\Users\Vaan\Desktop\qkd_encryption_system\server_user_1\databases\user_1_db.db
[2025-11-28T00:12:46.912043] [INFO] Подключение к базе данных: C:\Users\Vaan\Desktop\qkd_encryption_system\server_user_1\databases\user_1_db.db
[2025-11-28T00:12:46.913040] [INFO] Подключение к базе данных: C:\Users\Vaan\Desktop\qkd_encryption_system\server_user_1\databases\user_1_db.db
[2025-11-28T00:12:46.913040] [INFO] Подключение к базе данных: C:\Users\Vaan\Desktop\qkd_encryption_system\server_user_1\databases\user_1_db.db
[2025-11-28T00:12:46.915036] [INFO] Подключение к базе данных: C:\Users\Vaan\Desktop\qkd_encryption_system\server_user_1\databases\user_1_db.db
[2025-11-28T00:12:46.915036] [INFO] Подключение к базе данных: C:\Users\Vaan\Desktop\qkd_encryption_system\server_user_1\databases\user_1_db.db
[2025-11-28T00:12:53.591266] [INFO] DEBUG: Получение тестовых сообщений для пользователя: hisoka
[2025-11-28T00:12:53.592255] [INFO] Подключение к базе данных: C:\Users\Vaan\Desktop\qkd_encryption_system\server_user_1\databases\user_1_db.db
[2025-11-28T00:12:53.904178] [INFO] DEBUG: Получение тестовых сообщений для получателя: UserA
[2025-11-28T00:12:53.904178] [INFO] Подключение к базе данных: C:\Users\Vaan\Desktop\qkd_encryption_system\server_user_2\databases\user_2_db.db
[2025-11-28T00:12:53.909165] [INFO] DEBUG: Найдено сообщений в БД: 0
[2025-11-28T00:12:53.909165] [INFO] DEBUG: Возвращено сообщений: 0
[2025-11-28T00:12:57.376558] [INFO] Подключение к базе данных: C:\Users\Vaan\Desktop\qkd_encryption_system\server_user_2\databases\user_2_db.db
[2025-11-28T00:12:57.376558] [INFO] Подключение к базе данных: C:\Users\Vaan\Desktop\qkd_encryption_system\server_user_2\databases\user_2_db.db
[2025-11-28T00:12:57.377554] [INFO] Подключение к базе данных: C:\Users\Vaan\Desktop\qkd_encryption_system\server_user_2\databases\user_2_db.db
[2025-11-28T00:12:57.377554] [INFO] Подключение к базе данных: C:\Users\Vaan\Desktop\qkd_encryption_system\server_user_2\databases\user_2_db.db
[2025-11-28T00:12:57.377554] [INFO] Подключение к базе данных: C:\Users\Vaan\Desktop\qkd_encryption_system\server_user_2\databases\user_2_db.db
[2025-11-28T00:12:57.379548] [INFO] Подключение к базе данных: C:\Users\Vaan\Desktop\qkd_encryption_system\server_user_2\databases\user_2_db.db
[2025-11-28T00:12:57.379548] [INFO] Подключение к базе данных: C:\Users\Vaan\Desktop\qkd_encryption_system\server_user_2\databases\user_2_db.db
[2025-11-28T00:12:58.196137] [INFO] Подключение к базе данных: C:\Users\Vaan\Desktop\qkd_encryption_system\server_user_1\databases\user_1_db.db
[2025-11-28T00:12:58.196137] [INFO] Подключение к базе данных: C:\Users\Vaan\Desktop\qkd_encryption_system\server_user_1\databases\user_1_db.db
[2025-11-28T00:12:58.196137] [INFO] Подключение к базе данных: C:\Users\Vaan\Desktop\qkd_encryption_system\server_user_1\databases\user_1_db.db
[2025-11-28T00:12:58.197134] [INFO] Подключение к базе данных: C:\Users\Vaan\Desktop\qkd_encryption_system\server_user_1\databases\user_1_db.db
[2025-11-28T00:12:58.197134] [INFO] Подключение к базе данных: C:\Users\Vaan\Desktop\qkd_encryption_system\server_user_1\databases\user_1_db.db
[2025-11-28T00:12:58.199129] [INFO] Подключение к базе данных: C:\Users\Vaan\Desktop\qkd_encryption_system\server_user_1\databases\user_1_db.db
[2025-11-28T00:12:58.199129] [INFO] Подключение к базе данных: C:\Users\Vaan\Desktop\qkd_encryption_system\server_user_1\databases\user_1_db.db
[2025-11-28T00:13:05.683354] [INFO] Подключение к базе данных: C:\Users\Vaan\Desktop\qkd_encryption_system\server_user_1\databases\user_1_db.db
[2025-11-28T00:13:05.684351] [INFO] Подключение к базе данных: C:\Users\Vaan\Desktop\qkd_encryption_system\server_user_1\databases\user_1_db.db
[2025-11-28T00:13:05.684351] [INFO] Подключение к базе данных: C:\Users\Vaan\Desktop\qkd_encryption_system\server_user_1\databases\user_1_db.db
[2025-11-28T00:13:05.684351] [INFO] Подключение к базе данных: C:\Users\Vaan\Desktop\qkd_encryption_system\server_user_1\databases\user_1_db.db
[2025-11-28T00:13:05.685348] [INFO] Подключение к базе данных: C:\Users\Vaan\Desktop\qkd_encryption_system\server_user_1\databases\user_1_db.db
[2025-11-28T00:13:05.686345] [INFO] Подключение к базе данных: C:\Users\Vaan\Desktop\qkd_encryption_system\server_user_1\databases\user_1_db.db
[2025-11-28T00:13:05.686345] [INFO] Подключение к базе данных: C:\Users\Vaan\Desktop\qkd_encryption_system\server_user_1\databases\user_1_db.db
[2025-11-28T00:13:05.860879] [INFO] Подключение к базе данных: C:\Users\Vaan\Desktop\qkd_encryption_system\server_user_2\databases\user_2_db.db
[2025-11-28T00:13:05.860879] [INFO] Подключение к базе данных: C:\Users\Vaan\Desktop\qkd_encryption_system\server_user_2\databases\user_2_db.db
[2025-11-28T00:13:05.860879] [INFO] Подключение к базе данных: C:\Users\Vaan\Desktop\qkd_encryption_system\server_user_2\databases\user_2_db.db
[2025-11-28T00:13:05.861876] [INFO] Подключение к базе данных: C:\Users\Vaan\Desktop\qkd_encryption_system\server_user_2\databases\user_2_db.db
[2025-11-28T00:13:05.861876] [INFO] Подключение к базе данных: C:\Users\Vaan\Desktop\qkd_encryption_system\server_user_2\databases\user_2_db.db
[2025-11-28T00:13:05.862873] [INFO] Подключение к базе данных: C:\Users\Vaan\Desktop\qkd_encryption_system\server_user_2\databases\user_2_db.db
[2025-11-28T00:13:05.862873] [INFO] Подключение к базе данных: C:\Users\Vaan\Desktop\qkd_encryption_system\server_user_2\databases\user_2_db.db
[2025-11-28T00:13:11.379809] [INFO] Подключение к базе данных: C:\Users\Vaan\Desktop\qkd_encryption_system\server_user_1\databases\user_1_db.db
[2025-11-28T00:13:11.379809] [INFO] Подключение к базе данных: C:\Users\Vaan\Desktop\qkd_encryption_system\server_user_1\databases\user_1_db.db
[2025-11-28T00:13:11.380806] [INFO] Подключение к базе данных: C:\Users\Vaan\Desktop\qkd_encryption_system\server_user_1\databases\user_1_db.db
[2025-11-28T00:13:11.380806] [INFO] Подключение к базе данных: C:\Users\Vaan\Desktop\qkd_encryption_system\server_user_1\databases\user_1_db.db
[2025-11-28T00:13:11.380806] [INFO] Подключение к базе данных: C:\Users\Vaan\Desktop\qkd_encryption_system\server_user_1\databases\user_1_db.db
[2025-11-28T00:13:11.382803] [INFO] Подключение к базе данных: C:\Users\Vaan\Desktop\qkd_encryption_system\server_user_1\databases\user_1_db.db
[2025-11-28T00:13:11.384798] [INFO] Подключение к базе данных: C:\Users\Vaan\Desktop\qkd_encryption_system\server_user_1\databases\user_1_db.db
[2025-11-28T00:13:11.546363] [INFO] Подключение к базе данных: C:\Users\Vaan\Desktop\qkd_encryption_system\server_user_2\databases\user_2_db.db
[2025-11-28T00:13:11.546363] [INFO] Подключение к базе данных: C:\Users\Vaan\Desktop\qkd_encryption_system\server_user_2\databases\user_2_db.db
[2025-11-28T00:13:11.547361] [INFO] Подключение к базе данных: C:\Users\Vaan\Desktop\qkd_encryption_system\server_user_2\databases\user_2_db.db
[2025-11-28T00:13:11.547361] [INFO] Подключение к базе данных: C:\Users\Vaan\Desktop\qkd_encryption_system\server_user_2\databases\user_2_db.db
[2025-11-28T00:13:11.548358] [INFO] Подключение к базе данных: C:\Users\Vaan\Desktop\qkd_encryption_system\server_user_2\databases\user_2_db.db
[2025-11-28T00:13:11.550364] [INFO] Подключение к базе данных: C:\Users\Vaan\Desktop\qkd_encryption_system\server_user_2\databases\user_2_db.db
[2025-11-28T00:13:11.551352] [INFO] Подключение к базе данных: C:\Users\Vaan\Desktop\qkd_encryption_system\server_user_2\databases\user_2_db.db
[2025-11-28T00:13:12.969014] [INFO] Подключение к базе данных: C:\Users\Vaan\Desktop\qkd_encryption_system\server_user_1\databases\user_1_db.db
[2025-11-28T00:13:12.970011] [INFO] Подключение к базе данных: C:\Users\Vaan\Desktop\qkd_encryption_system\server_user_1\databases\user_1_db.db
[2025-11-28T00:13:12.971011] [INFO] Подключение к базе данных: C:\Users\Vaan\Desktop\qkd_encryption_system\server_user_1\databases\user_1_db.db
[2025-11-28T00:13:12.972040] [INFO] Подключение к базе данных: C:\Users\Vaan\Desktop\qkd_encryption_system\server_user_1\databases\user_1_db.db
[2025-11-28T00:13:12.972991] [INFO] Подключение к базе данных: C:\Users\Vaan\Desktop\qkd_encryption_system\server_user_1\databases\user_1_db.db
[2025-11-28T00:13:12.973989] [INFO] Подключение к базе данных: C:\Users\Vaan\Desktop\qkd_encryption_system\server_user_1\databases\user_1_db.db
[2025-11-28T00:13:12.973989] [INFO] Подключение к базе данных: C:\Users\Vaan\Desktop\qkd_encryption_system\server_user_1\databases\user_1_db.db
[2025-11-28T00:13:13.197035] [INFO] Подключение к базе данных: C:\Users\Vaan\Desktop\qkd_encryption_system\server_user_2\databases\user_2_db.db
[2025-11-28T00:13:13.197035] [INFO] Подключение к базе данных: C:\Users\Vaan\Desktop\qkd_encryption_system\server_user_2\databases\user_2_db.db
[2025-11-28T00:13:13.198033] [INFO] Подключение к базе данных: C:\Users\Vaan\Desktop\qkd_encryption_system\server_user_2\databases\user_2_db.db
[2025-11-28T00:13:13.198033] [INFO] Подключение к базе данных: C:\Users\Vaan\Desktop\qkd_encryption_system\server_user_2\databases\user_2_db.db
[2025-11-28T00:13:13.198033] [INFO] Подключение к базе данных: C:\Users\Vaan\Desktop\qkd_encryption_system\server_user_2\databases\user_2_db.db
[2025-11-28T00:13:13.201026] [INFO] Подключение к базе данных: C:\Users\Vaan\Desktop\qkd_encryption_system\server_user_2\databases\user_2_db.db
[2025-11-28T00:13:13.201026] [INFO] Подключение к базе данных: C:\Users\Vaan\Desktop\qkd_encryption_system\server_user_2\databases\user_2_db.db
[2025-11-28T00:13:30.332936] [INFO] Подключение к базе данных: C:\Users\Vaan\Desktop\qkd_encryption_system\server_user_2\databases\user_2_db.db
[2025-11-28T00:13:30.332936] [INFO] Подключение к базе данных: C:\Users\Vaan\Desktop\qkd_encryption_system\server_user_2\databases\user_2_db.db
[2025-11-28T00:13:30.333934] [INFO] Подключение к базе данных: C:\Users\Vaan\Desktop\qkd_encryption_system\server_user_2\databases\user_2_db.db
[2025-11-28T00:13:30.333934] [INFO] Подключение к базе данных: C:\Users\Vaan\Desktop\qkd_encryption_system\server_user_2\databases\user_2_db.db
[2025-11-28T00:13:30.335937] [INFO] Подключение к базе данных: C:\Users\Vaan\Desktop\qkd_encryption_system\server_user_2\databases\user_2_db.db
[2025-11-28T00:13:30.337922] [INFO] Подключение к базе данных: C:\Users\Vaan\Desktop\qkd_encryption_system\server_user_2\databases\user_2_db.db
[2025-11-28T00:13:30.338919] [INFO] Подключение к базе данных: C:\Users\Vaan\Desktop\qkd_encryption_system\server_user_2\databases\user_2_db.db
[2025-11-28T00:13:30.538492] [INFO] Подключение к базе данных: C:\Users\Vaan\Desktop\qkd_encryption_system\server_user_1\databases\user_1_db.db
[2025-11-28T00:13:30.538492] [INFO] Подключение к базе данных: C:\Users\Vaan\Desktop\qkd_encryption_system\server_user_1\databases\user_1_db.db
[2025-11-28T00:13:30.538492] [INFO] Подключение к базе данных: C:\Users\Vaan\Desktop\qkd_encryption_system\server_user_1\databases\user_1_db.db
[2025-11-28T00:13:30.538492] [INFO] Подключение к базе данных: C:\Users\Vaan\Desktop\qkd_encryption_system\server_user_1\databases\user_1_db.db
[2025-11-28T00:13:30.539489] [INFO] Подключение к базе данных: C:\Users\Vaan\Desktop\qkd_encryption_system\server_user_1\databases\user_1_db.db
[2025-11-28T00:13:30.540488] [INFO] Подключение к базе данных: C:\Users\Vaan\Desktop\qkd_encryption_system\server_user_1\databases\user_1_db.db
[2025-11-28T00:13:30.540488] [INFO] Подключение к базе данных: C:\Users\Vaan\Desktop\qkd_encryption_system\server_user_1\databases\user_1_db.db
[2025-11-28T00:13:32.064720] [INFO] Подключение к базе данных: C:\Users\Vaan\Desktop\qkd_encryption_system\server_user_2\databases\user_2_db.db
[2025-11-28T00:13:32.065710] [INFO] Подключение к базе данных: C:\Users\Vaan\Desktop\qkd_encryption_system\server_user_2\databases\user_2_db.db
[2025-11-28T00:13:32.065710] [INFO] Подключение к базе данных: C:\Users\Vaan\Desktop\qkd_encryption_system\server_user_2\databases\user_2_db.db
[2025-11-28T00:13:32.066711] [INFO] Подключение к базе данных: C:\Users\Vaan\Desktop\qkd_encryption_system\server_user_2\databases\user_2_db.db
[2025-11-28T00:13:32.068711] [INFO] Подключение к базе данных: C:\Users\Vaan\Desktop\qkd_encryption_system\server_user_2\databases\user_2_db.db
[2025-11-28T00:13:32.070696] [INFO] Подключение к базе данных: C:\Users\Vaan\Desktop\qkd_encryption_system\server_user_2\databases\user_2_db.db
[2025-11-28T00:13:32.070696] [INFO] Подключение к базе данных: C:\Users\Vaan\Desktop\qkd_encryption_system\server_user_2\databases\user_2_db.db
[2025-11-28T00:13:32.191372] [INFO] Подключение к базе данных: C:\Users\Vaan\Desktop\qkd_encryption_system\server_user_1\databases\user_1_db.db
[2025-11-28T00:13:32.191372] [INFO] Подключение к базе данных: C:\Users\Vaan\Desktop\qkd_encryption_system\server_user_1\databases\user_1_db.db
[2025-11-28T00:13:32.191372] [INFO] Подключение к базе данных: C:\Users\Vaan\Desktop\qkd_encryption_system\server_user_1\databases\user_1_db.db
[2025-11-28T00:13:32.192369] [INFO] Подключение к базе данных: C:\Users\Vaan\Desktop\qkd_encryption_system\server_user_1\databases\user_1_db.db
[2025-11-28T00:13:32.192369] [INFO] Подключение к базе данных: C:\Users\Vaan\Desktop\qkd_encryption_system\server_user_1\databases\user_1_db.db
[2025-11-28T00:13:32.193366] [INFO] Подключение к базе данных: C:\Users\Vaan\Desktop\qkd_encryption_system\server_user_1\databases\user_1_db.db
[2025-11-28T00:13:32.193366] [INFO] Подключение к базе данных: C:\Users\Vaan\Desktop\qkd_encryption_system\server_user_1\databases\user_1_db.db
[2025-11-28T00:13:39.282626] [INFO] Подключение к базе данных: C:\Users\Vaan\Desktop\qkd_encryption_system\server_user_1\databases\user_1_db.db
[2025-11-28T00:13:39.283633] [INFO] Подключение к базе данных: C:\Users\Vaan\Desktop\qkd_encryption_system\server_user_1\databases\user_1_db.db
[2025-11-28T00:13:39.284623] [INFO] Подключение к базе данных: C:\Users\Vaan\Desktop\qkd_encryption_system\server_user_1\databases\user_1_db.db
[2025-11-28T00:13:39.285614] [INFO] Подключение к базе данных: C:\Users\Vaan\Desktop\qkd_encryption_system\server_user_1\databases\user_1_db.db
[2025-11-28T00:13:39.285614] [INFO] Подключение к базе данных: C:\Users\Vaan\Desktop\qkd_encryption_system\server_user_1\databases\user_1_db.db
[2025-11-28T00:13:39.287634] [INFO] Подключение к базе данных: C:\Users\Vaan\Desktop\qkd_encryption_system\server_user_1\databases\user_1_db.db
[2025-11-28T00:13:39.287634] [INFO] Подключение к базе данных: C:\Users\Vaan\Desktop\qkd_encryption_system\server_user_1\databases\user_1_db.db
[2025-11-28T00:13:39.364405] [INFO] Подключение к базе данных: C:\Users\Vaan\Desktop\qkd_encryption_system\server_user_2\databases\user_2_db.db
[2025-11-28T00:13:39.364405] [INFO] Подключение к базе данных: C:\Users\Vaan\Desktop\qkd_encryption_system\server_user_2\databases\user_2_db.db
[2025-11-28T00:13:39.364405] [INFO] Подключение к базе данных: C:\Users\Vaan\Desktop\qkd_encryption_system\server_user_2\databases\user_2_db.db
[2025-11-28T00:13:39.365405] [INFO] Подключение к базе данных: C:\Users\Vaan\Desktop\qkd_encryption_system\server_user_2\databases\user_2_db.db
[2025-11-28T00:13:39.365405] [INFO] Подключение к базе данных: C:\Users\Vaan\Desktop\qkd_encryption_system\server_user_2\databases\user_2_db.db
[2025-11-28T00:13:39.368393] [INFO] Подключение к базе данных: C:\Users\Vaan\Desktop\qkd_encryption_system\server_user_2\databases\user_2_db.db
[2025-11-28T00:13:39.368393] [INFO] Подключение к базе данных: C:\Users\Vaan\Desktop\qkd_encryption_system\server_user_2\databases\user_2_db.db
[2025-11-28T00:13:53.597886] [INFO] DEBUG: Получение тестовых сообщений для пользователя: hisoka
[2025-11-28T00:13:53.598883] [INFO] Подключение к базе данных: C:\Users\Vaan\Desktop\qkd_encryption_system\server_user_1\databases\user_1_db.db
[2025-11-28T00:13:53.912961] [INFO] DEBUG: Получение тестовых сообщений для пользователя: Max
[2025-11-28T00:13:53.912961] [INFO] Подключение к базе данных: C:\Users\Vaan\Desktop\qkd_encryption_system\server_user_2\databases\user_2_db.db
[2025-11-28T00:13:53.914958] [INFO] DEBUG: Найдено сообщений в БД: 0
[2025-11-28T00:13:53.914958] [INFO] DEBUG: Возвращено сообщений: 0
[2025-11-28T00:14:53.586578] [INFO] DEBUG: Получение тестовых сообщений для пользователя: hisoka
[2025-11-28T00:14:53.587627] [INFO] Подключение к базе данных: C:\Users\Vaan\Desktop\qkd_encryption_system\server_user_1\databases\user_1_db.db
[2025-11-28T00:14:53.899029] [INFO] DEBUG: Получение тестовых сообщений для пользователя: Max
[2025-11-28T00:14:53.899029] [INFO] Подключение к базе данных: C:\Users\Vaan\Desktop\qkd_encryption_system\server_user_2\databases\user_2_db.db
[2025-11-28T00:14:53.899998] [INFO] DEBUG: Найдено сообщений в БД: 0
[2025-11-28T00:14:53.899998] [INFO] DEBUG: Возвращено сообщений: 0
[2025-11-28T00:15:53.197639] [INFO] Подключение к базе данных: C:\Users\Vaan\Desktop\qkd_encryption_system\server_user_1\databases\user_1_db.db
[2025-11-28T00:15:53.197639] [INFO] Подключение к базе данных: C:\Users\Vaan\Desktop\qkd_encryption_system\server_user_1\databases\user_1_db.db
[2025-11-28T00:15:53.198680] [INFO] Подключение к базе данных: C:\Users\Vaan\Desktop\qkd_encryption_system\server_user_1\databases\user_1_db.db
[2025-11-28T00:15:53.199678] [INFO] Подключение к базе данных: C:\Users\Vaan\Desktop\qkd_encryption_system\server_user_1\databases\user_1_db.db
[2025-11-28T00:15:53.200676] [INFO] Подключение к базе данных: C:\Users\Vaan\Desktop\qkd_encryption_system\server_user_1\databases\user_1_db.db
[2025-11-28T00:15:53.201673] [INFO] Подключение к базе данных: C:\Users\Vaan\Desktop\qkd_encryption_system\server_user_1\databases\user_1_db.db
[2025-11-28T00:15:53.202669] [INFO] Подключение к базе данных: C:\Users\Vaan\Desktop\qkd_encryption_system\server_user_1\databases\user_1_db.db
[2025-11-28T00:15:53.691193] [INFO] Подключение к базе данных: C:\Users\Vaan\Desktop\qkd_encryption_system\server_user_1\databases\user_1_db.db
[2025-11-28T00:15:53.692454] [INFO] Подключение к базе данных: C:\Users\Vaan\Desktop\qkd_encryption_system\server_user_1\databases\user_1_db.db
[2025-11-28T00:15:53.693188] [INFO] Подключение к базе данных: C:\Users\Vaan\Desktop\qkd_encryption_system\server_user_1\databases\user_1_db.db
[2025-11-28T00:15:53.693188] [INFO] Подключение к базе данных: C:\Users\Vaan\Desktop\qkd_encryption_system\server_user_1\databases\user_1_db.db
[2025-11-28T00:15:53.695187] [INFO] Подключение к базе данных: C:\Users\Vaan\Desktop\qkd_encryption_system\server_user_1\databases\user_1_db.db
[2025-11-28T00:15:53.697178] [INFO] Подключение к базе данных: C:\Users\Vaan\Desktop\qkd_encryption_system\server_user_1\databases\user_1_db.db
[2025-11-28T00:15:53.697178] [INFO] Подключение к базе данных: C:\Users\Vaan\Desktop\qkd_encryption_system\server_user_1\databases\user_1_db.db
[2025-11-28T00:15:53.801682] [INFO] DEBUG: Получение тестовых сообщений для пользователя: hisoka
[2025-11-28T00:15:53.802680] [INFO] Подключение к базе данных: C:\Users\Vaan\Desktop\qkd_encryption_system\server_user_1\databases\user_1_db.db
[2025-11-28T00:15:54.690086] [INFO] Подключение к базе данных: C:\Users\Vaan\Desktop\qkd_encryption_system\server_user_2\databases\user_2_db.db
[2025-11-28T00:15:54.691084] [INFO] Подключение к базе данных: C:\Users\Vaan\Desktop\qkd_encryption_system\server_user_2\databases\user_2_db.db
[2025-11-28T00:15:54.692081] [INFO] Подключение к базе данных: C:\Users\Vaan\Desktop\qkd_encryption_system\server_user_2\databases\user_2_db.db
[2025-11-28T00:15:54.693079] [INFO] Подключение к базе данных: C:\Users\Vaan\Desktop\qkd_encryption_system\server_user_2\databases\user_2_db.db
[2025-11-28T00:15:54.694076] [INFO] Подключение к базе данных: C:\Users\Vaan\Desktop\qkd_encryption_system\server_user_2\databases\user_2_db.db
[2025-11-28T00:15:54.697068] [INFO] Подключение к базе данных: C:\Users\Vaan\Desktop\qkd_encryption_system\server_user_2\databases\user_2_db.db
[2025-11-28T00:15:54.698065] [INFO] Подключение к базе данных: C:\Users\Vaan\Desktop\qkd_encryption_system\server_user_2\databases\user_2_db.db
[2025-11-28T00:15:55.264066] [INFO] Подключение к базе данных: C:\Users\Vaan\Desktop\qkd_encryption_system\server_user_2\databases\user_2_db.db
[2025-11-28T00:15:55.264066] [INFO] Подключение к базе данных: C:\Users\Vaan\Desktop\qkd_encryption_system\server_user_2\databases\user_2_db.db
[2025-11-28T00:15:55.265064] [INFO] Подключение к базе данных: C:\Users\Vaan\Desktop\qkd_encryption_system\server_user_2\databases\user_2_db.db
[2025-11-28T00:15:55.265064] [INFO] Подключение к базе данных: C:\Users\Vaan\Desktop\qkd_encryption_system\server_user_2\databases\user_2_db.db
[2025-11-28T00:15:55.265064] [INFO] Подключение к базе данных: C:\Users\Vaan\Desktop\qkd_encryption_system\server_user_2\databases\user_2_db.db
[2025-11-28T00:15:55.266061] [INFO] Подключение к базе данных: C:\Users\Vaan\Desktop\qkd_encryption_system\server_user_2\databases\user_2_db.db
[2025-11-28T00:15:55.267060] [INFO] Подключение к базе данных: C:\Users\Vaan\Desktop\qkd_encryption_system\server_user_2\databases\user_2_db.db
[2025-11-28T00:15:55.308944] [INFO] DEBUG: Получение тестовых сообщений для пользователя: Max
[2025-11-28T00:15:55.310938] [INFO] Подключение к базе данных: C:\Users\Vaan\Desktop\qkd_encryption_system\server_user_2\databases\user_2_db.db
[2025-11-28T00:15:55.312933] [INFO] DEBUG: Найдено сообщений в БД: 0
[2025-11-28T00:15:55.313931] [INFO] DEBUG: Возвращено сообщений: 0
[2025-11-28T00:15:57.988275] [INFO] Подключение к базе данных: C:\Users\Vaan\Desktop\qkd_encryption_system\server_user_2\databases\user_2_db.db
[2025-11-28T00:15:58.903746] [INFO] DEBUG: Получение тестовых сообщений для пользователя: hisoka
[2025-11-28T00:15:58.905742] [INFO] Подключение к базе данных: C:\Users\Vaan\Desktop\qkd_encryption_system\server_user_1\databases\user_1_db.db
[2025-11-28T00:15:59.582055] [INFO] DEBUG: Получение тестовых сообщений для пользователя: Max
[2025-11-28T00:15:59.582055] [INFO] Подключение к базе данных: C:\Users\Vaan\Desktop\qkd_encryption_system\server_user_2\databases\user_2_db.db
[2025-11-28T00:15:59.583085] [INFO] DEBUG: Найдено сообщений в БД: 0
[2025-11-28T00:15:59.583085] [INFO] DEBUG: Возвращено сообщений: 0
[2025-11-28T00:15:59.816135] [INFO] Подключение к базе данных: C:\Users\Vaan\Desktop\qkd_encryption_system\server_user_1\databases\user_1_db.db
[2025-11-28T00:16:00.918301] [INFO] DEBUG: Получение тестовых сообщений для пользователя: hisoka
[2025-11-28T00:16:00.918301] [INFO] Подключение к базе данных: C:\Users\Vaan\Desktop\qkd_encryption_system\server_user_1\databases\user_1_db.db
[2025-11-28T00:16:02.505466] [INFO] DEBUG: Получение тестовых сообщений для пользователя: hisoka
[2025-11-28T00:16:02.506009] [INFO] Подключение к базе данных: C:\Users\Vaan\Desktop\qkd_encryption_system\server_user_1\databases\user_1_db.db
[2025-11-28T00:16:02.903430] [INFO] DEBUG: Получение тестовых сообщений для пользователя: hisoka
[2025-11-28T00:16:02.903430] [INFO] Подключение к базе данных: C:\Users\Vaan\Desktop\qkd_encryption_system\server_user_1\databases\user_1_db.db
[2025-11-28T00:16:03.890154] [INFO] DEBUG: Получение тестовых сообщений для пользователя: Max
[2025-11-28T00:16:03.891126] [INFO] Подключение к базе данных: C:\Users\Vaan\Desktop\qkd_encryption_system\server_user_2\databases\user_2_db.db
[2025-11-28T00:16:03.892124] [INFO] DEBUG: Найдено сообщений в БД: 0
[2025-11-28T00:16:03.893120] [INFO] DEBUG: Возвращено сообщений: 0
[2025-11-28T00:16:05.905032] [INFO] DEBUG: Получение тестовых сообщений для пользователя: hisoka
[2025-11-28T00:16:05.905032] [INFO] Подключение к базе данных: C:\Users\Vaan\Desktop\qkd_encryption_system\server_user_1\databases\user_1_db.db
[2025-11-28T00:16:08.730781] [INFO] Подключение к базе данных: C:\Users\Vaan\Desktop\qkd_encryption_system\server_user_1\databases\user_1_db.db
[2025-11-28T00:16:08.737365] [INFO] Сохранено отправленное сообщение от hisoka: Приветы!
[2025-11-28T00:16:08.885144] [INFO] DEBUG: Получение тестовых сообщений для пользователя: Max
[2025-11-28T00:16:08.886474] [INFO] Подключение к базе данных: C:\Users\Vaan\Desktop\qkd_encryption_system\server_user_2\databases\user_2_db.db
[2025-11-28T00:16:08.886474] [INFO] DEBUG: Найдено сообщений в БД: 0
[2025-11-28T00:16:08.887473] [INFO] DEBUG: Возвращено сообщений: 0
[2025-11-28T00:16:08.917812] [INFO] DEBUG: Получение тестовых сообщений для пользователя: hisoka
[2025-11-28T00:16:08.917812] [INFO] Подключение к базе данных: C:\Users\Vaan\Desktop\qkd_encryption_system\server_user_1\databases\user_1_db.db
[2025-11-28T00:16:10.828361] [INFO] Подключение к базе данных: C:\Users\Vaan\Desktop\qkd_encryption_system\server_user_2\databases\user_2_db.db
[2025-11-28T00:16:10.836464] [INFO] Сохранено тестовое сообщение от hisoka для UserA: Приветы!
[2025-11-28T00:16:10.841310] [INFO] Сохранено тестовое сообщение от hisoka для UserB: Приветы!
[2025-11-28T00:16:11.945226] [INFO] DEBUG: Получение тестовых сообщений для пользователя: hisoka
[2025-11-28T00:16:12.179912] [INFO] Подключение к базе данных: C:\Users\Vaan\Desktop\qkd_encryption_system\server_user_1\databases\user_1_db.db
[2025-11-28T00:16:13.897485] [INFO] DEBUG: Получение тестовых сообщений для пользователя: Max
[2025-11-28T00:16:13.897485] [INFO] Подключение к базе данных: C:\Users\Vaan\Desktop\qkd_encryption_system\server_user_2\databases\user_2_db.db
[2025-11-28T00:16:13.900477] [INFO] DEBUG: Найдено сообщений в БД: 0
[2025-11-28T00:16:13.901477] [INFO] DEBUG: Возвращено сообщений: 0
[2025-11-28T00:16:15.457474] [INFO] DEBUG: Получение тестовых сообщений для пользователя: Max
[2025-11-28T00:16:15.458472] [INFO] Подключение к базе данных: C:\Users\Vaan\Desktop\qkd_encryption_system\server_user_2\databases\user_2_db.db
[2025-11-28T00:16:15.459470] [INFO] DEBUG: Найдено сообщений в БД: 0
[2025-11-28T00:16:15.459470] [INFO] DEBUG: Возвращено сообщений: 0
[2025-11-28T00:16:15.570996] [INFO] DEBUG: Получение тестовых сообщений для пользователя: hisoka
[2025-11-28T00:16:15.571961] [INFO] Подключение к базе данных: C:\Users\Vaan\Desktop\qkd_encryption_system\server_user_1\databases\user_1_db.db
[2025-11-28T00:16:16.397377] [INFO] DEBUG: Получение тестовых сообщений для пользователя: Max
[2025-11-28T00:16:16.397377] [INFO] Подключение к базе данных: C:\Users\Vaan\Desktop\qkd_encryption_system\server_user_2\databases\user_2_db.db
[2025-11-28T00:16:16.398375] [INFO] DEBUG: Найдено сообщений в БД: 0
[2025-11-28T00:16:16.399372] [INFO] DEBUG: Возвращено сообщений: 0
[2025-11-28T00:16:18.561866] [INFO] Подключение к базе данных: C:\Users\Vaan\Desktop\qkd_encryption_system\server_user_2\databases\user_2_db.db
[2025-11-28T00:16:18.575796] [INFO] DEBUG: Получение тестовых сообщений для пользователя: hisoka
[2025-11-28T00:16:18.575796] [INFO] Подключение к базе данных: C:\Users\Vaan\Desktop\qkd_encryption_system\server_user_1\databases\user_1_db.db
[2025-11-28T00:16:19.017437] [INFO] Подключение к базе данных: C:\Users\Vaan\Desktop\qkd_encryption_system\server_user_2\databases\user_2_db.db
[2025-11-28T00:16:19.397245] [INFO] Подключение к базе данных: C:\Users\Vaan\Desktop\qkd_encryption_system\server_user_2\databases\user_2_db.db
[2025-11-28T00:16:19.736988] [INFO] Подключение к базе данных: C:\Users\Vaan\Desktop\qkd_encryption_system\server_user_2\databases\user_2_db.db
[2025-11-28T00:16:19.913050] [INFO] Подключение к базе данных: C:\Users\Vaan\Desktop\qkd_encryption_system\server_user_2\databases\user_2_db.db
[2025-11-28T00:16:20.101662] [INFO] Подключение к базе данных: C:\Users\Vaan\Desktop\qkd_encryption_system\server_user_2\databases\user_2_db.db
[2025-11-28T00:16:20.275775] [INFO] Подключение к базе данных: C:\Users\Vaan\Desktop\qkd_encryption_system\server_user_2\databases\user_2_db.db
[2025-11-28T00:16:20.431163] [INFO] Подключение к базе данных: C:\Users\Vaan\Desktop\qkd_encryption_system\server_user_2\databases\user_2_db.db
[2025-11-28T00:16:20.682868] [INFO] DEBUG: Получение тестовых сообщений для пользователя: Max
[2025-11-28T00:16:20.683868] [INFO] Подключение к базе данных: C:\Users\Vaan\Desktop\qkd_encryption_system\server_user_2\databases\user_2_db.db
[2025-11-28T00:16:20.684863] [INFO] DEBUG: Найдено сообщений в БД: 0
[2025-11-28T00:16:20.684863] [INFO] DEBUG: Возвращено сообщений: 0
[2025-11-28T00:16:21.579042] [INFO] DEBUG: Получение тестовых сообщений для пользователя: hisoka
[2025-11-28T00:16:21.580073] [INFO] Подключение к базе данных: C:\Users\Vaan\Desktop\qkd_encryption_system\server_user_1\databases\user_1_db.db
[2025-11-28T00:16:21.765813] [INFO] DEBUG: Получение тестовых сообщений для пользователя: Max
[2025-11-28T00:16:21.766814] [INFO] Подключение к базе данных: C:\Users\Vaan\Desktop\qkd_encryption_system\server_user_2\databases\user_2_db.db
[2025-11-28T00:16:21.766814] [INFO] DEBUG: Найдено сообщений в БД: 0
[2025-11-28T00:16:21.766814] [INFO] DEBUG: Возвращено сообщений: 0
[2025-11-28T00:16:23.454496] [INFO] DEBUG: Получение тестовых сообщений для пользователя: Max
[2025-11-28T00:16:23.455493] [INFO] Подключение к базе данных: C:\Users\Vaan\Desktop\qkd_encryption_system\server_user_2\databases\user_2_db.db
[2025-11-28T00:16:23.455493] [INFO] DEBUG: Найдено сообщений в БД: 0
[2025-11-28T00:16:23.456490] [INFO] DEBUG: Возвращено сообщений: 0
[2025-11-28T00:16:24.576260] [INFO] DEBUG: Получение тестовых сообщений для пользователя: hisoka
[2025-11-28T00:16:24.576260] [INFO] Подключение к базе данных: C:\Users\Vaan\Desktop\qkd_encryption_system\server_user_1\databases\user_1_db.db
[2025-11-28T00:16:26.451822] [INFO] DEBUG: Получение тестовых сообщений для пользователя: Max
[2025-11-28T00:16:26.451822] [INFO] Подключение к базе данных: C:\Users\Vaan\Desktop\qkd_encryption_system\server_user_2\databases\user_2_db.db
[2025-11-28T00:16:26.452819] [INFO] DEBUG: Найдено сообщений в БД: 0
[2025-11-28T00:16:26.452819] [INFO] DEBUG: Возвращено сообщений: 0
[2025-11-28T00:16:27.894877] [INFO] Подключение к базе данных: C:\Users\Vaan\Desktop\qkd_encryption_system\server_user_2\databases\user_2_db.db
[2025-11-28T00:16:27.910834] [INFO] Сохранено отправленное сообщение от Max: Азаза
[2025-11-28T00:16:27.958707] [INFO] DEBUG: Получение тестовых сообщений для пользователя: hisoka
[2025-11-28T00:16:27.960701] [INFO] Подключение к базе данных: C:\Users\Vaan\Desktop\qkd_encryption_system\server_user_1\databases\user_1_db.db
[2025-11-28T00:16:29.459361] [INFO] DEBUG: Получение тестовых сообщений для пользователя: Max
[2025-11-28T00:16:29.460394] [INFO] Подключение к базе данных: C:\Users\Vaan\Desktop\qkd_encryption_system\server_user_2\databases\user_2_db.db
[2025-11-28T00:16:29.461391] [INFO] DEBUG: Найдено сообщений в БД: 0
[2025-11-28T00:16:29.461391] [INFO] DEBUG: Возвращено сообщений: 0
[2025-11-28T00:16:30.032226] [INFO] Подключение к базе данных: C:\Users\Vaan\Desktop\qkd_encryption_system\server_user_1\databases\user_1_db.db
[2025-11-28T00:16:30.040630] [INFO] Сохранено тестовое сообщение от Max для UserA: Азаза
[2025-11-28T00:16:30.045363] [INFO] Сохранено тестовое сообщение от Max для UserB: Азаза
[2025-11-28T00:16:30.578240] [INFO] DEBUG: Получение тестовых сообщений для пользователя: hisoka
[2025-11-28T00:16:30.579239] [INFO] Подключение к базе данных: C:\Users\Vaan\Desktop\qkd_encryption_system\server_user_1\databases\user_1_db.db
[2025-11-28T00:16:32.574190] [INFO] DEBUG: Получение тестовых сообщений для пользователя: Max
[2025-11-28T00:16:32.575192] [INFO] Подключение к базе данных: C:\Users\Vaan\Desktop\qkd_encryption_system\server_user_2\databases\user_2_db.db
[2025-11-28T00:16:32.575192] [INFO] DEBUG: Найдено сообщений в БД: 0
[2025-11-28T00:16:32.576219] [INFO] DEBUG: Возвращено сообщений: 0
[2025-11-28T00:16:33.294255] [INFO] DEBUG: Получение тестовых сообщений для пользователя: hisoka
[2025-11-28T00:16:33.295251] [INFO] Подключение к базе данных: C:\Users\Vaan\Desktop\qkd_encryption_system\server_user_1\databases\user_1_db.db
[2025-11-28T00:16:34.905038] [INFO] DEBUG: Получение тестовых сообщений для пользователя: hisoka
[2025-11-28T00:16:34.906033] [INFO] Подключение к базе данных: C:\Users\Vaan\Desktop\qkd_encryption_system\server_user_1\databases\user_1_db.db
[2025-11-28T00:16:35.890043] [INFO] DEBUG: Получение тестовых сообщений для пользователя: Max
[2025-11-28T00:16:35.890043] [INFO] Подключение к базе данных: C:\Users\Vaan\Desktop\qkd_encryption_system\server_user_2\databases\user_2_db.db
[2025-11-28T00:16:35.892039] [INFO] DEBUG: Найдено сообщений в БД: 0
[2025-11-28T00:16:35.892039] [INFO] DEBUG: Возвращено сообщений: 0
[2025-11-28T00:16:38.593350] [INFO] DEBUG: Получение тестовых сообщений для пользователя: Max
[2025-11-28T00:16:38.593350] [INFO] Подключение к базе данных: C:\Users\Vaan\Desktop\qkd_encryption_system\server_user_2\databases\user_2_db.db
[2025-11-28T00:16:38.594346] [INFO] DEBUG: Найдено сообщений в БД: 0
[2025-11-28T00:16:38.595344] [INFO] DEBUG: Возвращено сообщений: 0
[2025-11-28T00:16:40.575257] [INFO] DEBUG: Получение тестовых сообщений для пользователя: hisoka
[2025-11-28T00:16:40.575257] [INFO] Подключение к базе данных: C:\Users\Vaan\Desktop\qkd_encryption_system\server_user_1\databases\user_1_db.db
[2025-11-28T00:16:41.579052] [INFO] DEBUG: Получение тестовых сообщений для пользователя: Max
[2025-11-28T00:16:41.579052] [INFO] Подключение к базе данных: C:\Users\Vaan\Desktop\qkd_encryption_system\server_user_2\databases\user_2_db.db
[2025-11-28T00:16:41.580011] [INFO] DEBUG: Найдено сообщений в БД: 0
[2025-11-28T00:16:41.580011] [INFO] DEBUG: Возвращено сообщений: 0
[2025-11-28T00:16:44.890649] [INFO] DEBUG: Получение тестовых сообщений для пользователя: Max
[2025-11-28T00:16:44.890649] [INFO] Подключение к базе данных: C:\Users\Vaan\Desktop\qkd_encryption_system\server_user_2\databases\user_2_db.db
[2025-11-28T00:16:44.891647] [INFO] DEBUG: Найдено сообщений в БД: 0
[2025-11-28T00:16:44.891647] [INFO] DEBUG: Возвращено сообщений: 0
[2025-11-28T00:16:45.579010] [INFO] DEBUG: Получение тестовых сообщений для пользователя: hisoka
[2025-11-28T00:16:45.580006] [INFO] Подключение к базе данных: C:\Users\Vaan\Desktop\qkd_encryption_system\server_user_1\databases\user_1_db.db
[2025-11-28T00:16:47.894141] [INFO] DEBUG: Получение тестовых сообщений для пользователя: Max
[2025-11-28T00:16:47.894141] [INFO] Подключение к базе данных: C:\Users\Vaan\Desktop\qkd_encryption_system\server_user_2\databases\user_2_db.db
[2025-11-28T00:16:47.895137] [INFO] DEBUG: Найдено сообщений в БД: 0
[2025-11-28T00:16:47.895137] [INFO] DEBUG: Возвращено сообщений: 0
[2025-11-28T00:16:50.585117] [INFO] DEBUG: Получение тестовых сообщений для пользователя: hisoka
[2025-11-28T00:16:50.587116] [INFO] Подключение к базе данных: C:\Users\Vaan\Desktop\qkd_encryption_system\server_user_1\databases\user_1_db.db
[2025-11-28T00:16:50.894013] [INFO] DEBUG: Получение тестовых сообщений для пользователя: Max
[2025-11-28T00:16:50.894013] [INFO] Подключение к базе данных: C:\Users\Vaan\Desktop\qkd_encryption_system\server_user_2\databases\user_2_db.db
[2025-11-28T00:16:50.895010] [INFO] DEBUG: Найдено сообщений в БД: 0
[2025-11-28T00:16:50.895010] [INFO] DEBUG: Возвращено сообщений: 0
[2025-11-28T00:16:53.893790] [INFO] DEBUG: Получение тестовых сообщений для пользователя: Max
[2025-11-28T00:16:53.895429] [INFO] Подключение к базе данных: C:\Users\Vaan\Desktop\qkd_encryption_system\server_user_2\databases\user_2_db.db
[2025-11-28T00:16:53.896459] [INFO] DEBUG: Найдено сообщений в БД: 0
[2025-11-28T00:16:53.896459] [INFO] DEBUG: Возвращено сообщений: 0
[2025-11-28T00:16:55.573676] [INFO] DEBUG: Получение тестовых сообщений для пользователя: hisoka
[2025-11-28T00:16:55.574674] [INFO] Подключение к базе данных: C:\Users\Vaan\Desktop\qkd_encryption_system\server_user_1\databases\user_1_db.db
[2025-11-28T00:16:56.879125] [INFO] DEBUG: Получение тестовых сообщений для пользователя: Max
[2025-11-28T00:16:56.879125] [INFO] Подключение к базе данных: C:\Users\Vaan\Desktop\qkd_encryption_system\server_user_2\databases\user_2_db.db
[2025-11-28T00:16:56.880088] [INFO] DEBUG: Найдено сообщений в БД: 0
[2025-11-28T00:16:56.880088] [INFO] DEBUG: Возвращено сообщений: 0
[2025-11-28T00:16:59.577364] [INFO] DEBUG: Получение тестовых сообщений для пользователя: Max
[2025-11-28T00:16:59.578385] [INFO] Подключение к базе данных: C:\Users\Vaan\Desktop\qkd_encryption_system\server_user_2\databases\user_2_db.db
[2025-11-28T00:16:59.579358] [INFO] DEBUG: Найдено сообщений в БД: 0
[2025-11-28T00:16:59.579358] [INFO] DEBUG: Возвращено сообщений: 0
[2025-11-28T00:17:00.575214] [INFO] DEBUG: Получение тестовых сообщений для пользователя: hisoka
[2025-11-28T00:17:00.575214] [INFO] Подключение к базе данных: C:\Users\Vaan\Desktop\qkd_encryption_system\server_user_1\databases\user_1_db.db
[2025-11-28T00:17:02.575660] [INFO] DEBUG: Получение тестовых сообщений для пользователя: Max
[2025-11-28T00:17:02.576704] [INFO] Подключение к базе данных: C:\Users\Vaan\Desktop\qkd_encryption_system\server_user_2\databases\user_2_db.db
[2025-11-28T00:17:02.577689] [INFO] DEBUG: Найдено сообщений в БД: 0
[2025-11-28T00:17:02.577689] [INFO] DEBUG: Возвращено сообщений: 0
[2025-11-28T00:17:05.581165] [INFO] DEBUG: Получение тестовых сообщений для пользователя: hisoka
[2025-11-28T00:17:05.582164] [INFO] Подключение к базе данных: C:\Users\Vaan\Desktop\qkd_encryption_system\server_user_1\databases\user_1_db.db
[2025-11-28T00:17:05.890316] [INFO] DEBUG: Получение тестовых сообщений для пользователя: Max
[2025-11-28T00:17:05.891313] [INFO] Подключение к базе данных: C:\Users\Vaan\Desktop\qkd_encryption_system\server_user_2\databases\user_2_db.db
[2025-11-28T00:17:05.891313] [INFO] DEBUG: Найдено сообщений в БД: 0
[2025-11-28T00:17:05.892310] [INFO] DEBUG: Возвращено сообщений: 0
[2025-11-28T00:17:08.583593] [INFO] DEBUG: Получение тестовых сообщений для пользователя: Max
[2025-11-28T00:17:08.584625] [INFO] Подключение к базе данных: C:\Users\Vaan\Desktop\qkd_encryption_system\server_user_2\databases\user_2_db.db
[2025-11-28T00:17:08.585622] [INFO] DEBUG: Найдено сообщений в БД: 0
[2025-11-28T00:17:08.585622] [INFO] DEBUG: Возвращено сообщений: 0
[2025-11-28T00:17:10.575396] [INFO] DEBUG: Получение тестовых сообщений для пользователя: hisoka
[2025-11-28T00:17:10.576395] [INFO] Подключение к базе данных: C:\Users\Vaan\Desktop\qkd_encryption_system\server_user_1\databases\user_1_db.db
[2025-11-28T00:17:11.584683] [INFO] DEBUG: Получение тестовых сообщений для пользователя: Max
[2025-11-28T00:17:11.584683] [INFO] Подключение к базе данных: C:\Users\Vaan\Desktop\qkd_encryption_system\server_user_2\databases\user_2_db.db
[2025-11-28T00:17:11.585657] [INFO] DEBUG: Найдено сообщений в БД: 0
[2025-11-28T00:17:11.585657] [INFO] DEBUG: Возвращено сообщений: 0
[2025-11-28T00:17:14.893635] [INFO] DEBUG: Получение тестовых сообщений для пользователя: Max
[2025-11-28T00:17:14.893635] [INFO] Подключение к базе данных: C:\Users\Vaan\Desktop\qkd_encryption_system\server_user_2\databases\user_2_db.db
[2025-11-28T00:17:14.894602] [INFO] DEBUG: Найдено сообщений в БД: 0
[2025-11-28T00:17:14.895611] [INFO] DEBUG: Возвращено сообщений: 0
[2025-11-28T00:17:15.579561] [INFO] DEBUG: Получение тестовых сообщений для пользователя: hisoka
[2025-11-28T00:17:15.580558] [INFO] Подключение к базе данных: C:\Users\Vaan\Desktop\qkd_encryption_system\server_user_1\databases\user_1_db.db
[2025-11-28T00:17:17.879704] [INFO] DEBUG: Получение тестовых сообщений для пользователя: Max
[2025-11-28T00:17:17.880701] [INFO] Подключение к базе данных: C:\Users\Vaan\Desktop\qkd_encryption_system\server_user_2\databases\user_2_db.db
[2025-11-28T00:17:17.881729] [INFO] DEBUG: Найдено сообщений в БД: 0
[2025-11-28T00:17:17.881729] [INFO] DEBUG: Возвращено сообщений: 0
[2025-11-28T00:17:20.585809] [INFO] DEBUG: Получение тестовых сообщений для пользователя: hisoka
[2025-11-28T00:17:20.585809] [INFO] Подключение к базе данных: C:\Users\Vaan\Desktop\qkd_encryption_system\server_user_1\databases\user_1_db.db
[2025-11-28T00:17:20.897769] [INFO] DEBUG: Получение тестовых сообщений для пользователя: Max
[2025-11-28T00:17:20.898764] [INFO] Подключение к базе данных: C:\Users\Vaan\Desktop\qkd_encryption_system\server_user_2\databases\user_2_db.db
[2025-11-28T00:17:20.899762] [INFO] DEBUG: Найдено сообщений в БД: 0
[2025-11-28T00:17:20.899762] [INFO] DEBUG: Возвращено сообщений: 0
[2025-11-28T00:17:23.882564] [INFO] DEBUG: Получение тестовых сообщений для пользователя: Max
[2025-11-28T00:17:23.883565] [INFO] Подключение к базе данных: C:\Users\Vaan\Desktop\qkd_encryption_system\server_user_2\databases\user_2_db.db
[2025-11-28T00:17:23.884561] [INFO] DEBUG: Найдено сообщений в БД: 0
[2025-11-28T00:17:23.884561] [INFO] DEBUG: Возвращено сообщений: 0
[2025-11-28T00:17:25.586971] [INFO] DEBUG: Получение тестовых сообщений для пользователя: hisoka
[2025-11-28T00:17:25.587958] [INFO] Подключение к базе данных: C:\Users\Vaan\Desktop\qkd_encryption_system\server_user_1\databases\user_1_db.db
[2025-11-28T00:17:26.890069] [INFO] DEBUG: Получение тестовых сообщений для пользователя: Max
[2025-11-28T00:17:26.891067] [INFO] Подключение к базе данных: C:\Users\Vaan\Desktop\qkd_encryption_system\server_user_2\databases\user_2_db.db
[2025-11-28T00:17:26.892063] [INFO] DEBUG: Найдено сообщений в БД: 0
[2025-11-28T00:17:26.892063] [INFO] DEBUG: Возвращено сообщений: 0
[2025-11-28T00:17:29.575294] [INFO] DEBUG: Получение тестовых сообщений для пользователя: Max
[2025-11-28T00:17:29.577140] [INFO] Подключение к базе данных: C:\Users\Vaan\Desktop\qkd_encryption_system\server_user_2\databases\user_2_db.db
[2025-11-28T00:17:29.578165] [INFO] DEBUG: Найдено сообщений в БД: 0
[2025-11-28T00:17:29.578165] [INFO] DEBUG: Возвращено сообщений: 0
[2025-11-28T00:17:30.586312] [INFO] DEBUG: Получение тестовых сообщений для пользователя: hisoka
[2025-11-28T00:17:30.586312] [INFO] Подключение к базе данных: C:\Users\Vaan\Desktop\qkd_encryption_system\server_user_1\databases\user_1_db.db
[2025-11-28T00:17:33.836769] [INFO] DEBUG: Получение тестовых сообщений для пользователя: hisoka
[2025-11-28T00:17:33.836769] [INFO] Подключение к базе данных: C:\Users\Vaan\Desktop\qkd_encryption_system\server_user_1\databases\user_1_db.db
[2025-11-28T00:17:35.904208] [INFO] DEBUG: Получение тестовых сообщений для пользователя: hisoka
[2025-11-28T00:17:35.905204] [INFO] Подключение к базе данных: C:\Users\Vaan\Desktop\qkd_encryption_system\server_user_1\databases\user_1_db.db
[2025-11-28T00:17:38.913065] [INFO] DEBUG: Получение тестовых сообщений для пользователя: hisoka
[2025-11-28T00:17:38.913065] [INFO] Подключение к базе данных: C:\Users\Vaan\Desktop\qkd_encryption_system\server_user_1\databases\user_1_db.db
[2025-11-28T00:17:41.497855] [INFO] Подключение к базе данных: C:\Users\Vaan\Desktop\qkd_encryption_system\server_user_1\databases\user_1_db.db
[2025-11-28T00:17:41.505852] [INFO] Сохранено отправленное сообщение от hisoka: брбр патапим
[2025-11-28T00:17:41.904603] [INFO] DEBUG: Получение тестовых сообщений для пользователя: hisoka
[2025-11-28T00:17:41.904603] [INFO] Подключение к базе данных: C:\Users\Vaan\Desktop\qkd_encryption_system\server_user_1\databases\user_1_db.db
[2025-11-28T00:17:43.578046] [INFO] Подключение к базе данных: C:\Users\Vaan\Desktop\qkd_encryption_system\server_user_2\databases\user_2_db.db
[2025-11-28T00:17:43.586874] [INFO] Сохранено тестовое сообщение от hisoka для UserA: брбр патапим
[2025-11-28T00:17:43.595925] [INFO] Сохранено тестовое сообщение от hisoka для UserB: брбр патапим
[2025-11-28T00:17:44.814780] [INFO] DEBUG: Получение тестовых сообщений для пользователя: Max
[2025-11-28T00:17:44.815778] [INFO] Подключение к базе данных: C:\Users\Vaan\Desktop\qkd_encryption_system\server_user_2\databases\user_2_db.db
[2025-11-28T00:17:44.816775] [INFO] DEBUG: Найдено сообщений в БД: 0
[2025-11-28T00:17:44.816775] [INFO] DEBUG: Возвращено сообщений: 0
[2025-11-28T00:17:45.581621] [INFO] DEBUG: Получение тестовых сообщений для пользователя: hisoka
[2025-11-28T00:17:45.582617] [INFO] Подключение к базе данных: C:\Users\Vaan\Desktop\qkd_encryption_system\server_user_1\databases\user_1_db.db
[2025-11-28T00:17:47.473841] [INFO] DEBUG: Получение тестовых сообщений для пользователя: Max
[2025-11-28T00:17:47.473841] [INFO] Подключение к базе данных: C:\Users\Vaan\Desktop\qkd_encryption_system\server_user_2\databases\user_2_db.db
[2025-11-28T00:17:47.474839] [INFO] DEBUG: Найдено сообщений в БД: 0
[2025-11-28T00:17:47.475836] [INFO] DEBUG: Возвращено сообщений: 0
[2025-11-28T00:17:48.573842] [INFO] DEBUG: Получение тестовых сообщений для пользователя: hisoka
[2025-11-28T00:17:48.574841] [INFO] Подключение к базе данных: C:\Users\Vaan\Desktop\qkd_encryption_system\server_user_1\databases\user_1_db.db
[2025-11-28T00:17:50.784736] [INFO] DEBUG: Получение тестовых сообщений для пользователя: Max
[2025-11-28T00:17:50.784736] [INFO] Подключение к базе данных: C:\Users\Vaan\Desktop\qkd_encryption_system\server_user_2\databases\user_2_db.db
[2025-11-28T00:17:50.786730] [INFO] DEBUG: Найдено сообщений в БД: 0
[2025-11-28T00:17:50.786730] [INFO] DEBUG: Возвращено сообщений: 0
[2025-11-28T00:17:51.575995] [INFO] DEBUG: Получение тестовых сообщений для пользователя: hisoka
[2025-11-28T00:17:51.575995] [INFO] Подключение к базе данных: C:\Users\Vaan\Desktop\qkd_encryption_system\server_user_1\databases\user_1_db.db
[2025-11-28T00:17:53.452809] [INFO] DEBUG: Получение тестовых сообщений для пользователя: Max
[2025-11-28T00:17:53.452809] [INFO] Подключение к базе данных: C:\Users\Vaan\Desktop\qkd_encryption_system\server_user_2\databases\user_2_db.db
[2025-11-28T00:17:53.453803] [INFO] DEBUG: Найдено сообщений в БД: 0
[2025-11-28T00:17:53.453803] [INFO] DEBUG: Возвращено сообщений: 0
[2025-11-28T00:17:54.584702] [INFO] DEBUG: Получение тестовых сообщений для пользователя: hisoka
[2025-11-28T00:17:54.584702] [INFO] Подключение к базе данных: C:\Users\Vaan\Desktop\qkd_encryption_system\server_user_1\databases\user_1_db.db
[2025-11-28T00:17:55.129442] [INFO] Подключение к базе данных: C:\Users\Vaan\Desktop\qkd_encryption_system\server_user_2\databases\user_2_db.db
[2025-11-28T00:17:55.137496] [INFO] Сохранено отправленное сообщение от Max: балерина капучино
[2025-11-28T00:17:56.762271] [INFO] DEBUG: Получение тестовых сообщений для пользователя: Max
[2025-11-28T00:17:56.762271] [INFO] Подключение к базе данных: C:\Users\Vaan\Desktop\qkd_encryption_system\server_user_2\databases\user_2_db.db
[2025-11-28T00:17:56.763266] [INFO] DEBUG: Найдено сообщений в БД: 0
[2025-11-28T00:17:56.763266] [INFO] DEBUG: Возвращено сообщений: 0
[2025-11-28T00:17:57.195071] [INFO] Подключение к базе данных: C:\Users\Vaan\Desktop\qkd_encryption_system\server_user_1\databases\user_1_db.db
[2025-11-28T00:17:57.203632] [INFO] Сохранено тестовое сообщение от Max для UserA: балерина капучино
[2025-11-28T00:17:57.208552] [INFO] Сохранено тестовое сообщение от Max для UserB: балерина капучино
[2025-11-28T00:17:57.582599] [INFO] DEBUG: Получение тестовых сообщений для пользователя: hisoka
[2025-11-28T00:17:57.582599] [INFO] Подключение к базе данных: C:\Users\Vaan\Desktop\qkd_encryption_system\server_user_1\databases\user_1_db.db
[2025-11-28T00:17:59.926161] [INFO] DEBUG: Получение тестовых сообщений для пользователя: Max
[2025-11-28T00:17:59.926161] [INFO] Подключение к базе данных: C:\Users\Vaan\Desktop\qkd_encryption_system\server_user_2\databases\user_2_db.db
[2025-11-28T00:17:59.927159] [INFO] DEBUG: Найдено сообщений в БД: 0
[2025-11-28T00:17:59.928158] [INFO] DEBUG: Возвращено сообщений: 0
[2025-11-28T00:18:00.606709] [INFO] DEBUG: Получение тестовых сообщений для пользователя: hisoka
[2025-11-28T00:18:00.606709] [INFO] Подключение к базе данных: C:\Users\Vaan\Desktop\qkd_encryption_system\server_user_1\databases\user_1_db.db
[2025-11-28T00:18:02.880692] [INFO] DEBUG: Получение тестовых сообщений для пользователя: Max
[2025-11-28T00:18:02.881686] [INFO] Подключение к базе данных: C:\Users\Vaan\Desktop\qkd_encryption_system\server_user_2\databases\user_2_db.db
[2025-11-28T00:18:02.882716] [INFO] DEBUG: Найдено сообщений в БД: 0
[2025-11-28T00:18:02.882716] [INFO] DEBUG: Возвращено сообщений: 0
[2025-11-28T00:18:03.569766] [INFO] DEBUG: Получение тестовых сообщений для пользователя: hisoka
[2025-11-28T00:18:03.569766] [INFO] Подключение к базе данных: C:\Users\Vaan\Desktop\qkd_encryption_system\server_user_1\databases\user_1_db.db
[2025-11-28T00:18:05.888692] [INFO] DEBUG: Получение тестовых сообщений для пользователя: Max
[2025-11-28T00:18:05.888692] [INFO] Подключение к базе данных: C:\Users\Vaan\Desktop\qkd_encryption_system\server_user_2\databases\user_2_db.db
[2025-11-28T00:18:05.889656] [INFO] DEBUG: Найдено сообщений в БД: 0
[2025-11-28T00:18:05.889656] [INFO] DEBUG: Возвращено сообщений: 0
[2025-11-28T00:18:06.586441] [INFO] DEBUG: Получение тестовых сообщений для пользователя: hisoka
[2025-11-28T00:18:06.587439] [INFO] Подключение к базе данных: C:\Users\Vaan\Desktop\qkd_encryption_system\server_user_1\databases\user_1_db.db
[2025-11-28T00:18:08.883974] [INFO] DEBUG: Получение тестовых сообщений для пользователя: Max
[2025-11-28T00:18:08.883974] [INFO] Подключение к базе данных: C:\Users\Vaan\Desktop\qkd_encryption_system\server_user_2\databases\user_2_db.db
[2025-11-28T00:18:08.884938] [INFO] DEBUG: Найдено сообщений в БД: 0
[2025-11-28T00:18:08.884938] [INFO] DEBUG: Возвращено сообщений: 0
[2025-11-28T00:18:09.582061] [INFO] DEBUG: Получение тестовых сообщений для пользователя: hisoka
[2025-11-28T00:18:09.583060] [INFO] Подключение к базе данных: C:\Users\Vaan\Desktop\qkd_encryption_system\server_user_1\databases\user_1_db.db
[2025-11-28T00:18:11.886460] [INFO] DEBUG: Получение тестовых сообщений для пользователя: Max
[2025-11-28T00:18:11.887457] [INFO] Подключение к базе данных: C:\Users\Vaan\Desktop\qkd_encryption_system\server_user_2\databases\user_2_db.db
[2025-11-28T00:18:11.887457] [INFO] DEBUG: Найдено сообщений в БД: 0
[2025-11-28T00:18:11.888454] [INFO] DEBUG: Возвращено сообщений: 0
[2025-11-28T00:18:12.584263] [INFO] DEBUG: Получение тестовых сообщений для пользователя: hisoka
[2025-11-28T00:18:12.584263] [INFO] Подключение к базе данных: C:\Users\Vaan\Desktop\qkd_encryption_system\server_user_1\databases\user_1_db.db
[2025-11-28T00:18:14.584806] [INFO] DEBUG: Получение тестовых сообщений для пользователя: Max
[2025-11-28T00:18:14.585842] [INFO] Подключение к базе данных: C:\Users\Vaan\Desktop\qkd_encryption_system\server_user_2\databases\user_2_db.db
[2025-11-28T00:18:14.585842] [INFO] DEBUG: Найдено сообщений в БД: 0
[2025-11-28T00:18:14.586836] [INFO] DEBUG: Возвращено сообщений: 0
[2025-11-28T00:18:15.579987] [INFO] DEBUG: Получение тестовых сообщений для пользователя: hisoka
[2025-11-28T00:18:15.580983] [INFO] Подключение к базе данных: C:\Users\Vaan\Desktop\qkd_encryption_system\server_user_1\databases\user_1_db.db
[2025-11-28T00:18:17.583258] [INFO] DEBUG: Получение тестовых сообщений для пользователя: Max
[2025-11-28T00:18:17.584257] [INFO] Подключение к базе данных: C:\Users\Vaan\Desktop\qkd_encryption_system\server_user_2\databases\user_2_db.db
[2025-11-28T00:18:17.585255] [INFO] DEBUG: Найдено сообщений в БД: 0
[2025-11-28T00:18:17.585255] [INFO] DEBUG: Возвращено сообщений: 0
[2025-11-28T00:18:18.577235] [INFO] DEBUG: Получение тестовых сообщений для пользователя: hisoka
[2025-11-28T00:18:18.577235] [INFO] Подключение к базе данных: C:\Users\Vaan\Desktop\qkd_encryption_system\server_user_1\databases\user_1_db.db
[2025-11-28T00:18:20.889541] [INFO] DEBUG: Получение тестовых сообщений для пользователя: Max
[2025-11-28T00:18:20.890537] [INFO] Подключение к базе данных: C:\Users\Vaan\Desktop\qkd_encryption_system\server_user_2\databases\user_2_db.db
[2025-11-28T00:18:20.891536] [INFO] DEBUG: Найдено сообщений в БД: 0
[2025-11-28T00:18:20.892532] [INFO] DEBUG: Возвращено сообщений: 0
[2025-11-28T00:18:21.586664] [INFO] DEBUG: Получение тестовых сообщений для пользователя: hisoka
[2025-11-28T00:18:21.586664] [INFO] Подключение к базе данных: C:\Users\Vaan\Desktop\qkd_encryption_system\server_user_1\databases\user_1_db.db
[2025-11-28T00:18:23.571967] [INFO] DEBUG: Получение тестовых сообщений для пользователя: Max
[2025-11-28T00:18:23.572997] [INFO] Подключение к базе данных: C:\Users\Vaan\Desktop\qkd_encryption_system\server_user_2\databases\user_2_db.db
[2025-11-28T00:18:23.572997] [INFO] DEBUG: Найдено сообщений в БД: 0
[2025-11-28T00:18:23.574025] [INFO] DEBUG: Возвращено сообщений: 0
[2025-11-28T00:18:24.582405] [INFO] DEBUG: Получение тестовых сообщений для пользователя: hisoka
[2025-11-28T00:18:24.582405] [INFO] Подключение к базе данных: C:\Users\Vaan\Desktop\qkd_encryption_system\server_user_1\databases\user_1_db.db
[2025-11-28T00:18:26.583774] [INFO] DEBUG: Получение тестовых сообщений для пользователя: Max
[2025-11-28T00:18:26.583774] [INFO] Подключение к базе данных: C:\Users\Vaan\Desktop\qkd_encryption_system\server_user_2\databases\user_2_db.db
[2025-11-28T00:18:26.584771] [INFO] DEBUG: Найдено сообщений в БД: 0
[2025-11-28T00:18:26.585769] [INFO] DEBUG: Возвращено сообщений: 0
[2025-11-28T00:18:27.572446] [INFO] DEBUG: Получение тестовых сообщений для пользователя: hisoka
[2025-11-28T00:18:27.572446] [INFO] Подключение к базе данных: C:\Users\Vaan\Desktop\qkd_encryption_system\server_user_1\databases\user_1_db.db
[2025-11-28T00:18:29.884044] [INFO] DEBUG: Получение тестовых сообщений для пользователя: Max
[2025-11-28T00:18:29.885061] [INFO] Подключение к базе данных: C:\Users\Vaan\Desktop\qkd_encryption_system\server_user_2\databases\user_2_db.db
[2025-11-28T00:18:29.886067] [INFO] DEBUG: Найдено сообщений в БД: 0
[2025-11-28T00:18:29.886067] [INFO] DEBUG: Возвращено сообщений: 0
[2025-11-28T00:18:30.580965] [INFO] DEBUG: Получение тестовых сообщений для пользователя: hisoka
[2025-11-28T00:18:30.580965] [INFO] Подключение к базе данных: C:\Users\Vaan\Desktop\qkd_encryption_system\server_user_1\databases\user_1_db.db
[2025-11-28T00:18:32.885003] [INFO] DEBUG: Получение тестовых сообщений для пользователя: Max
[2025-11-28T00:18:32.885003] [INFO] Подключение к базе данных: C:\Users\Vaan\Desktop\qkd_encryption_system\server_user_2\databases\user_2_db.db
[2025-11-28T00:18:32.886008] [INFO] DEBUG: Найдено сообщений в БД: 0
[2025-11-28T00:18:32.886996] [INFO] DEBUG: Возвращено сообщений: 0
[2025-11-28T00:18:33.583202] [INFO] DEBUG: Получение тестовых сообщений для пользователя: hisoka
[2025-11-28T00:18:33.584230] [INFO] Подключение к базе данных: C:\Users\Vaan\Desktop\qkd_encryption_system\server_user_1\databases\user_1_db.db
[2025-11-28T00:18:35.888580] [INFO] DEBUG: Получение тестовых сообщений для пользователя: Max
[2025-11-28T00:18:35.889574] [INFO] Подключение к базе данных: C:\Users\Vaan\Desktop\qkd_encryption_system\server_user_2\databases\user_2_db.db
[2025-11-28T00:18:35.890571] [INFO] DEBUG: Найдено сообщений в БД: 0
[2025-11-28T00:18:35.890571] [INFO] DEBUG: Возвращено сообщений: 0
[2025-11-28T00:18:36.570461] [INFO] DEBUG: Получение тестовых сообщений для пользователя: hisoka
[2025-11-28T00:18:36.571460] [INFO] Подключение к базе данных: C:\Users\Vaan\Desktop\qkd_encryption_system\server_user_1\databases\user_1_db.db
[2025-11-28T00:18:38.882993] [INFO] DEBUG: Получение тестовых сообщений для пользователя: Max
[2025-11-28T00:18:38.883990] [INFO] Подключение к базе данных: C:\Users\Vaan\Desktop\qkd_encryption_system\server_user_2\databases\user_2_db.db
[2025-11-28T00:18:38.883990] [INFO] DEBUG: Найдено сообщений в БД: 0
[2025-11-28T00:18:38.884987] [INFO] DEBUG: Возвращено сообщений: 0
[2025-11-28T00:18:39.583345] [INFO] DEBUG: Получение тестовых сообщений для пользователя: hisoka
[2025-11-28T00:18:39.583345] [INFO] Подключение к базе данных: C:\Users\Vaan\Desktop\qkd_encryption_system\server_user_1\databases\user_1_db.db
[2025-11-28T00:18:41.893732] [INFO] DEBUG: Получение тестовых сообщений для пользователя: Max
[2025-11-28T00:18:41.894728] [INFO] Подключение к базе данных: C:\Users\Vaan\Desktop\qkd_encryption_system\server_user_2\databases\user_2_db.db
[2025-11-28T00:18:41.894728] [INFO] DEBUG: Найдено сообщений в БД: 0
[2025-11-28T00:18:41.895758] [INFO] DEBUG: Возвращено сообщений: 0
[2025-11-28T00:18:42.578665] [INFO] DEBUG: Получение тестовых сообщений для пользователя: hisoka
[2025-11-28T00:18:42.578665] [INFO] Подключение к базе данных: C:\Users\Vaan\Desktop\qkd_encryption_system\server_user_1\databases\user_1_db.db
[2025-11-28T00:18:44.580293] [INFO] DEBUG: Получение тестовых сообщений для пользователя: Max
[2025-11-28T00:18:44.580293] [INFO] Подключение к базе данных: C:\Users\Vaan\Desktop\qkd_encryption_system\server_user_2\databases\user_2_db.db
[2025-11-28T00:18:44.581266] [INFO] DEBUG: Найдено сообщений в БД: 0
[2025-11-28T00:18:44.582267] [INFO] DEBUG: Возвращено сообщений: 0
[2025-11-28T00:18:47.584584] [INFO] DEBUG: Получение тестовых сообщений для пользователя: Max
[2025-11-28T00:18:47.584584] [INFO] Подключение к базе данных: C:\Users\Vaan\Desktop\qkd_encryption_system\server_user_2\databases\user_2_db.db
[2025-11-28T00:18:47.585580] [INFO] DEBUG: Найдено сообщений в БД: 0
[2025-11-28T00:18:47.586577] [INFO] DEBUG: Возвращено сообщений: 0
[2025-11-28T00:18:50.894315] [INFO] DEBUG: Получение тестовых сообщений для пользователя: Max
[2025-11-28T00:18:50.894315] [INFO] Подключение к базе данных: C:\Users\Vaan\Desktop\qkd_encryption_system\server_user_2\databases\user_2_db.db
[2025-11-28T00:18:50.896278] [INFO] DEBUG: Найдено сообщений в БД: 0
[2025-11-28T00:18:50.897275] [INFO] DEBUG: Возвращено сообщений: 0
[2025-11-28T00:18:53.578626] [INFO] DEBUG: Получение тестовых сообщений для пользователя: Max
[2025-11-28T00:18:53.578626] [INFO] Подключение к базе данных: C:\Users\Vaan\Desktop\qkd_encryption_system\server_user_2\databases\user_2_db.db
[2025-11-28T00:18:53.579634] [INFO] DEBUG: Найдено сообщений в БД: 0
[2025-11-28T00:18:53.579634] [INFO] DEBUG: Получение тестовых сообщений для пользователя: hisoka
[2025-11-28T00:18:53.580639] [INFO] Подключение к базе данных: C:\Users\Vaan\Desktop\qkd_encryption_system\server_user_1\databases\user_1_db.db
[2025-11-28T00:18:56.573702] [INFO] DEBUG: Получение тестовых сообщений для пользователя: Max
[2025-11-28T00:18:56.573702] [INFO] Подключение к базе данных: C:\Users\Vaan\Desktop\qkd_encryption_system\server_user_2\databases\user_2_db.db
[2025-11-28T00:18:56.574664] [INFO] DEBUG: Найдено сообщений в БД: 0
[2025-11-28T00:18:56.574664] [INFO] DEBUG: Возвращено сообщений: 0
[2025-11-28T00:19:53.579487] [INFO] DEBUG: Получение тестовых сообщений для пользователя: hisoka
[2025-11-28T00:19:53.579487] [INFO] Подключение к базе данных: C:\Users\Vaan\Desktop\qkd_encryption_system\server_user_1\databases\user_1_db.db
[2025-11-28T00:19:53.886544] [INFO] DEBUG: Получение тестовых сообщений для пользователя: Max
[2025-11-28T00:19:53.887797] [INFO] Подключение к базе данных: C:\Users\Vaan\Desktop\qkd_encryption_system\server_user_2\databases\user_2_db.db
[2025-11-28T00:19:53.888536] [INFO] DEBUG: Найдено сообщений в БД: 0
[2025-11-28T00:19:53.889533] [INFO] DEBUG: Возвращено сообщений: 0
[2025-11-28T00:20:53.582123] [INFO] DEBUG: Получение тестовых сообщений для пользователя: hisoka
[2025-11-28T00:20:53.583133] [INFO] Подключение к базе данных: C:\Users\Vaan\Desktop\qkd_encryption_system\server_user_1\databases\user_1_db.db
[2025-11-28T00:20:53.888875] [INFO] DEBUG: Получение тестовых сообщений для пользователя: Max
[2025-11-28T00:20:53.888875] [INFO] Подключение к базе данных: C:\Users\Vaan\Desktop\qkd_encryption_system\server_user_2\databases\user_2_db.db
[2025-11-28T00:20:53.889871] [INFO] DEBUG: Найдено сообщений в БД: 0
[2025-11-28T00:20:53.889871] [INFO] DEBUG: Возвращено сообщений: 0
[2025-11-28T00:21:53.584609] [INFO] DEBUG: Получение тестовых сообщений для пользователя: hisoka
[2025-11-28T00:21:53.585631] [INFO] Подключение к базе данных: C:\Users\Vaan\Desktop\qkd_encryption_system\server_user_1\databases\user_1_db.db
[2025-11-28T00:21:53.893806] [INFO] DEBUG: Получение тестовых сообщений для пользователя: Max
[2025-11-28T00:21:53.894797] [INFO] Подключение к базе данных: C:\Users\Vaan\Desktop\qkd_encryption_system\server_user_2\databases\user_2_db.db
[2025-11-28T00:21:53.895792] [INFO] DEBUG: Найдено сообщений в БД: 0
[2025-11-28T00:21:53.896838] [INFO] DEBUG: Возвращено сообщений: 0
[2025-11-28T00:22:53.581630] [INFO] DEBUG: Получение тестовых сообщений для пользователя: hisoka
[2025-11-28T00:22:53.582627] [INFO] Подключение к базе данных: C:\Users\Vaan\Desktop\qkd_encryption_system\server_user_1\databases\user_1_db.db
[2025-11-28T00:22:53.892026] [INFO] DEBUG: Получение тестовых сообщений для пользователя: Max
[2025-11-28T00:22:53.892026] [INFO] Подключение к базе данных: C:\Users\Vaan\Desktop\qkd_encryption_system\server_user_2\databases\user_2_db.db
[2025-11-28T00:22:53.893101] [INFO] DEBUG: Найдено сообщений в БД: 0
[2025-11-28T00:22:53.893101] [INFO] DEBUG: Возвращено сообщений: 0
[2025-11-28T00:23:53.580552] [INFO] DEBUG: Получение тестовых сообщений для пользователя: hisoka
[2025-11-28T00:23:53.580552] [INFO] Подключение к базе данных: C:\Users\Vaan\Desktop\qkd_encryption_system\server_user_1\databases\user_1_db.db
[2025-11-28T00:23:53.888433] [INFO] DEBUG: Получение тестовых сообщений для пользователя: Max
[2025-11-28T00:23:53.888433] [INFO] Подключение к базе данных: C:\Users\Vaan\Desktop\qkd_encryption_system\server_user_2\databases\user_2_db.db
[2025-11-28T00:23:53.889429] [INFO] DEBUG: Найдено сообщений в БД: 0
[2025-11-28T00:23:53.890427] [INFO] DEBUG: Возвращено сообщений: 0
[2025-11-28T00:24:53.588124] [INFO] DEBUG: Получение тестовых сообщений для пользователя: hisoka
[2025-11-28T00:24:53.589094] [INFO] Подключение к базе данных: C:\Users\Vaan\Desktop\qkd_encryption_system\server_user_1\databases\user_1_db.db
[2025-11-28T00:24:53.900779] [INFO] DEBUG: Получение тестовых сообщений для пользователя: Max
[2025-11-28T00:24:53.901775] [INFO] Подключение к базе данных: C:\Users\Vaan\Desktop\qkd_encryption_system\server_user_2\databases\user_2_db.db
[2025-11-28T00:24:53.901775] [INFO] DEBUG: Найдено сообщений в БД: 0
[2025-11-28T00:24:53.902773] [INFO] DEBUG: Возвращено сообщений: 0
[2025-11-28T00:25:53.586645] [INFO] DEBUG: Получение тестовых сообщений для пользователя: hisoka
[2025-11-28T00:25:53.587642] [INFO] Подключение к базе данных: C:\Users\Vaan\Desktop\qkd_encryption_system\server_user_1\databases\user_1_db.db
[2025-11-28T00:25:53.895510] [INFO] DEBUG: Получение тестовых сообщений для пользователя: Max
[2025-11-28T00:25:53.896477] [INFO] Подключение к базе данных: C:\Users\Vaan\Desktop\qkd_encryption_system\server_user_2\databases\user_2_db.db
[2025-11-28T00:25:53.897472] [INFO] DEBUG: Найдено сообщений в БД: 0
[2025-11-28T00:25:53.898502] [INFO] DEBUG: Возвращено сообщений: 0
[2025-11-28T00:26:53.580509] [INFO] DEBUG: Получение тестовых сообщений для пользователя: hisoka
[2025-11-28T00:26:53.580509] [INFO] Подключение к базе данных: C:\Users\Vaan\Desktop\qkd_encryption_system\server_user_1\databases\user_1_db.db
[2025-11-28T00:26:53.886811] [INFO] DEBUG: Получение тестовых сообщений для пользователя: Max
[2025-11-28T00:26:53.887729] [INFO] Подключение к базе данных: C:\Users\Vaan\Desktop\qkd_encryption_system\server_user_2\databases\user_2_db.db
[2025-11-28T00:26:53.887729] [INFO] DEBUG: Найдено сообщений в БД: 0
[2025-11-28T00:26:53.888723] [INFO] DEBUG: Возвращено сообщений: 0
[2025-11-28T00:27:53.580019] [INFO] DEBUG: Получение тестовых сообщений для пользователя: hisoka
[2025-11-28T00:27:53.580019] [INFO] Подключение к базе данных: C:\Users\Vaan\Desktop\qkd_encryption_system\server_user_1\databases\user_1_db.db
[2025-11-28T00:27:53.889418] [INFO] DEBUG: Получение тестовых сообщений для пользователя: Max
[2025-11-28T00:27:53.889418] [INFO] Подключение к базе данных: C:\Users\Vaan\Desktop\qkd_encryption_system\server_user_2\databases\user_2_db.db
[2025-11-28T00:27:53.891384] [INFO] DEBUG: Найдено сообщений в БД: 0
[2025-11-28T00:27:53.891384] [INFO] DEBUG: Возвращено сообщений: 0
[2025-11-28T00:28:53.576518] [INFO] DEBUG: Получение тестовых сообщений для пользователя: hisoka
[2025-11-28T00:28:53.576518] [INFO] Подключение к базе данных: C:\Users\Vaan\Desktop\qkd_encryption_system\server_user_1\databases\user_1_db.db
[2025-11-28T00:28:53.882792] [INFO] DEBUG: Получение тестовых сообщений для пользователя: Max
[2025-11-28T00:28:53.882792] [INFO] Подключение к базе данных: C:\Users\Vaan\Desktop\qkd_encryption_system\server_user_2\databases\user_2_db.db
[2025-11-28T00:28:53.883789] [INFO] DEBUG: Найдено сообщений в БД: 0
[2025-11-28T00:28:53.883789] [INFO] DEBUG: Возвращено сообщений: 0
[2025-11-28T00:29:53.575552] [INFO] DEBUG: Получение тестовых сообщений для пользователя: hisoka
[2025-11-28T00:29:53.576548] [INFO] Подключение к базе данных: C:\Users\Vaan\Desktop\qkd_encryption_system\server_user_1\databases\user_1_db.db
[2025-11-28T00:29:53.885045] [INFO] DEBUG: Получение тестовых сообщений для пользователя: Max
[2025-11-28T00:29:53.886044] [INFO] Подключение к базе данных: C:\Users\Vaan\Desktop\qkd_encryption_system\server_user_2\databases\user_2_db.db
[2025-11-28T00:29:53.887042] [INFO] DEBUG: Найдено сообщений в БД: 0
[2025-11-28T00:29:53.888044] [INFO] DEBUG: Возвращено сообщений: 0
[2025-11-28T00:30:53.573372] [INFO] DEBUG: Получение тестовых сообщений для пользователя: hisoka
[2025-11-28T00:30:53.573372] [INFO] Подключение к базе данных: C:\Users\Vaan\Desktop\qkd_encryption_system\server_user_1\databases\user_1_db.db
[2025-11-28T00:30:53.880933] [INFO] DEBUG: Получение тестовых сообщений для пользователя: Max
[2025-11-28T00:30:53.880933] [INFO] Подключение к базе данных: C:\Users\Vaan\Desktop\qkd_encryption_system\server_user_2\databases\user_2_db.db
[2025-11-28T00:30:53.881899] [INFO] DEBUG: Найдено сообщений в БД: 0
[2025-11-28T00:30:53.881899] [INFO] DEBUG: Возвращено сообщений: 0
[2025-11-28T00:31:53.572873] [INFO] DEBUG: Получение тестовых сообщений для пользователя: hisoka
[2025-11-28T00:31:53.572873] [INFO] Подключение к базе данных: C:\Users\Vaan\Desktop\qkd_encryption_system\server_user_1\databases\user_1_db.db
[2025-11-28T00:31:53.887039] [INFO] DEBUG: Получение тестовых сообщений для пользователя: Max
[2025-11-28T00:31:53.888040] [INFO] Подключение к базе данных: C:\Users\Vaan\Desktop\qkd_encryption_system\server_user_2\databases\user_2_db.db
[2025-11-28T00:31:53.889034] [INFO] DEBUG: Найдено сообщений в БД: 0
[2025-11-28T00:31:53.889034] [INFO] DEBUG: Возвращено сообщений: 0
[2025-11-28T00:32:53.583237] [INFO] DEBUG: Получение тестовых сообщений для пользователя: hisoka
[2025-11-28T00:32:53.583237] [INFO] Подключение к базе данных: C:\Users\Vaan\Desktop\qkd_encryption_system\server_user_1\databases\user_1_db.db
[2025-11-28T00:32:53.887645] [INFO] DEBUG: Получение тестовых сообщений для пользователя: Max
[2025-11-28T00:32:53.888679] [INFO] Подключение к базе данных: C:\Users\Vaan\Desktop\qkd_encryption_system\server_user_2\databases\user_2_db.db
[2025-11-28T00:32:53.889677] [INFO] DEBUG: Найдено сообщений в БД: 0
[2025-11-28T00:32:53.889677] [INFO] DEBUG: Возвращено сообщений: 0
[2025-11-28T00:33:53.578158] [INFO] DEBUG: Получение тестовых сообщений для пользователя: hisoka
[2025-11-28T00:33:53.578158] [INFO] Подключение к базе данных: C:\Users\Vaan\Desktop\qkd_encryption_system\server_user_1\databases\user_1_db.db
[2025-11-28T00:33:53.888025] [INFO] DEBUG: Получение тестовых сообщений для пользователя: Max
[2025-11-28T00:33:53.889058] [INFO] Подключение к базе данных: C:\Users\Vaan\Desktop\qkd_encryption_system\server_user_2\databases\user_2_db.db
[2025-11-28T00:33:53.890050] [INFO] DEBUG: Найдено сообщений в БД: 0
[2025-11-28T00:33:53.890050] [INFO] DEBUG: Возвращено сообщений: 0
[2025-11-28T00:34:53.570863] [INFO] DEBUG: Получение тестовых сообщений для пользователя: hisoka
[2025-11-28T00:34:53.570863] [INFO] Подключение к базе данных: C:\Users\Vaan\Desktop\qkd_encryption_system\server_user_1\databases\user_1_db.db
[2025-11-28T00:34:53.910444] [INFO] DEBUG: Получение тестовых сообщений для пользователя: Max
[2025-11-28T00:34:53.910444] [INFO] Подключение к базе данных: C:\Users\Vaan\Desktop\qkd_encryption_system\server_user_2\databases\user_2_db.db
[2025-11-28T00:34:53.911469] [INFO] DEBUG: Найдено сообщений в БД: 0
[2025-11-28T00:34:53.911469] [INFO] DEBUG: Возвращено сообщений: 0
[2025-11-28T00:35:53.579641] [INFO] DEBUG: Получение тестовых сообщений для пользователя: hisoka
[2025-11-28T00:35:53.580639] [INFO] Подключение к базе данных: C:\Users\Vaan\Desktop\qkd_encryption_system\server_user_1\databases\user_1_db.db
[2025-11-28T00:35:53.889154] [INFO] DEBUG: Получение тестовых сообщений для пользователя: Max
[2025-11-28T00:35:53.889154] [INFO] Подключение к базе данных: C:\Users\Vaan\Desktop\qkd_encryption_system\server_user_2\databases\user_2_db.db
[2025-11-28T00:35:53.891156] [INFO] DEBUG: Найдено сообщений в БД: 0
[2025-11-28T00:35:53.891156] [INFO] DEBUG: Возвращено сообщений: 0
[2025-11-28T00:36:53.575903] [INFO] DEBUG: Получение тестовых сообщений для пользователя: hisoka
[2025-11-28T00:36:53.577896] [INFO] Подключение к базе данных: C:\Users\Vaan\Desktop\qkd_encryption_system\server_user_1\databases\user_1_db.db
[2025-11-28T00:36:53.883384] [INFO] DEBUG: Получение тестовых сообщений для пользователя: Max
[2025-11-28T00:36:53.884593] [INFO] Подключение к базе данных: C:\Users\Vaan\Desktop\qkd_encryption_system\server_user_2\databases\user_2_db.db
[2025-11-28T00:36:53.885413] [INFO] DEBUG: Найдено сообщений в БД: 0
[2025-11-28T00:36:53.885413] [INFO] DEBUG: Возвращено сообщений: 0
[2025-11-28T00:37:53.578052] [INFO] DEBUG: Получение тестовых сообщений для пользователя: hisoka
[2025-11-28T00:37:53.578052] [INFO] Подключение к базе данных: C:\Users\Vaan\Desktop\qkd_encryption_system\server_user_1\databases\user_1_db.db
[2025-11-28T00:37:53.887491] [INFO] DEBUG: Получение тестовых сообщений для пользователя: Max
[2025-11-28T00:37:53.887491] [INFO] Подключение к базе данных: C:\Users\Vaan\Desktop\qkd_encryption_system\server_user_2\databases\user_2_db.db
[2025-11-28T00:37:53.888488] [INFO] DEBUG: Найдено сообщений в БД: 0
[2025-11-28T00:37:53.889485] [INFO] DEBUG: Возвращено сообщений: 0
[2025-11-28T00:38:53.575521] [INFO] DEBUG: Получение тестовых сообщений для пользователя: hisoka
[2025-11-28T00:38:53.576520] [INFO] Подключение к базе данных: C:\Users\Vaan\Desktop\qkd_encryption_system\server_user_1\databases\user_1_db.db
[2025-11-28T00:38:53.885139] [INFO] DEBUG: Получение тестовых сообщений для пользователя: Max
[2025-11-28T00:38:53.885139] [INFO] Подключение к базе данных: C:\Users\Vaan\Desktop\qkd_encryption_system\server_user_2\databases\user_2_db.db
[2025-11-28T00:38:53.886136] [INFO] DEBUG: Найдено сообщений в БД: 0
[2025-11-28T00:38:53.886136] [INFO] DEBUG: Возвращено сообщений: 0
[2025-11-28T00:39:53.583954] [INFO] DEBUG: Получение тестовых сообщений для пользователя: hisoka
[2025-11-28T00:39:53.583954] [INFO] Подключение к базе данных: C:\Users\Vaan\Desktop\qkd_encryption_system\server_user_1\databases\user_1_db.db
[2025-11-28T00:39:53.894072] [INFO] DEBUG: Получение тестовых сообщений для пользователя: Max
[2025-11-28T00:39:53.895045] [INFO] Подключение к базе данных: C:\Users\Vaan\Desktop\qkd_encryption_system\server_user_2\databases\user_2_db.db
[2025-11-28T00:39:53.896036] [INFO] DEBUG: Найдено сообщений в БД: 0
[2025-11-28T00:39:53.897064] [INFO] DEBUG: Возвращено сообщений: 0
[2025-11-28T00:40:53.572875] [INFO] DEBUG: Получение тестовых сообщений для пользователя: hisoka
[2025-11-28T00:40:53.573874] [INFO] Подключение к базе данных: C:\Users\Vaan\Desktop\qkd_encryption_system\server_user_1\databases\user_1_db.db
[2025-11-28T00:40:53.879912] [INFO] DEBUG: Получение тестовых сообщений для пользователя: Max
[2025-11-28T00:40:53.880945] [INFO] Подключение к базе данных: C:\Users\Vaan\Desktop\qkd_encryption_system\server_user_2\databases\user_2_db.db
[2025-11-28T00:40:53.881941] [INFO] DEBUG: Найдено сообщений в БД: 0
[2025-11-28T00:40:53.881941] [INFO] DEBUG: Возвращено сообщений: 0
[2025-11-28T00:41:53.579550] [INFO] DEBUG: Получение тестовых сообщений для пользователя: hisoka
[2025-11-28T00:41:53.579550] [INFO] Подключение к базе данных: C:\Users\Vaan\Desktop\qkd_encryption_system\server_user_1\databases\user_1_db.db
[2025-11-28T00:41:53.887467] [INFO] DEBUG: Получение тестовых сообщений для пользователя: Max
[2025-11-28T00:41:53.888488] [INFO] Подключение к базе данных: C:\Users\Vaan\Desktop\qkd_encryption_system\server_user_2\databases\user_2_db.db
[2025-11-28T00:41:53.889460] [INFO] DEBUG: Найдено сообщений в БД: 0
[2025-11-28T00:41:53.890473] [INFO] DEBUG: Возвращено сообщений: 0
[2025-11-28T00:42:53.579908] [INFO] DEBUG: Получение тестовых сообщений для пользователя: hisoka
[2025-11-28T00:42:53.579908] [INFO] Подключение к базе данных: C:\Users\Vaan\Desktop\qkd_encryption_system\server_user_1\databases\user_1_db.db
[2025-11-28T00:42:53.888261] [INFO] DEBUG: Получение тестовых сообщений для пользователя: Max
[2025-11-28T00:42:53.888261] [INFO] Подключение к базе данных: C:\Users\Vaan\Desktop\qkd_encryption_system\server_user_2\databases\user_2_db.db
[2025-11-28T00:42:53.889228] [INFO] DEBUG: Найдено сообщений в БД: 0
[2025-11-28T00:42:53.889228] [INFO] DEBUG: Возвращено сообщений: 0
[2025-11-28T00:43:53.587784] [INFO] DEBUG: Получение тестовых сообщений для пользователя: hisoka
[2025-11-28T00:43:53.588757] [INFO] Подключение к базе данных: C:\Users\Vaan\Desktop\qkd_encryption_system\server_user_1\databases\user_1_db.db
[2025-11-28T00:43:53.897750] [INFO] DEBUG: Получение тестовых сообщений для пользователя: Max
[2025-11-28T00:43:53.898717] [INFO] Подключение к базе данных: C:\Users\Vaan\Desktop\qkd_encryption_system\server_user_2\databases\user_2_db.db
[2025-11-28T00:43:53.898717] [INFO] DEBUG: Найдено сообщений в БД: 0
[2025-11-28T00:43:53.899714] [INFO] DEBUG: Возвращено сообщений: 0
[2025-11-28T00:44:53.583278] [INFO] DEBUG: Получение тестовых сообщений для пользователя: hisoka
[2025-11-28T00:44:53.583278] [INFO] Подключение к базе данных: C:\Users\Vaan\Desktop\qkd_encryption_system\server_user_1\databases\user_1_db.db
[2025-11-28T00:44:53.888505] [INFO] DEBUG: Получение тестовых сообщений для пользователя: Max
[2025-11-28T00:44:53.888505] [INFO] Подключение к базе данных: C:\Users\Vaan\Desktop\qkd_encryption_system\server_user_2\databases\user_2_db.db
[2025-11-28T00:44:53.889468] [INFO] DEBUG: Найдено сообщений в БД: 0
[2025-11-28T00:44:53.889468] [INFO] DEBUG: Возвращено сообщений: 0
[2025-11-28T00:45:53.593077] [INFO] DEBUG: Получение тестовых сообщений для пользователя: hisoka
[2025-11-28T00:45:53.594075] [INFO] Подключение к базе данных: C:\Users\Vaan\Desktop\qkd_encryption_system\server_user_1\databases\user_1_db.db
[2025-11-28T00:45:53.909624] [INFO] DEBUG: Получение тестовых сообщений для пользователя: Max
[2025-11-28T00:45:53.911588] [INFO] Подключение к базе данных: C:\Users\Vaan\Desktop\qkd_encryption_system\server_user_2\databases\user_2_db.db
[2025-11-28T00:45:53.912619] [INFO] DEBUG: Найдено сообщений в БД: 0
[2025-11-28T00:45:53.913582] [INFO] DEBUG: Возвращено сообщений: 0
[2025-11-28T00:46:53.583648] [INFO] DEBUG: Получение тестовых сообщений для пользователя: hisoka
[2025-11-28T00:46:53.584647] [INFO] Подключение к базе данных: C:\Users\Vaan\Desktop\qkd_encryption_system\server_user_1\databases\user_1_db.db
[2025-11-28T00:46:53.889731] [INFO] DEBUG: Получение тестовых сообщений для пользователя: Max
[2025-11-28T00:46:53.890759] [INFO] Подключение к базе данных: C:\Users\Vaan\Desktop\qkd_encryption_system\server_user_2\databases\user_2_db.db
[2025-11-28T00:46:53.891755] [INFO] DEBUG: Найдено сообщений в БД: 0
[2025-11-28T00:46:53.892724] [INFO] DEBUG: Возвращено сообщений: 0
[2025-11-28T00:47:53.588500] [INFO] DEBUG: Получение тестовых сообщений для пользователя: hisoka
[2025-11-28T00:47:53.589496] [INFO] Подключение к базе данных: C:\Users\Vaan\Desktop\qkd_encryption_system\server_user_1\databases\user_1_db.db
[2025-11-28T00:47:53.895480] [INFO] DEBUG: Получение тестовых сообщений для пользователя: Max
[2025-11-28T00:47:53.896449] [INFO] Подключение к базе данных: C:\Users\Vaan\Desktop\qkd_encryption_system\server_user_2\databases\user_2_db.db
[2025-11-28T00:47:53.898496] [INFO] DEBUG: Найдено сообщений в БД: 0
[2025-11-28T00:47:53.899445] [INFO] DEBUG: Возвращено сообщений: 0
[2025-11-28T00:48:53.586386] [INFO] DEBUG: Получение тестовых сообщений для пользователя: hisoka
[2025-11-28T00:48:53.587384] [INFO] Подключение к базе данных: C:\Users\Vaan\Desktop\qkd_encryption_system\server_user_1\databases\user_1_db.db
[2025-11-28T00:48:53.893166] [INFO] DEBUG: Получение тестовых сообщений для пользователя: Max
[2025-11-28T00:48:53.893166] [INFO] Подключение к базе данных: C:\Users\Vaan\Desktop\qkd_encryption_system\server_user_2\databases\user_2_db.db
[2025-11-28T00:48:53.895161] [INFO] DEBUG: Найдено сообщений в БД: 0
[2025-11-28T00:48:53.895161] [INFO] DEBUG: Возвращено сообщений: 0
[2025-11-28T00:49:53.574601] [INFO] DEBUG: Получение тестовых сообщений для пользователя: hisoka
[2025-11-28T00:49:53.575572] [INFO] Подключение к базе данных: C:\Users\Vaan\Desktop\qkd_encryption_system\server_user_1\databases\user_1_db.db
[2025-11-28T00:49:53.883192] [INFO] DEBUG: Получение тестовых сообщений для пользователя: Max
[2025-11-28T00:49:53.884187] [INFO] Подключение к базе данных: C:\Users\Vaan\Desktop\qkd_encryption_system\server_user_2\databases\user_2_db.db
[2025-11-28T00:49:53.886185] [INFO] DEBUG: Найдено сообщений в БД: 0
[2025-11-28T00:49:53.887182] [INFO] DEBUG: Возвращено сообщений: 0
[2025-11-28T00:50:53.577619] [INFO] DEBUG: Получение тестовых сообщений для пользователя: hisoka
[2025-11-28T00:50:53.578585] [INFO] Подключение к базе данных: C:\Users\Vaan\Desktop\qkd_encryption_system\server_user_1\databases\user_1_db.db
[2025-11-28T00:50:53.883371] [INFO] DEBUG: Получение тестовых сообщений для пользователя: Max
[2025-11-28T00:50:53.883371] [INFO] Подключение к базе данных: C:\Users\Vaan\Desktop\qkd_encryption_system\server_user_2\databases\user_2_db.db
[2025-11-28T00:50:53.884370] [INFO] DEBUG: Найдено сообщений в БД: 0
[2025-11-28T00:50:53.885395] [INFO] DEBUG: Возвращено сообщений: 0
[2025-11-28T00:51:53.583222] [INFO] DEBUG: Получение тестовых сообщений для пользователя: hisoka
[2025-11-28T00:51:53.584190] [INFO] Подключение к базе данных: C:\Users\Vaan\Desktop\qkd_encryption_system\server_user_1\databases\user_1_db.db
[2025-11-28T00:51:53.892762] [INFO] DEBUG: Получение тестовых сообщений для пользователя: Max
[2025-11-28T00:51:53.893728] [INFO] Подключение к базе данных: C:\Users\Vaan\Desktop\qkd_encryption_system\server_user_2\databases\user_2_db.db
[2025-11-28T00:51:53.895762] [INFO] DEBUG: Найдено сообщений в БД: 0
[2025-11-28T00:51:53.895762] [INFO] DEBUG: Возвращено сообщений: 0
[2025-11-28T00:52:53.576350] [INFO] DEBUG: Получение тестовых сообщений для пользователя: hisoka
[2025-11-28T00:52:53.576350] [INFO] Подключение к базе данных: C:\Users\Vaan\Desktop\qkd_encryption_system\server_user_1\databases\user_1_db.db
[2025-11-28T00:52:53.884314] [INFO] DEBUG: Получение тестовых сообщений для пользователя: Max
[2025-11-28T00:52:53.884314] [INFO] Подключение к базе данных: C:\Users\Vaan\Desktop\qkd_encryption_system\server_user_2\databases\user_2_db.db
[2025-11-28T00:52:53.885312] [INFO] DEBUG: Найдено сообщений в БД: 0
[2025-11-28T00:52:53.885312] [INFO] DEBUG: Возвращено сообщений: 0
[2025-11-28T00:53:53.581389] [INFO] DEBUG: Получение тестовых сообщений для пользователя: hisoka
[2025-11-28T00:53:53.582356] [INFO] Подключение к базе данных: C:\Users\Vaan\Desktop\qkd_encryption_system\server_user_1\databases\user_1_db.db
[2025-11-28T00:53:53.889921] [INFO] DEBUG: Получение тестовых сообщений для пользователя: Max
[2025-11-28T00:53:53.890918] [INFO] Подключение к базе данных: C:\Users\Vaan\Desktop\qkd_encryption_system\server_user_2\databases\user_2_db.db
[2025-11-28T00:53:53.891916] [INFO] DEBUG: Найдено сообщений в БД: 0
[2025-11-28T00:53:53.892918] [INFO] DEBUG: Возвращено сообщений: 0
[2025-11-28T00:54:53.584640] [INFO] DEBUG: Получение тестовых сообщений для пользователя: hisoka
[2025-11-28T00:54:53.585638] [INFO] Подключение к базе данных: C:\Users\Vaan\Desktop\qkd_encryption_system\server_user_1\databases\user_1_db.db
[2025-11-28T00:54:53.890823] [INFO] DEBUG: Получение тестовых сообщений для пользователя: Max
[2025-11-28T00:54:53.890823] [INFO] Подключение к базе данных: C:\Users\Vaan\Desktop\qkd_encryption_system\server_user_2\databases\user_2_db.db
[2025-11-28T00:54:53.891820] [INFO] DEBUG: Найдено сообщений в БД: 0
[2025-11-28T00:54:53.892789] [INFO] DEBUG: Возвращено сообщений: 0
[2025-11-28T00:55:53.602691] [INFO] DEBUG: Получение тестовых сообщений для пользователя: hisoka
[2025-11-28T00:55:53.603658] [INFO] Подключение к базе данных: C:\Users\Vaan\Desktop\qkd_encryption_system\server_user_1\databases\user_1_db.db
[2025-11-28T00:55:53.911725] [INFO] DEBUG: Получение тестовых сообщений для пользователя: Max
[2025-11-28T00:55:53.912721] [INFO] Подключение к базе данных: C:\Users\Vaan\Desktop\qkd_encryption_system\server_user_2\databases\user_2_db.db
[2025-11-28T00:55:53.913756] [INFO] DEBUG: Найдено сообщений в БД: 0
[2025-11-28T00:55:53.913756] [INFO] DEBUG: Возвращено сообщений: 0
[2025-11-28T00:56:53.580789] [INFO] DEBUG: Получение тестовых сообщений для пользователя: hisoka
[2025-11-28T00:56:53.581755] [INFO] Подключение к базе данных: C:\Users\Vaan\Desktop\qkd_encryption_system\server_user_1\databases\user_1_db.db
[2025-11-28T00:56:53.886559] [INFO] DEBUG: Получение тестовых сообщений для пользователя: Max
[2025-11-28T00:56:53.886559] [INFO] Подключение к базе данных: C:\Users\Vaan\Desktop\qkd_encryption_system\server_user_2\databases\user_2_db.db
[2025-11-28T00:56:53.887559] [INFO] DEBUG: Найдено сообщений в БД: 0
[2025-11-28T00:56:53.888519] [INFO] DEBUG: Возвращено сообщений: 0
[2025-11-28T00:57:53.582957] [INFO] DEBUG: Получение тестовых сообщений для пользователя: hisoka
[2025-11-28T00:57:53.583926] [INFO] Подключение к базе данных: C:\Users\Vaan\Desktop\qkd_encryption_system\server_user_1\databases\user_1_db.db
[2025-11-28T00:57:53.892933] [INFO] DEBUG: Получение тестовых сообщений для пользователя: Max
[2025-11-28T00:57:53.893902] [INFO] Подключение к базе данных: C:\Users\Vaan\Desktop\qkd_encryption_system\server_user_2\databases\user_2_db.db
[2025-11-28T00:57:53.895901] [INFO] DEBUG: Найдено сообщений в БД: 0
[2025-11-28T00:57:53.895901] [INFO] DEBUG: Возвращено сообщений: 0
[2025-11-28T00:58:53.574806] [INFO] DEBUG: Получение тестовых сообщений для пользователя: hisoka
[2025-11-28T00:58:53.575802] [INFO] Подключение к базе данных: C:\Users\Vaan\Desktop\qkd_encryption_system\server_user_1\databases\user_1_db.db
[2025-11-28T00:58:53.881082] [INFO] DEBUG: Получение тестовых сообщений для пользователя: Max
[2025-11-28T00:58:53.881082] [INFO] Подключение к базе данных: C:\Users\Vaan\Desktop\qkd_encryption_system\server_user_2\databases\user_2_db.db
[2025-11-28T00:58:53.882080] [INFO] DEBUG: Найдено сообщений в БД: 0
[2025-11-28T00:58:53.882080] [INFO] DEBUG: Возвращено сообщений: 0
[2025-11-28T00:59:53.586711] [INFO] DEBUG: Получение тестовых сообщений для пользователя: hisoka
[2025-11-28T00:59:53.586711] [INFO] Подключение к базе данных: C:\Users\Vaan\Desktop\qkd_encryption_system\server_user_1\databases\user_1_db.db
[2025-11-28T00:59:53.896058] [INFO] DEBUG: Получение тестовых сообщений для пользователя: Max
[2025-11-28T00:59:53.897028] [INFO] Подключение к базе данных: C:\Users\Vaan\Desktop\qkd_encryption_system\server_user_2\databases\user_2_db.db
[2025-11-28T00:59:53.900018] [INFO] DEBUG: Найдено сообщений в БД: 0
[2025-11-28T00:59:53.900018] [INFO] DEBUG: Возвращено сообщений: 0
[2025-11-28T01:00:53.579151] [INFO] DEBUG: Получение тестовых сообщений для пользователя: hisoka
[2025-11-28T01:00:53.580148] [INFO] Подключение к базе данных: C:\Users\Vaan\Desktop\qkd_encryption_system\server_user_1\databases\user_1_db.db
[2025-11-28T01:00:53.885985] [INFO] DEBUG: Получение тестовых сообщений для пользователя: Max
[2025-11-28T01:00:53.886982] [INFO] Подключение к базе данных: C:\Users\Vaan\Desktop\qkd_encryption_system\server_user_2\databases\user_2_db.db
[2025-11-28T01:00:53.887979] [INFO] DEBUG: Найдено сообщений в БД: 0
[2025-11-28T01:00:53.887979] [INFO] DEBUG: Возвращено сообщений: 0
[2025-11-28T01:01:53.578081] [INFO] DEBUG: Получение тестовых сообщений для пользователя: hisoka
[2025-11-28T01:01:53.578081] [INFO] Подключение к базе данных: C:\Users\Vaan\Desktop\qkd_encryption_system\server_user_1\databases\user_1_db.db
[2025-11-28T01:01:53.888248] [INFO] DEBUG: Получение тестовых сообщений для пользователя: Max
[2025-11-28T01:01:53.888248] [INFO] Подключение к базе данных: C:\Users\Vaan\Desktop\qkd_encryption_system\server_user_2\databases\user_2_db.db
[2025-11-28T01:01:53.891212] [INFO] DEBUG: Найдено сообщений в БД: 0
[2025-11-28T01:01:53.891212] [INFO] DEBUG: Возвращено сообщений: 0
[2025-11-28T01:02:53.574593] [INFO] DEBUG: Получение тестовых сообщений для пользователя: hisoka
[2025-11-28T01:02:53.575588] [INFO] Подключение к базе данных: C:\Users\Vaan\Desktop\qkd_encryption_system\server_user_1\databases\user_1_db.db
[2025-11-28T01:02:53.879165] [INFO] DEBUG: Получение тестовых сообщений для пользователя: Max
[2025-11-28T01:02:53.879165] [INFO] Подключение к базе данных: C:\Users\Vaan\Desktop\qkd_encryption_system\server_user_2\databases\user_2_db.db
[2025-11-28T01:02:53.880162] [INFO] DEBUG: Найдено сообщений в БД: 0
[2025-11-28T01:02:53.881160] [INFO] DEBUG: Возвращено сообщений: 0
[2025-11-28T01:03:53.584985] [INFO] DEBUG: Получение тестовых сообщений для пользователя: hisoka
[2025-11-28T01:03:53.585955] [INFO] Подключение к базе данных: C:\Users\Vaan\Desktop\qkd_encryption_system\server_user_1\databases\user_1_db.db
[2025-11-28T01:03:53.895178] [INFO] DEBUG: Получение тестовых сообщений для пользователя: Max
[2025-11-28T01:03:53.896197] [INFO] Подключение к базе данных: C:\Users\Vaan\Desktop\qkd_encryption_system\server_user_2\databases\user_2_db.db
[2025-11-28T01:03:53.897143] [INFO] DEBUG: Найдено сообщений в БД: 0
[2025-11-28T01:03:53.898142] [INFO] DEBUG: Возвращено сообщений: 0
[2025-11-28T01:04:53.585616] [INFO] DEBUG: Получение тестовых сообщений для пользователя: hisoka
[2025-11-28T01:04:53.585616] [INFO] Подключение к базе данных: C:\Users\Vaan\Desktop\qkd_encryption_system\server_user_1\databases\user_1_db.db
[2025-11-28T01:04:53.892102] [INFO] DEBUG: Получение тестовых сообщений для пользователя: Max
[2025-11-28T01:04:53.892102] [INFO] Подключение к базе данных: C:\Users\Vaan\Desktop\qkd_encryption_system\server_user_2\databases\user_2_db.db
[2025-11-28T01:04:53.893099] [INFO] DEBUG: Найдено сообщений в БД: 0
[2025-11-28T01:04:53.894096] [INFO] DEBUG: Возвращено сообщений: 0
[2025-11-28T01:05:53.578645] [INFO] DEBUG: Получение тестовых сообщений для пользователя: hisoka
[2025-11-28T01:05:53.579644] [INFO] Подключение к базе данных: C:\Users\Vaan\Desktop\qkd_encryption_system\server_user_1\databases\user_1_db.db
[2025-11-28T01:05:53.888620] [INFO] DEBUG: Получение тестовых сообщений для пользователя: Max
[2025-11-28T01:05:53.888620] [INFO] Подключение к базе данных: C:\Users\Vaan\Desktop\qkd_encryption_system\server_user_2\databases\user_2_db.db
[2025-11-28T01:05:53.891613] [INFO] DEBUG: Найдено сообщений в БД: 0
[2025-11-28T01:05:53.891613] [INFO] DEBUG: Возвращено сообщений: 0
[2025-11-28T01:06:53.606503] [INFO] DEBUG: Получение тестовых сообщений для пользователя: hisoka
[2025-11-28T01:06:53.607468] [INFO] Подключение к базе данных: C:\Users\Vaan\Desktop\qkd_encryption_system\server_user_1\databases\user_1_db.db
[2025-11-28T01:06:53.912259] [INFO] DEBUG: Получение тестовых сообщений для пользователя: Max
[2025-11-28T01:06:53.913255] [INFO] Подключение к базе данных: C:\Users\Vaan\Desktop\qkd_encryption_system\server_user_2\databases\user_2_db.db
[2025-11-28T01:06:53.914252] [INFO] DEBUG: Найдено сообщений в БД: 0
[2025-11-28T01:06:53.914252] [INFO] DEBUG: Возвращено сообщений: 0
[2025-11-28T01:37:41.059262] [INFO] DEBUG: Получение тестовых сообщений для пользователя: hisoka
[2025-11-28T01:37:41.059262] [INFO] Подключение к базе данных: C:\Users\Vaan\Desktop\qkd_encryption_system\server_user_1\databases\user_1_db.db
[2025-11-28T01:37:41.508700] [INFO] DEBUG: Получение тестовых сообщений для пользователя: Max
[2025-11-28T01:37:41.509698] [INFO] Подключение к базе данных: C:\Users\Vaan\Desktop\qkd_encryption_system\server_user_2\databases\user_2_db.db
[2025-11-28T01:37:41.511692] [INFO] DEBUG: Найдено сообщений в БД: 0
[2025-11-28T01:37:41.512690] [INFO] DEBUG: Возвращено сообщений: 0
[2025-11-28T01:37:53.578744] [INFO] DEBUG: Получение тестовых сообщений для пользователя: hisoka
[2025-11-28T01:37:53.579714] [INFO] Подключение к базе данных: C:\Users\Vaan\Desktop\qkd_encryption_system\server_user_1\databases\user_1_db.db
[2025-11-28T01:37:53.893872] [INFO] DEBUG: Получение тестовых сообщений для пользователя: Max
[2025-11-28T01:37:53.894870] [INFO] Подключение к базе данных: C:\Users\Vaan\Desktop\qkd_encryption_system\server_user_2\databases\user_2_db.db
[2025-11-28T01:37:53.896864] [INFO] DEBUG: Найдено сообщений в БД: 0
[2025-11-28T01:37:53.896864] [INFO] DEBUG: Возвращено сообщений: 0
[2025-11-28T01:38:53.574479] [INFO] DEBUG: Получение тестовых сообщений для пользователя: hisoka
[2025-11-28T01:38:53.575447] [INFO] Подключение к базе данных: C:\Users\Vaan\Desktop\qkd_encryption_system\server_user_1\databases\user_1_db.db
[2025-11-28T01:38:53.881958] [INFO] DEBUG: Получение тестовых сообщений для пользователя: Max
[2025-11-28T01:38:53.881958] [INFO] Подключение к базе данных: C:\Users\Vaan\Desktop\qkd_encryption_system\server_user_2\databases\user_2_db.db
[2025-11-28T01:38:53.883952] [INFO] DEBUG: Найдено сообщений в БД: 0
[2025-11-28T01:38:53.883952] [INFO] DEBUG: Возвращено сообщений: 0
[2025-11-28T01:39:53.565933] [INFO] DEBUG: Получение тестовых сообщений для пользователя: hisoka
[2025-11-28T01:39:53.566896] [INFO] Подключение к базе данных: C:\Users\Vaan\Desktop\qkd_encryption_system\server_user_1\databases\user_1_db.db
[2025-11-28T01:39:53.876057] [INFO] DEBUG: Получение тестовых сообщений для пользователя: Max
[2025-11-28T01:39:53.877054] [INFO] Подключение к базе данных: C:\Users\Vaan\Desktop\qkd_encryption_system\server_user_2\databases\user_2_db.db
[2025-11-28T01:39:53.879052] [INFO] DEBUG: Найдено сообщений в БД: 0
[2025-11-28T01:39:53.880049] [INFO] DEBUG: Возвращено сообщений: 0
[2025-11-28T01:40:53.578515] [INFO] DEBUG: Получение тестовых сообщений для пользователя: hisoka
[2025-11-28T01:40:53.579511] [INFO] Подключение к базе данных: C:\Users\Vaan\Desktop\qkd_encryption_system\server_user_1\databases\user_1_db.db
[2025-11-28T01:40:53.886447] [INFO] DEBUG: Получение тестовых сообщений для пользователя: Max
[2025-11-28T01:40:53.887415] [INFO] Подключение к базе данных: C:\Users\Vaan\Desktop\qkd_encryption_system\server_user_2\databases\user_2_db.db
[2025-11-28T01:40:53.888443] [INFO] DEBUG: Найдено сообщений в БД: 0
[2025-11-28T01:40:53.888443] [INFO] DEBUG: Возвращено сообщений: 0
[2025-11-28T01:41:53.570454] [INFO] DEBUG: Получение тестовых сообщений для пользователя: hisoka
[2025-11-28T01:41:53.570454] [INFO] Подключение к базе данных: C:\Users\Vaan\Desktop\qkd_encryption_system\server_user_1\databases\user_1_db.db
[2025-11-28T01:41:53.879811] [INFO] DEBUG: Получение тестовых сообщений для пользователя: Max
[2025-11-28T01:41:53.880838] [INFO] Подключение к базе данных: C:\Users\Vaan\Desktop\qkd_encryption_system\server_user_2\databases\user_2_db.db
[2025-11-28T01:41:53.882832] [INFO] DEBUG: Найдено сообщений в БД: 0
[2025-11-28T01:41:53.882832] [INFO] DEBUG: Возвращено сообщений: 0
[2025-11-28T01:42:53.567113] [INFO] DEBUG: Получение тестовых сообщений для пользователя: hisoka
[2025-11-28T01:42:53.568110] [INFO] Подключение к базе данных: C:\Users\Vaan\Desktop\qkd_encryption_system\server_user_1\databases\user_1_db.db
[2025-11-28T01:42:53.872356] [INFO] DEBUG: Получение тестовых сообщений для пользователя: Max
[2025-11-28T01:42:53.873383] [INFO] Подключение к базе данных: C:\Users\Vaan\Desktop\qkd_encryption_system\server_user_2\databases\user_2_db.db
[2025-11-28T01:42:53.874350] [INFO] DEBUG: Найдено сообщений в БД: 0
[2025-11-28T01:42:53.875348] [INFO] DEBUG: Возвращено сообщений: 0
[2025-11-28T01:43:53.568992] [INFO] DEBUG: Получение тестовых сообщений для пользователя: hisoka
[2025-11-28T01:43:53.569961] [INFO] Подключение к базе данных: C:\Users\Vaan\Desktop\qkd_encryption_system\server_user_1\databases\user_1_db.db
[2025-11-28T01:43:53.879667] [INFO] DEBUG: Получение тестовых сообщений для пользователя: Max
[2025-11-28T01:43:53.879667] [INFO] Подключение к базе данных: C:\Users\Vaan\Desktop\qkd_encryption_system\server_user_2\databases\user_2_db.db
[2025-11-28T01:43:53.881671] [INFO] DEBUG: Найдено сообщений в БД: 0
[2025-11-28T01:43:53.882662] [INFO] DEBUG: Возвращено сообщений: 0
[2025-11-28T01:44:53.572322] [INFO] DEBUG: Получение тестовых сообщений для пользователя: hisoka
[2025-11-28T01:44:53.573319] [INFO] Подключение к базе данных: C:\Users\Vaan\Desktop\qkd_encryption_system\server_user_1\databases\user_1_db.db
[2025-11-28T01:44:53.878019] [INFO] DEBUG: Получение тестовых сообщений для пользователя: Max
[2025-11-28T01:44:53.879047] [INFO] Подключение к базе данных: C:\Users\Vaan\Desktop\qkd_encryption_system\server_user_2\databases\user_2_db.db
[2025-11-28T01:44:53.880045] [INFO] DEBUG: Найдено сообщений в БД: 0
[2025-11-28T01:44:53.881014] [INFO] DEBUG: Возвращено сообщений: 0
[2025-11-28T01:45:53.572558] [INFO] DEBUG: Получение тестовых сообщений для пользователя: hisoka
[2025-11-28T01:45:53.572558] [INFO] Подключение к базе данных: C:\Users\Vaan\Desktop\qkd_encryption_system\server_user_1\databases\user_1_db.db
[2025-11-28T01:45:53.881883] [INFO] DEBUG: Получение тестовых сообщений для пользователя: Max
[2025-11-28T01:45:53.882881] [INFO] Подключение к базе данных: C:\Users\Vaan\Desktop\qkd_encryption_system\server_user_2\databases\user_2_db.db
[2025-11-28T01:45:53.883875] [INFO] DEBUG: Найдено сообщений в БД: 0
[2025-11-28T01:45:53.884874] [INFO] DEBUG: Возвращено сообщений: 0
[2025-11-28T01:46:53.568526] [INFO] DEBUG: Получение тестовых сообщений для пользователя: hisoka
[2025-11-28T01:46:53.569524] [INFO] Подключение к базе данных: C:\Users\Vaan\Desktop\qkd_encryption_system\server_user_1\databases\user_1_db.db
[2025-11-28T01:46:53.874813] [INFO] DEBUG: Получение тестовых сообщений для пользователя: Max
[2025-11-28T01:46:53.875810] [INFO] Подключение к базе данных: C:\Users\Vaan\Desktop\qkd_encryption_system\server_user_2\databases\user_2_db.db
[2025-11-28T01:46:53.876808] [INFO] DEBUG: Найдено сообщений в БД: 0
[2025-11-28T01:46:53.877805] [INFO] DEBUG: Возвращено сообщений: 0
[2025-11-28T01:47:53.589829] [INFO] DEBUG: Получение тестовых сообщений для пользователя: hisoka
[2025-11-28T01:47:53.590826] [INFO] Подключение к базе данных: C:\Users\Vaan\Desktop\qkd_encryption_system\server_user_1\databases\user_1_db.db
[2025-11-28T01:47:53.895179] [INFO] DEBUG: Получение тестовых сообщений для пользователя: Max
[2025-11-28T01:47:53.895179] [INFO] Подключение к базе данных: C:\Users\Vaan\Desktop\qkd_encryption_system\server_user_2\databases\user_2_db.db
[2025-11-28T01:47:53.898170] [INFO] DEBUG: Найдено сообщений в БД: 0
[2025-11-28T01:47:53.898170] [INFO] DEBUG: Возвращено сообщений: 0
[2025-11-28T01:48:53.575784] [INFO] DEBUG: Получение тестовых сообщений для пользователя: hisoka
[2025-11-28T01:48:53.576778] [INFO] Подключение к базе данных: C:\Users\Vaan\Desktop\qkd_encryption_system\server_user_1\databases\user_1_db.db
[2025-11-28T01:48:53.883125] [INFO] DEBUG: Получение тестовых сообщений для пользователя: Max
[2025-11-28T01:48:53.884092] [INFO] Подключение к базе данных: C:\Users\Vaan\Desktop\qkd_encryption_system\server_user_2\databases\user_2_db.db
[2025-11-28T01:48:53.885120] [INFO] DEBUG: Найдено сообщений в БД: 0
[2025-11-28T01:48:53.885120] [INFO] DEBUG: Возвращено сообщений: 0
[2025-11-28T01:49:53.566002] [INFO] DEBUG: Получение тестовых сообщений для пользователя: hisoka
[2025-11-28T01:49:53.567000] [INFO] Подключение к базе данных: C:\Users\Vaan\Desktop\qkd_encryption_system\server_user_1\databases\user_1_db.db
[2025-11-28T01:49:53.872304] [INFO] DEBUG: Получение тестовых сообщений для пользователя: Max
[2025-11-28T01:49:53.873302] [INFO] Подключение к базе данных: C:\Users\Vaan\Desktop\qkd_encryption_system\server_user_2\databases\user_2_db.db
[2025-11-28T01:49:53.874301] [INFO] DEBUG: Найдено сообщений в БД: 0
[2025-11-28T01:49:53.876292] [INFO] DEBUG: Возвращено сообщений: 0
[2025-11-28T01:50:53.569612] [INFO] DEBUG: Получение тестовых сообщений для пользователя: hisoka
[2025-11-28T01:50:53.569612] [INFO] Подключение к базе данных: C:\Users\Vaan\Desktop\qkd_encryption_system\server_user_1\databases\user_1_db.db
[2025-11-28T01:50:53.875138] [INFO] DEBUG: Получение тестовых сообщений для пользователя: Max
[2025-11-28T01:50:53.876106] [INFO] Подключение к базе данных: C:\Users\Vaan\Desktop\qkd_encryption_system\server_user_2\databases\user_2_db.db
[2025-11-28T01:50:53.877131] [INFO] DEBUG: Найдено сообщений в БД: 0
[2025-11-28T01:50:53.877131] [INFO] DEBUG: Возвращено сообщений: 0
[2025-11-28T01:51:53.578924] [INFO] DEBUG: Получение тестовых сообщений для пользователя: hisoka
[2025-11-28T01:51:53.579916] [INFO] Подключение к базе данных: C:\Users\Vaan\Desktop\qkd_encryption_system\server_user_1\databases\user_1_db.db
[2025-11-28T01:51:53.884811] [INFO] DEBUG: Получение тестовых сообщений для пользователя: Max
[2025-11-28T01:51:53.885777] [INFO] Подключение к базе данных: C:\Users\Vaan\Desktop\qkd_encryption_system\server_user_2\databases\user_2_db.db
[2025-11-28T01:51:53.887774] [INFO] DEBUG: Найдено сообщений в БД: 0
[2025-11-28T01:51:53.888815] [INFO] DEBUG: Возвращено сообщений: 0
[2025-11-28T01:52:53.580221] [INFO] DEBUG: Получение тестовых сообщений для пользователя: hisoka
[2025-11-28T01:52:53.580221] [INFO] Подключение к базе данных: C:\Users\Vaan\Desktop\qkd_encryption_system\server_user_1\databases\user_1_db.db
[2025-11-28T01:52:53.874078] [INFO] DEBUG: Получение тестовых сообщений для пользователя: Max
[2025-11-28T01:52:53.874078] [INFO] Подключение к базе данных: C:\Users\Vaan\Desktop\qkd_encryption_system\server_user_2\databases\user_2_db.db
[2025-11-28T01:52:53.875075] [INFO] DEBUG: Найдено сообщений в БД: 0
[2025-11-28T01:52:53.876073] [INFO] DEBUG: Возвращено сообщений: 0
[2025-11-28T01:53:53.572722] [INFO] DEBUG: Получение тестовых сообщений для пользователя: hisoka
[2025-11-28T01:53:53.572722] [INFO] Подключение к базе данных: C:\Users\Vaan\Desktop\qkd_encryption_system\server_user_1\databases\user_1_db.db
[2025-11-28T01:53:53.881854] [INFO] DEBUG: Получение тестовых сообщений для пользователя: Max
[2025-11-28T01:53:53.882851] [INFO] Подключение к базе данных: C:\Users\Vaan\Desktop\qkd_encryption_system\server_user_2\databases\user_2_db.db
[2025-11-28T01:53:53.883848] [INFO] DEBUG: Найдено сообщений в БД: 0
[2025-11-28T01:53:53.885843] [INFO] DEBUG: Возвращено сообщений: 0
[2025-11-28T01:54:53.580251] [INFO] DEBUG: Получение тестовых сообщений для пользователя: hisoka
[2025-11-28T01:54:53.581245] [INFO] Подключение к базе данных: C:\Users\Vaan\Desktop\qkd_encryption_system\server_user_1\databases\user_1_db.db
[2025-11-28T01:54:53.884790] [INFO] DEBUG: Получение тестовых сообщений для пользователя: Max
[2025-11-28T01:54:53.885785] [INFO] Подключение к базе данных: C:\Users\Vaan\Desktop\qkd_encryption_system\server_user_2\databases\user_2_db.db
[2025-11-28T01:54:53.886782] [INFO] DEBUG: Найдено сообщений в БД: 0
[2025-11-28T01:54:53.887750] [INFO] DEBUG: Возвращено сообщений: 0
[2025-11-28T01:55:53.579461] [INFO] DEBUG: Получение тестовых сообщений для пользователя: hisoka
[2025-11-28T01:55:53.580426] [INFO] Подключение к базе данных: C:\Users\Vaan\Desktop\qkd_encryption_system\server_user_1\databases\user_1_db.db
[2025-11-28T01:55:53.887773] [INFO] DEBUG: Получение тестовых сообщений для пользователя: Max
[2025-11-28T01:55:53.888771] [INFO] Подключение к базе данных: C:\Users\Vaan\Desktop\qkd_encryption_system\server_user_2\databases\user_2_db.db
[2025-11-28T01:55:53.891796] [INFO] DEBUG: Найдено сообщений в БД: 0
[2025-11-28T01:55:53.891796] [INFO] DEBUG: Возвращено сообщений: 0
[2025-11-28T01:56:53.571946] [INFO] DEBUG: Получение тестовых сообщений для пользователя: hisoka
[2025-11-28T01:56:53.572923] [INFO] Подключение к базе данных: C:\Users\Vaan\Desktop\qkd_encryption_system\server_user_1\databases\user_1_db.db
[2025-11-28T01:56:53.880243] [INFO] DEBUG: Получение тестовых сообщений для пользователя: Max
[2025-11-28T01:56:53.880243] [INFO] Подключение к базе данных: C:\Users\Vaan\Desktop\qkd_encryption_system\server_user_2\databases\user_2_db.db
[2025-11-28T01:56:53.882238] [INFO] DEBUG: Найдено сообщений в БД: 0
[2025-11-28T01:56:53.882238] [INFO] DEBUG: Возвращено сообщений: 0
[2025-11-28T01:57:53.595336] [INFO] DEBUG: Получение тестовых сообщений для пользователя: hisoka
[2025-11-28T01:57:53.596442] [INFO] Подключение к базе данных: C:\Users\Vaan\Desktop\qkd_encryption_system\server_user_1\databases\user_1_db.db
[2025-11-28T01:57:53.903145] [INFO] DEBUG: Получение тестовых сообщений для пользователя: Max
[2025-11-28T01:57:53.903145] [INFO] Подключение к базе данных: C:\Users\Vaan\Desktop\qkd_encryption_system\server_user_2\databases\user_2_db.db
[2025-11-28T01:57:53.905148] [INFO] DEBUG: Найдено сообщений в БД: 0
[2025-11-28T01:57:53.906168] [INFO] DEBUG: Возвращено сообщений: 0
[2025-11-28T01:58:53.575870] [INFO] DEBUG: Получение тестовых сообщений для пользователя: hisoka
[2025-11-28T01:58:53.577865] [INFO] Подключение к базе данных: C:\Users\Vaan\Desktop\qkd_encryption_system\server_user_1\databases\user_1_db.db
[2025-11-28T01:58:53.882799] [INFO] DEBUG: Получение тестовых сообщений для пользователя: Max
[2025-11-28T01:58:53.883826] [INFO] Подключение к базе данных: C:\Users\Vaan\Desktop\qkd_encryption_system\server_user_2\databases\user_2_db.db
[2025-11-28T01:58:53.884824] [INFO] DEBUG: Найдено сообщений в БД: 0
[2025-11-28T01:58:53.885790] [INFO] DEBUG: Возвращено сообщений: 0
[2025-11-28T02:08:05.843370] [INFO] Подключение к базе данных: C:\Users\Vaan\Desktop\qkd_encryption_system\server_user_1\databases\user_1_db.db
[2025-11-28T02:08:05.848355] [INFO] Подключение к базе данных: C:\Users\Vaan\Desktop\qkd_encryption_system\server_user_1\databases\user_1_db.db
[2025-11-28T02:08:05.848355] [INFO] Подключение к базе данных: C:\Users\Vaan\Desktop\qkd_encryption_system\server_user_1\databases\user_1_db.db
[2025-11-28T02:08:05.849353] [INFO] Подключение к базе данных: C:\Users\Vaan\Desktop\qkd_encryption_system\server_user_1\databases\user_1_db.db
[2025-11-28T02:08:05.850350] [INFO] Подключение к базе данных: C:\Users\Vaan\Desktop\qkd_encryption_system\server_user_1\databases\user_1_db.db
[2025-11-28T02:08:05.852344] [INFO] Подключение к базе данных: C:\Users\Vaan\Desktop\qkd_encryption_system\server_user_1\databases\user_1_db.db
[2025-11-28T02:08:05.852344] [INFO] Подключение к базе данных: C:\Users\Vaan\Desktop\qkd_encryption_system\server_user_1\databases\user_1_db.db
[2025-11-28T02:08:07.366049] [INFO] Подключение к базе данных: C:\Users\Vaan\Desktop\qkd_encryption_system\server_user_1\databases\user_1_db.db
[2025-11-28T02:08:07.366049] [INFO] Подключение к базе данных: C:\Users\Vaan\Desktop\qkd_encryption_system\server_user_1\databases\user_1_db.db
[2025-11-28T02:08:07.367101] [INFO] Подключение к базе данных: C:\Users\Vaan\Desktop\qkd_encryption_system\server_user_1\databases\user_1_db.db
[2025-11-28T02:08:07.367101] [INFO] Подключение к базе данных: C:\Users\Vaan\Desktop\qkd_encryption_system\server_user_1\databases\user_1_db.db
[2025-11-28T02:08:07.368099] [INFO] Подключение к базе данных: C:\Users\Vaan\Desktop\qkd_encryption_system\server_user_1\databases\user_1_db.db
[2025-11-28T02:08:07.370094] [INFO] Подключение к базе данных: C:\Users\Vaan\Desktop\qkd_encryption_system\server_user_1\databases\user_1_db.db
[2025-11-28T02:08:07.370094] [INFO] Подключение к базе данных: C:\Users\Vaan\Desktop\qkd_encryption_system\server_user_1\databases\user_1_db.db
[2025-11-28T02:08:09.282432] [INFO] Подключение к базе данных: C:\Users\Vaan\Desktop\qkd_encryption_system\server_user_1\databases\user_1_db.db
[2025-11-28T02:08:11.324536] [INFO] DEBUG: Получение тестовых сообщений для получателя: server_1
[2025-11-28T02:08:11.324536] [INFO] Подключение к базе данных: C:\Users\Vaan\Desktop\qkd_encryption_system\server_user_1\databases\user_1_db.db
[2025-11-28T02:08:15.576378] [INFO] DEBUG: Получение тестовых сообщений для получателя: server_1
[2025-11-28T02:08:15.577376] [INFO] Подключение к базе данных: C:\Users\Vaan\Desktop\qkd_encryption_system\server_user_1\databases\user_1_db.db
[2025-11-28T02:08:20.567750] [INFO] DEBUG: Получение тестовых сообщений для получателя: server_1
[2025-11-28T02:08:20.568748] [INFO] Подключение к базе данных: C:\Users\Vaan\Desktop\qkd_encryption_system\server_user_1\databases\user_1_db.db
[2025-11-28T02:08:25.049067] [INFO] Подключение к базе данных: C:\Users\Vaan\Desktop\qkd_encryption_system\server_user_2\databases\user_2_db.db
[2025-11-28T02:08:25.051061] [INFO] Подключение к базе данных: C:\Users\Vaan\Desktop\qkd_encryption_system\server_user_2\databases\user_2_db.db
[2025-11-28T02:08:25.052059] [INFO] Подключение к базе данных: C:\Users\Vaan\Desktop\qkd_encryption_system\server_user_2\databases\user_2_db.db
[2025-11-28T02:08:25.052059] [INFO] Подключение к базе данных: C:\Users\Vaan\Desktop\qkd_encryption_system\server_user_2\databases\user_2_db.db
[2025-11-28T02:08:25.053056] [INFO] Подключение к базе данных: C:\Users\Vaan\Desktop\qkd_encryption_system\server_user_2\databases\user_2_db.db
[2025-11-28T02:08:25.056049] [INFO] Подключение к базе данных: C:\Users\Vaan\Desktop\qkd_encryption_system\server_user_2\databases\user_2_db.db
[2025-11-28T02:08:25.056049] [INFO] Подключение к базе данных: C:\Users\Vaan\Desktop\qkd_encryption_system\server_user_2\databases\user_2_db.db
[2025-11-28T02:08:25.572430] [INFO] DEBUG: Получение тестовых сообщений для получателя: server_1
[2025-11-28T02:08:25.573426] [INFO] Подключение к базе данных: C:\Users\Vaan\Desktop\qkd_encryption_system\server_user_1\databases\user_1_db.db
[2025-11-28T02:08:26.295195] [INFO] Подключение к базе данных: C:\Users\Vaan\Desktop\qkd_encryption_system\server_user_2\databases\user_2_db.db
[2025-11-28T02:08:26.296192] [INFO] Подключение к базе данных: C:\Users\Vaan\Desktop\qkd_encryption_system\server_user_2\databases\user_2_db.db
[2025-11-28T02:08:26.296192] [INFO] Подключение к базе данных: C:\Users\Vaan\Desktop\qkd_encryption_system\server_user_2\databases\user_2_db.db
[2025-11-28T02:08:26.297188] [INFO] Подключение к базе данных: C:\Users\Vaan\Desktop\qkd_encryption_system\server_user_2\databases\user_2_db.db
[2025-11-28T02:08:26.297188] [INFO] Подключение к базе данных: C:\Users\Vaan\Desktop\qkd_encryption_system\server_user_2\databases\user_2_db.db
[2025-11-28T02:08:26.299184] [INFO] Подключение к базе данных: C:\Users\Vaan\Desktop\qkd_encryption_system\server_user_2\databases\user_2_db.db
[2025-11-28T02:08:26.299184] [INFO] Подключение к базе данных: C:\Users\Vaan\Desktop\qkd_encryption_system\server_user_2\databases\user_2_db.db
[2025-11-28T02:08:28.191926] [INFO] Подключение к базе данных: C:\Users\Vaan\Desktop\qkd_encryption_system\server_user_2\databases\user_2_db.db
[2025-11-28T02:08:29.560648] [INFO] DEBUG: Получение тестовых сообщений для получателя: server_2
[2025-11-28T02:08:29.560648] [INFO] Подключение к базе данных: C:\Users\Vaan\Desktop\qkd_encryption_system\server_user_2\databases\user_2_db.db
[2025-11-28T02:08:29.561645] [INFO] DEBUG: Найдено сообщений в БД: 0
[2025-11-28T02:08:29.561645] [INFO] DEBUG: Возвращено сообщений: 0
[2025-11-28T02:08:30.325712] [INFO] DEBUG: Получение тестовых сообщений для получателя: server_1
[2025-11-28T02:08:30.327706] [INFO] Подключение к базе данных: C:\Users\Vaan\Desktop\qkd_encryption_system\server_user_1\databases\user_1_db.db
[2025-11-28T02:08:33.469271] [INFO] Подключение к базе данных: C:\Users\Vaan\Desktop\qkd_encryption_system\server_user_2\databases\user_2_db.db
[2025-11-28T02:08:34.490584] [INFO] DEBUG: Получение тестовых сообщений для получателя: server_2
[2025-11-28T02:08:34.491582] [INFO] Подключение к базе данных: C:\Users\Vaan\Desktop\qkd_encryption_system\server_user_2\databases\user_2_db.db
[2025-11-28T02:08:34.492579] [INFO] DEBUG: Найдено сообщений в БД: 0
[2025-11-28T02:08:34.492579] [INFO] DEBUG: Возвращено сообщений: 0
[2025-11-28T02:08:35.567352] [INFO] DEBUG: Получение тестовых сообщений для получателя: server_1
[2025-11-28T02:08:35.568348] [INFO] Подключение к базе данных: C:\Users\Vaan\Desktop\qkd_encryption_system\server_user_1\databases\user_1_db.db
[2025-11-28T02:08:40.571332] [INFO] DEBUG: Получение тестовых сообщений для получателя: server_1
[2025-11-28T02:08:40.571332] [INFO] Подключение к базе данных: C:\Users\Vaan\Desktop\qkd_encryption_system\server_user_1\databases\user_1_db.db
[2025-11-28T02:08:45.574167] [INFO] DEBUG: Получение тестовых сообщений для получателя: server_1
[2025-11-28T02:08:45.575164] [INFO] Подключение к базе данных: C:\Users\Vaan\Desktop\qkd_encryption_system\server_user_1\databases\user_1_db.db
[2025-11-28T02:08:50.570050] [INFO] DEBUG: Получение тестовых сообщений для получателя: server_1
[2025-11-28T02:08:50.571047] [INFO] Подключение к базе данных: C:\Users\Vaan\Desktop\qkd_encryption_system\server_user_1\databases\user_1_db.db
[2025-11-28T02:08:55.576582] [INFO] DEBUG: Получение тестовых сообщений для получателя: server_1
[2025-11-28T02:08:55.577138] [INFO] Подключение к базе данных: C:\Users\Vaan\Desktop\qkd_encryption_system\server_user_1\databases\user_1_db.db
[2025-11-28T02:09:00.553107] [INFO] Подключение к базе данных: C:\Users\Vaan\Desktop\qkd_encryption_system\server_user_2\databases\user_2_db.db
[2025-11-28T02:09:00.574454] [INFO] DEBUG: Получение тестовых сообщений для получателя: server_1
[2025-11-28T02:09:00.576449] [INFO] Подключение к базе данных: C:\Users\Vaan\Desktop\qkd_encryption_system\server_user_1\databases\user_1_db.db
[2025-11-28T02:09:01.580054] [INFO] DEBUG: Получение тестовых сообщений для получателя: server_2
[2025-11-28T02:09:01.580054] [INFO] Подключение к базе данных: C:\Users\Vaan\Desktop\qkd_encryption_system\server_user_2\databases\user_2_db.db
[2025-11-28T02:09:01.581053] [INFO] DEBUG: Найдено сообщений в БД: 0
[2025-11-28T02:09:01.582050] [INFO] DEBUG: Возвращено сообщений: 0
[2025-11-28T02:09:02.418009] [INFO] Подключение к базе данных: C:\Users\Vaan\Desktop\qkd_encryption_system\server_user_1\databases\user_1_db.db
[2025-11-28T02:09:03.440968] [INFO] DEBUG: Получение тестовых сообщений для получателя: server_1
[2025-11-28T02:09:03.441966] [INFO] Подключение к базе данных: C:\Users\Vaan\Desktop\qkd_encryption_system\server_user_1\databases\user_1_db.db
[2025-11-28T02:09:04.112080] [INFO] DEBUG: Получение тестовых сообщений для получателя: server_1
[2025-11-28T02:09:04.113077] [INFO] Подключение к базе данных: C:\Users\Vaan\Desktop\qkd_encryption_system\server_user_1\databases\user_1_db.db
[2025-11-28T02:09:05.443098] [INFO] DEBUG: Получение тестовых сообщений для получателя: server_1
[2025-11-28T02:09:05.444095] [INFO] Подключение к базе данных: C:\Users\Vaan\Desktop\qkd_encryption_system\server_user_1\databases\user_1_db.db
[2025-11-28T02:09:06.576589] [INFO] DEBUG: Получение тестовых сообщений для получателя: server_2
[2025-11-28T02:09:06.577616] [INFO] Подключение к базе данных: C:\Users\Vaan\Desktop\qkd_encryption_system\server_user_2\databases\user_2_db.db
[2025-11-28T02:09:06.579583] [INFO] DEBUG: Найдено сообщений в БД: 0
[2025-11-28T02:09:06.579583] [INFO] DEBUG: Возвращено сообщений: 0
[2025-11-28T02:09:08.439339] [INFO] DEBUG: Получение тестовых сообщений для получателя: server_1
[2025-11-28T02:09:08.440338] [INFO] Подключение к базе данных: C:\Users\Vaan\Desktop\qkd_encryption_system\server_user_1\databases\user_1_db.db
[2025-11-28T02:09:10.578238] [INFO] DEBUG: Получение тестовых сообщений для получателя: server_2
[2025-11-28T02:09:10.578238] [INFO] Подключение к базе данных: C:\Users\Vaan\Desktop\qkd_encryption_system\server_user_2\databases\user_2_db.db
[2025-11-28T02:09:10.580241] [INFO] DEBUG: Найдено сообщений в БД: 0
[2025-11-28T02:09:10.581230] [INFO] DEBUG: Возвращено сообщений: 0
[2025-11-28T02:09:10.651757] [INFO] Подключение к базе данных: C:\Users\Vaan\Desktop\qkd_encryption_system\server_user_2\databases\user_2_db.db
[2025-11-28T02:09:10.683037] [INFO] Получено тестовое сообщение от hisoka для server_2: Ghbdtn

[2025-11-28T02:09:10.684080] [INFO] Подключение к базе данных: C:\Users\Vaan\Desktop\qkd_encryption_system\server_user_1\databases\user_1_db.db
[2025-11-28T02:09:10.689402] [INFO] Сохранено отправленное сообщение от hisoka для server_2: Ghbdtn

[2025-11-28T02:09:11.498906] [INFO] DEBUG: Получение тестовых сообщений для получателя: server_2
[2025-11-28T02:09:11.498906] [INFO] Подключение к базе данных: C:\Users\Vaan\Desktop\qkd_encryption_system\server_user_2\databases\user_2_db.db
[2025-11-28T02:09:11.499902] [INFO] DEBUG: Найдено сообщений в БД: 1
[2025-11-28T02:09:11.499902] [INFO] DEBUG: Возвращено сообщений: 1
[2025-11-28T02:09:11.568968] [INFO] DEBUG: Получение тестовых сообщений для получателя: server_1
[2025-11-28T02:09:11.569965] [INFO] Подключение к базе данных: C:\Users\Vaan\Desktop\qkd_encryption_system\server_user_1\databases\user_1_db.db
[2025-11-28T02:09:12.573355] [INFO] DEBUG: Получение тестовых сообщений для получателя: server_2
[2025-11-28T02:09:12.574352] [INFO] Подключение к базе данных: C:\Users\Vaan\Desktop\qkd_encryption_system\server_user_2\databases\user_2_db.db
[2025-11-28T02:09:12.575349] [INFO] DEBUG: Найдено сообщений в БД: 1
[2025-11-28T02:09:12.575349] [INFO] DEBUG: Возвращено сообщений: 1
[2025-11-28T02:09:14.569472] [INFO] DEBUG: Получение тестовых сообщений для получателя: server_1
[2025-11-28T02:09:14.570469] [INFO] Подключение к базе данных: C:\Users\Vaan\Desktop\qkd_encryption_system\server_user_1\databases\user_1_db.db
[2025-11-28T02:09:15.579818] [INFO] DEBUG: Получение тестовых сообщений для получателя: server_2
[2025-11-28T02:09:15.580816] [INFO] Подключение к базе данных: C:\Users\Vaan\Desktop\qkd_encryption_system\server_user_2\databases\user_2_db.db
[2025-11-28T02:09:15.581817] [INFO] DEBUG: Найдено сообщений в БД: 1
[2025-11-28T02:09:15.581817] [INFO] DEBUG: Возвращено сообщений: 1
[2025-11-28T02:09:17.578135] [INFO] DEBUG: Получение тестовых сообщений для получателя: server_1
[2025-11-28T02:09:17.579131] [INFO] Подключение к базе данных: C:\Users\Vaan\Desktop\qkd_encryption_system\server_user_1\databases\user_1_db.db
[2025-11-28T02:09:18.583440] [INFO] DEBUG: Получение тестовых сообщений для получателя: server_2
[2025-11-28T02:09:18.583440] [INFO] Подключение к базе данных: C:\Users\Vaan\Desktop\qkd_encryption_system\server_user_2\databases\user_2_db.db
[2025-11-28T02:09:18.584456] [INFO] DEBUG: Найдено сообщений в БД: 1
[2025-11-28T02:09:18.584456] [INFO] DEBUG: Возвращено сообщений: 1
[2025-11-28T02:09:20.568010] [INFO] DEBUG: Получение тестовых сообщений для получателя: server_1
[2025-11-28T02:09:20.569039] [INFO] Подключение к базе данных: C:\Users\Vaan\Desktop\qkd_encryption_system\server_user_1\databases\user_1_db.db
[2025-11-28T02:09:21.588750] [INFO] DEBUG: Получение тестовых сообщений для получателя: server_2
[2025-11-28T02:09:21.589416] [INFO] Подключение к базе данных: C:\Users\Vaan\Desktop\qkd_encryption_system\server_user_2\databases\user_2_db.db
[2025-11-28T02:09:21.589416] [INFO] DEBUG: Найдено сообщений в БД: 1
[2025-11-28T02:09:21.590447] [INFO] DEBUG: Возвращено сообщений: 1
[2025-11-28T02:09:23.568927] [INFO] DEBUG: Получение тестовых сообщений для получателя: server_1
[2025-11-28T02:09:23.568927] [INFO] Подключение к базе данных: C:\Users\Vaan\Desktop\qkd_encryption_system\server_user_1\databases\user_1_db.db
[2025-11-28T02:09:24.577611] [INFO] DEBUG: Получение тестовых сообщений для получателя: server_2
[2025-11-28T02:09:24.577611] [INFO] Подключение к базе данных: C:\Users\Vaan\Desktop\qkd_encryption_system\server_user_2\databases\user_2_db.db
[2025-11-28T02:09:24.578613] [INFO] DEBUG: Найдено сообщений в БД: 1
[2025-11-28T02:09:24.578613] [INFO] DEBUG: Возвращено сообщений: 1
[2025-11-28T02:09:26.565878] [INFO] DEBUG: Получение тестовых сообщений для получателя: server_1
[2025-11-28T02:09:26.566876] [INFO] Подключение к базе данных: C:\Users\Vaan\Desktop\qkd_encryption_system\server_user_1\databases\user_1_db.db
[2025-11-28T02:09:27.588479] [INFO] DEBUG: Получение тестовых сообщений для получателя: server_2
[2025-11-28T02:09:27.589476] [INFO] Подключение к базе данных: C:\Users\Vaan\Desktop\qkd_encryption_system\server_user_2\databases\user_2_db.db
[2025-11-28T02:09:27.589476] [INFO] DEBUG: Найдено сообщений в БД: 1
[2025-11-28T02:09:27.590473] [INFO] DEBUG: Возвращено сообщений: 1
[2025-11-28T02:09:29.577306] [INFO] DEBUG: Получение тестовых сообщений для получателя: server_1
[2025-11-28T02:09:29.578303] [INFO] Подключение к базе данных: C:\Users\Vaan\Desktop\qkd_encryption_system\server_user_1\databases\user_1_db.db
[2025-11-28T02:09:30.587153] [INFO] DEBUG: Получение тестовых сообщений для получателя: server_2
[2025-11-28T02:09:30.587153] [INFO] Подключение к базе данных: C:\Users\Vaan\Desktop\qkd_encryption_system\server_user_2\databases\user_2_db.db
[2025-11-28T02:09:30.589116] [INFO] DEBUG: Найдено сообщений в БД: 1
[2025-11-28T02:09:30.590104] [INFO] DEBUG: Возвращено сообщений: 1
[2025-11-28T02:09:32.578566] [INFO] DEBUG: Получение тестовых сообщений для получателя: server_1
[2025-11-28T02:09:32.579563] [INFO] Подключение к базе данных: C:\Users\Vaan\Desktop\qkd_encryption_system\server_user_1\databases\user_1_db.db
[2025-11-28T02:09:33.576657] [INFO] DEBUG: Получение тестовых сообщений для получателя: server_2
[2025-11-28T02:09:33.576657] [INFO] Подключение к базе данных: C:\Users\Vaan\Desktop\qkd_encryption_system\server_user_2\databases\user_2_db.db
[2025-11-28T02:09:33.577623] [INFO] DEBUG: Найдено сообщений в БД: 1
[2025-11-28T02:09:33.577623] [INFO] DEBUG: Возвращено сообщений: 1
[2025-11-28T02:09:35.579222] [INFO] DEBUG: Получение тестовых сообщений для получателя: server_1
[2025-11-28T02:09:35.579222] [INFO] Подключение к базе данных: C:\Users\Vaan\Desktop\qkd_encryption_system\server_user_1\databases\user_1_db.db
[2025-11-28T02:09:36.585925] [INFO] DEBUG: Получение тестовых сообщений для получателя: server_2
[2025-11-28T02:09:36.586922] [INFO] Подключение к базе данных: C:\Users\Vaan\Desktop\qkd_encryption_system\server_user_2\databases\user_2_db.db
[2025-11-28T02:09:36.586922] [INFO] DEBUG: Найдено сообщений в БД: 1
[2025-11-28T02:09:36.587919] [INFO] DEBUG: Возвращено сообщений: 1
[2025-11-28T02:09:38.571995] [INFO] DEBUG: Получение тестовых сообщений для получателя: server_1
[2025-11-28T02:09:38.571995] [INFO] Подключение к базе данных: C:\Users\Vaan\Desktop\qkd_encryption_system\server_user_1\databases\user_1_db.db
[2025-11-28T02:09:38.786816] [INFO] Подключение к базе данных: C:\Users\Vaan\Desktop\qkd_encryption_system\server_user_1\databases\user_1_db.db
[2025-11-28T02:09:38.791298] [INFO] Получено тестовое сообщение от Max для server_1: Привет
[2025-11-28T02:09:38.792295] [INFO] Подключение к базе данных: C:\Users\Vaan\Desktop\qkd_encryption_system\server_user_2\databases\user_2_db.db
[2025-11-28T02:09:38.797335] [INFO] Сохранено отправленное сообщение от Max для server_1: Привет
[2025-11-28T02:09:39.582017] [INFO] DEBUG: Получение тестовых сообщений для получателя: server_2
[2025-11-28T02:09:39.583047] [INFO] Подключение к базе данных: C:\Users\Vaan\Desktop\qkd_encryption_system\server_user_2\databases\user_2_db.db
[2025-11-28T02:09:39.583047] [INFO] DEBUG: Найдено сообщений в БД: 1
[2025-11-28T02:09:39.584043] [INFO] DEBUG: Возвращено сообщений: 1
[2025-11-28T02:09:41.449449] [INFO] DEBUG: Получение тестовых сообщений для получателя: server_1
[2025-11-28T02:09:41.450446] [INFO] Подключение к базе данных: C:\Users\Vaan\Desktop\qkd_encryption_system\server_user_1\databases\user_1_db.db
[2025-11-28T02:09:43.919171] [INFO] DEBUG: Получение тестовых сообщений для получателя: server_2
[2025-11-28T02:09:43.920168] [INFO] Подключение к базе данных: C:\Users\Vaan\Desktop\qkd_encryption_system\server_user_2\databases\user_2_db.db
[2025-11-28T02:09:43.922162] [INFO] DEBUG: Найдено сообщений в БД: 1
[2025-11-28T02:09:43.924157] [INFO] DEBUG: Возвращено сообщений: 1
[2025-11-28T02:09:44.448549] [INFO] DEBUG: Получение тестовых сообщений для получателя: server_1
[2025-11-28T02:09:44.449547] [INFO] Подключение к базе данных: C:\Users\Vaan\Desktop\qkd_encryption_system\server_user_1\databases\user_1_db.db
[2025-11-28T02:09:46.578109] [INFO] DEBUG: Получение тестовых сообщений для получателя: server_2
[2025-11-28T02:09:46.579107] [INFO] Подключение к базе данных: C:\Users\Vaan\Desktop\qkd_encryption_system\server_user_2\databases\user_2_db.db
[2025-11-28T02:09:46.581123] [INFO] DEBUG: Найдено сообщений в БД: 1
[2025-11-28T02:09:46.581123] [INFO] DEBUG: Возвращено сообщений: 1
[2025-11-28T02:09:47.450296] [INFO] DEBUG: Получение тестовых сообщений для получателя: server_1
[2025-11-28T02:09:47.451293] [INFO] Подключение к базе данных: C:\Users\Vaan\Desktop\qkd_encryption_system\server_user_1\databases\user_1_db.db
[2025-11-28T02:09:49.573981] [INFO] DEBUG: Получение тестовых сообщений для получателя: server_2
[2025-11-28T02:09:49.573981] [INFO] Подключение к базе данных: C:\Users\Vaan\Desktop\qkd_encryption_system\server_user_2\databases\user_2_db.db
[2025-11-28T02:09:49.574978] [INFO] DEBUG: Найдено сообщений в БД: 1
[2025-11-28T02:09:49.575999] [INFO] DEBUG: Возвращено сообщений: 1
[2025-11-28T02:09:50.453773] [INFO] DEBUG: Получение тестовых сообщений для получателя: server_1
[2025-11-28T02:09:50.454751] [INFO] Подключение к базе данных: C:\Users\Vaan\Desktop\qkd_encryption_system\server_user_1\databases\user_1_db.db
[2025-11-28T02:09:52.575454] [INFO] DEBUG: Получение тестовых сообщений для получателя: server_2
[2025-11-28T02:09:52.575454] [INFO] Подключение к базе данных: C:\Users\Vaan\Desktop\qkd_encryption_system\server_user_2\databases\user_2_db.db
[2025-11-28T02:09:52.576449] [INFO] DEBUG: Найдено сообщений в БД: 1
[2025-11-28T02:09:52.576449] [INFO] DEBUG: Возвращено сообщений: 1
[2025-11-28T02:09:53.438689] [INFO] DEBUG: Получение тестовых сообщений для получателя: server_1
[2025-11-28T02:09:53.439725] [INFO] Подключение к базе данных: C:\Users\Vaan\Desktop\qkd_encryption_system\server_user_1\databases\user_1_db.db
[2025-11-28T02:09:55.569855] [INFO] DEBUG: Получение тестовых сообщений для получателя: server_2
[2025-11-28T02:09:55.569855] [INFO] Подключение к базе данных: C:\Users\Vaan\Desktop\qkd_encryption_system\server_user_2\databases\user_2_db.db
[2025-11-28T02:09:55.570854] [INFO] DEBUG: Найдено сообщений в БД: 1
[2025-11-28T02:09:55.570854] [INFO] DEBUG: Возвращено сообщений: 1
[2025-11-28T02:09:56.439749] [INFO] DEBUG: Получение тестовых сообщений для получателя: server_1
[2025-11-28T02:09:56.440780] [INFO] Подключение к базе данных: C:\Users\Vaan\Desktop\qkd_encryption_system\server_user_1\databases\user_1_db.db
[2025-11-28T02:09:58.567997] [INFO] DEBUG: Получение тестовых сообщений для получателя: server_2
[2025-11-28T02:09:58.569010] [INFO] Подключение к базе данных: C:\Users\Vaan\Desktop\qkd_encryption_system\server_user_2\databases\user_2_db.db
[2025-11-28T02:09:58.569993] [INFO] DEBUG: Найдено сообщений в БД: 1
[2025-11-28T02:09:58.569993] [INFO] DEBUG: Возвращено сообщений: 1
[2025-11-28T02:09:59.460955] [INFO] DEBUG: Получение тестовых сообщений для получателя: server_1
[2025-11-28T02:09:59.460955] [INFO] Подключение к базе данных: C:\Users\Vaan\Desktop\qkd_encryption_system\server_user_1\databases\user_1_db.db
[2025-11-28T02:10:01.578971] [INFO] DEBUG: Получение тестовых сообщений для получателя: server_2
[2025-11-28T02:10:01.578971] [INFO] Подключение к базе данных: C:\Users\Vaan\Desktop\qkd_encryption_system\server_user_2\databases\user_2_db.db
[2025-11-28T02:10:01.581001] [INFO] DEBUG: Найдено сообщений в БД: 1
[2025-11-28T02:10:01.581001] [INFO] DEBUG: Возвращено сообщений: 1
[2025-11-28T02:10:02.448788] [INFO] DEBUG: Получение тестовых сообщений для получателя: server_1
[2025-11-28T02:10:02.448788] [INFO] Подключение к базе данных: C:\Users\Vaan\Desktop\qkd_encryption_system\server_user_1\databases\user_1_db.db
[2025-11-28T02:10:04.563258] [INFO] DEBUG: Получение тестовых сообщений для получателя: server_2
[2025-11-28T02:10:04.564253] [INFO] Подключение к базе данных: C:\Users\Vaan\Desktop\qkd_encryption_system\server_user_2\databases\user_2_db.db
[2025-11-28T02:10:04.564253] [INFO] DEBUG: Найдено сообщений в БД: 1
[2025-11-28T02:10:04.565249] [INFO] DEBUG: Возвращено сообщений: 1
[2025-11-28T02:10:05.446362] [INFO] DEBUG: Получение тестовых сообщений для получателя: server_1
[2025-11-28T02:10:05.447663] [INFO] Подключение к базе данных: C:\Users\Vaan\Desktop\qkd_encryption_system\server_user_1\databases\user_1_db.db
[2025-11-28T02:10:06.576566] [INFO] DEBUG: Получение тестовых сообщений для получателя: server_2
[2025-11-28T02:10:06.576566] [INFO] Подключение к базе данных: C:\Users\Vaan\Desktop\qkd_encryption_system\server_user_2\databases\user_2_db.db
[2025-11-28T02:10:06.577537] [INFO] DEBUG: Найдено сообщений в БД: 1
[2025-11-28T02:10:06.578534] [INFO] DEBUG: Возвращено сообщений: 1
[2025-11-28T02:10:07.442336] [INFO] DEBUG: Получение тестовых сообщений для получателя: server_1
[2025-11-28T02:10:07.443566] [INFO] Подключение к базе данных: C:\Users\Vaan\Desktop\qkd_encryption_system\server_user_1\databases\user_1_db.db
[2025-11-28T02:10:08.725751] [INFO] DEBUG: Получение тестовых сообщений для получателя: server_1
[2025-11-28T02:10:08.725751] [INFO] Подключение к базе данных: C:\Users\Vaan\Desktop\qkd_encryption_system\server_user_1\databases\user_1_db.db
[2025-11-28T02:10:10.578518] [INFO] DEBUG: Получение тестовых сообщений для получателя: server_2
[2025-11-28T02:10:10.578518] [INFO] Подключение к базе данных: C:\Users\Vaan\Desktop\qkd_encryption_system\server_user_2\databases\user_2_db.db
[2025-11-28T02:10:10.580514] [INFO] DEBUG: Найдено сообщений в БД: 1
[2025-11-28T02:10:10.580514] [INFO] DEBUG: Возвращено сообщений: 1
[2025-11-28T02:10:11.448614] [INFO] DEBUG: Получение тестовых сообщений для получателя: server_1
[2025-11-28T02:10:11.449624] [INFO] Подключение к базе данных: C:\Users\Vaan\Desktop\qkd_encryption_system\server_user_1\databases\user_1_db.db
[2025-11-28T02:10:13.574125] [INFO] DEBUG: Получение тестовых сообщений для получателя: server_2
[2025-11-28T02:10:13.575153] [INFO] Подключение к базе данных: C:\Users\Vaan\Desktop\qkd_encryption_system\server_user_2\databases\user_2_db.db
[2025-11-28T02:10:13.576149] [INFO] DEBUG: Найдено сообщений в БД: 1
[2025-11-28T02:10:13.576149] [INFO] DEBUG: Возвращено сообщений: 1
[2025-11-28T02:10:14.456679] [INFO] DEBUG: Получение тестовых сообщений для получателя: server_1
[2025-11-28T02:10:14.457677] [INFO] Подключение к базе данных: C:\Users\Vaan\Desktop\qkd_encryption_system\server_user_1\databases\user_1_db.db
[2025-11-28T02:10:16.576425] [INFO] DEBUG: Получение тестовых сообщений для получателя: server_2
[2025-11-28T02:10:16.577424] [INFO] Подключение к базе данных: C:\Users\Vaan\Desktop\qkd_encryption_system\server_user_2\databases\user_2_db.db
[2025-11-28T02:10:16.579386] [INFO] DEBUG: Найдено сообщений в БД: 1
[2025-11-28T02:10:16.579386] [INFO] DEBUG: Возвращено сообщений: 1
[2025-11-28T02:10:17.444525] [INFO] DEBUG: Получение тестовых сообщений для получателя: server_1
[2025-11-28T02:10:17.445522] [INFO] Подключение к базе данных: C:\Users\Vaan\Desktop\qkd_encryption_system\server_user_1\databases\user_1_db.db
[2025-11-28T02:10:19.566892] [INFO] DEBUG: Получение тестовых сообщений для получателя: server_2
[2025-11-28T02:10:19.567892] [INFO] Подключение к базе данных: C:\Users\Vaan\Desktop\qkd_encryption_system\server_user_2\databases\user_2_db.db
[2025-11-28T02:10:19.567892] [INFO] DEBUG: Найдено сообщений в БД: 1
[2025-11-28T02:10:19.568888] [INFO] DEBUG: Возвращено сообщений: 1
[2025-11-28T02:10:20.438029] [INFO] DEBUG: Получение тестовых сообщений для получателя: server_1
[2025-11-28T02:10:20.439029] [INFO] Подключение к базе данных: C:\Users\Vaan\Desktop\qkd_encryption_system\server_user_1\databases\user_1_db.db
[2025-11-28T02:10:20.785827] [INFO] Подключение к базе данных: C:\Users\Vaan\Desktop\qkd_encryption_system\server_user_2\databases\user_2_db.db
[2025-11-28T02:10:20.795128] [INFO] Получено тестовое сообщение от hisoka для server_2: Мухич хуесос
[2025-11-28T02:10:20.796129] [INFO] Подключение к базе данных: C:\Users\Vaan\Desktop\qkd_encryption_system\server_user_1\databases\user_1_db.db
[2025-11-28T02:10:20.801207] [INFO] Сохранено отправленное сообщение от hisoka для server_2: Мухич хуесос
[2025-11-28T02:10:21.581984] [INFO] DEBUG: Получение тестовых сообщений для получателя: server_2
[2025-11-28T02:10:21.582981] [INFO] Подключение к базе данных: C:\Users\Vaan\Desktop\qkd_encryption_system\server_user_2\databases\user_2_db.db
[2025-11-28T02:10:21.583978] [INFO] DEBUG: Найдено сообщений в БД: 2
[2025-11-28T02:10:21.583978] [INFO] DEBUG: Возвращено сообщений: 2
[2025-11-28T02:10:23.573450] [INFO] DEBUG: Получение тестовых сообщений для получателя: server_1
[2025-11-28T02:10:23.574445] [INFO] Подключение к базе данных: C:\Users\Vaan\Desktop\qkd_encryption_system\server_user_1\databases\user_1_db.db
[2025-11-28T02:10:24.579294] [INFO] DEBUG: Получение тестовых сообщений для получателя: server_2
[2025-11-28T02:10:24.580323] [INFO] Подключение к базе данных: C:\Users\Vaan\Desktop\qkd_encryption_system\server_user_2\databases\user_2_db.db
[2025-11-28T02:10:24.581321] [INFO] DEBUG: Найдено сообщений в БД: 2
[2025-11-28T02:10:24.581321] [INFO] DEBUG: Возвращено сообщений: 2
[2025-11-28T02:10:26.569689] [INFO] DEBUG: Получение тестовых сообщений для получателя: server_1
[2025-11-28T02:10:26.570699] [INFO] Подключение к базе данных: C:\Users\Vaan\Desktop\qkd_encryption_system\server_user_1\databases\user_1_db.db
[2025-11-28T02:10:27.364891] [INFO] Подключение к базе данных: C:\Users\Vaan\Desktop\qkd_encryption_system\server_user_1\databases\user_1_db.db
[2025-11-28T02:10:27.369925] [INFO] Получено тестовое сообщение от Max для server_1: Согласен
[2025-11-28T02:10:27.370927] [INFO] Подключение к базе данных: C:\Users\Vaan\Desktop\qkd_encryption_system\server_user_2\databases\user_2_db.db
[2025-11-28T02:10:27.375993] [INFO] Сохранено отправленное сообщение от Max для server_1: Согласен
[2025-11-28T02:10:27.581925] [INFO] DEBUG: Получение тестовых сообщений для получателя: server_2
[2025-11-28T02:10:27.581925] [INFO] Подключение к базе данных: C:\Users\Vaan\Desktop\qkd_encryption_system\server_user_2\databases\user_2_db.db
[2025-11-28T02:10:27.582921] [INFO] DEBUG: Найдено сообщений в БД: 2
[2025-11-28T02:10:27.582921] [INFO] DEBUG: Возвращено сообщений: 2
[2025-11-28T02:10:29.767561] [INFO] DEBUG: Получение тестовых сообщений для получателя: server_1
[2025-11-28T02:10:29.768560] [INFO] Подключение к базе данных: C:\Users\Vaan\Desktop\qkd_encryption_system\server_user_1\databases\user_1_db.db
[2025-11-28T02:10:31.572138] [INFO] DEBUG: Получение тестовых сообщений для получателя: server_2
[2025-11-28T02:10:31.572138] [INFO] Подключение к базе данных: C:\Users\Vaan\Desktop\qkd_encryption_system\server_user_2\databases\user_2_db.db
[2025-11-28T02:10:31.573134] [INFO] DEBUG: Найдено сообщений в БД: 2
[2025-11-28T02:10:31.574132] [INFO] DEBUG: Возвращено сообщений: 2
[2025-11-28T02:10:32.439482] [INFO] DEBUG: Получение тестовых сообщений для получателя: server_1
[2025-11-28T02:10:32.440479] [INFO] Подключение к базе данных: C:\Users\Vaan\Desktop\qkd_encryption_system\server_user_1\databases\user_1_db.db
[2025-11-28T02:10:34.574311] [INFO] DEBUG: Получение тестовых сообщений для получателя: server_2
[2025-11-28T02:10:34.574311] [INFO] Подключение к базе данных: C:\Users\Vaan\Desktop\qkd_encryption_system\server_user_2\databases\user_2_db.db
[2025-11-28T02:10:34.575330] [INFO] DEBUG: Найдено сообщений в БД: 2
[2025-11-28T02:10:34.575330] [INFO] DEBUG: Возвращено сообщений: 2
[2025-11-28T02:10:35.438589] [INFO] DEBUG: Получение тестовых сообщений для получателя: server_1
[2025-11-28T02:10:35.439589] [INFO] Подключение к базе данных: C:\Users\Vaan\Desktop\qkd_encryption_system\server_user_1\databases\user_1_db.db
[2025-11-28T02:10:36.577107] [INFO] DEBUG: Получение тестовых сообщений для получателя: server_2
[2025-11-28T02:10:36.577723] [INFO] Подключение к базе данных: C:\Users\Vaan\Desktop\qkd_encryption_system\server_user_2\databases\user_2_db.db
[2025-11-28T02:10:36.577723] [INFO] DEBUG: Найдено сообщений в БД: 2
[2025-11-28T02:10:36.578720] [INFO] DEBUG: Возвращено сообщений: 2
[2025-11-28T02:10:38.447933] [INFO] DEBUG: Получение тестовых сообщений для получателя: server_1
[2025-11-28T02:10:38.448931] [INFO] Подключение к базе данных: C:\Users\Vaan\Desktop\qkd_encryption_system\server_user_1\databases\user_1_db.db
[2025-11-28T02:10:40.575896] [INFO] DEBUG: Получение тестовых сообщений для получателя: server_2
[2025-11-28T02:10:40.575896] [INFO] Подключение к базе данных: C:\Users\Vaan\Desktop\qkd_encryption_system\server_user_2\databases\user_2_db.db
[2025-11-28T02:10:40.577859] [INFO] DEBUG: Найдено сообщений в БД: 2
[2025-11-28T02:10:40.577859] [INFO] DEBUG: Возвращено сообщений: 2
[2025-11-28T02:10:41.447564] [INFO] DEBUG: Получение тестовых сообщений для получателя: server_1
[2025-11-28T02:10:41.448576] [INFO] Подключение к базе данных: C:\Users\Vaan\Desktop\qkd_encryption_system\server_user_1\databases\user_1_db.db
[2025-11-28T02:10:43.573019] [INFO] DEBUG: Получение тестовых сообщений для получателя: server_2
[2025-11-28T02:10:43.574049] [INFO] Подключение к базе данных: C:\Users\Vaan\Desktop\qkd_encryption_system\server_user_2\databases\user_2_db.db
[2025-11-28T02:10:43.575033] [INFO] DEBUG: Найдено сообщений в БД: 2
[2025-11-28T02:10:43.575033] [INFO] DEBUG: Возвращено сообщений: 2
[2025-11-28T02:10:44.515042] [INFO] DEBUG: Получение тестовых сообщений для получателя: server_1
[2025-11-28T02:10:44.516039] [INFO] Подключение к базе данных: C:\Users\Vaan\Desktop\qkd_encryption_system\server_user_1\databases\user_1_db.db
[2025-11-28T02:10:46.578272] [INFO] DEBUG: Получение тестовых сообщений для получателя: server_2
[2025-11-28T02:10:46.579269] [INFO] Подключение к базе данных: C:\Users\Vaan\Desktop\qkd_encryption_system\server_user_2\databases\user_2_db.db
[2025-11-28T02:10:46.581268] [INFO] DEBUG: Найдено сообщений в БД: 2
[2025-11-28T02:10:46.581268] [INFO] DEBUG: Возвращено сообщений: 2
[2025-11-28T02:10:47.449004] [INFO] DEBUG: Получение тестовых сообщений для получателя: server_1
[2025-11-28T02:10:47.450013] [INFO] Подключение к базе данных: C:\Users\Vaan\Desktop\qkd_encryption_system\server_user_1\databases\user_1_db.db
[2025-11-28T02:10:49.576948] [INFO] DEBUG: Получение тестовых сообщений для получателя: server_2
[2025-11-28T02:10:49.576948] [INFO] Подключение к базе данных: C:\Users\Vaan\Desktop\qkd_encryption_system\server_user_2\databases\user_2_db.db
[2025-11-28T02:10:49.577914] [INFO] DEBUG: Найдено сообщений в БД: 2
[2025-11-28T02:10:49.577914] [INFO] DEBUG: Возвращено сообщений: 2
[2025-11-28T02:10:50.443819] [INFO] DEBUG: Получение тестовых сообщений для получателя: server_1
[2025-11-28T02:10:50.443819] [INFO] Подключение к базе данных: C:\Users\Vaan\Desktop\qkd_encryption_system\server_user_1\databases\user_1_db.db
[2025-11-28T02:10:51.575045] [INFO] DEBUG: Получение тестовых сообщений для получателя: server_2
[2025-11-28T02:10:51.576044] [INFO] Подключение к базе данных: C:\Users\Vaan\Desktop\qkd_encryption_system\server_user_2\databases\user_2_db.db
[2025-11-28T02:10:51.578213] [INFO] DEBUG: Найдено сообщений в БД: 2
[2025-11-28T02:10:51.578213] [INFO] DEBUG: Возвращено сообщений: 2
[2025-11-28T02:10:53.441980] [INFO] DEBUG: Получение тестовых сообщений для получателя: server_1
[2025-11-28T02:10:53.442980] [INFO] Подключение к базе данных: C:\Users\Vaan\Desktop\qkd_encryption_system\server_user_1\databases\user_1_db.db
[2025-11-28T02:10:55.570916] [INFO] DEBUG: Получение тестовых сообщений для получателя: server_2
[2025-11-28T02:10:55.572139] [INFO] Подключение к базе данных: C:\Users\Vaan\Desktop\qkd_encryption_system\server_user_2\databases\user_2_db.db
[2025-11-28T02:10:55.572913] [INFO] DEBUG: Найдено сообщений в БД: 2
[2025-11-28T02:10:55.573910] [INFO] DEBUG: Возвращено сообщений: 2
[2025-11-28T02:10:56.441665] [INFO] DEBUG: Получение тестовых сообщений для получателя: server_1
[2025-11-28T02:10:56.441665] [INFO] Подключение к базе данных: C:\Users\Vaan\Desktop\qkd_encryption_system\server_user_1\databases\user_1_db.db
[2025-11-28T02:10:58.568521] [INFO] DEBUG: Получение тестовых сообщений для получателя: server_2
[2025-11-28T02:10:58.569520] [INFO] Подключение к базе данных: C:\Users\Vaan\Desktop\qkd_encryption_system\server_user_2\databases\user_2_db.db
[2025-11-28T02:10:58.569520] [INFO] DEBUG: Найдено сообщений в БД: 2
[2025-11-28T02:10:58.570600] [INFO] DEBUG: Возвращено сообщений: 2
[2025-11-28T02:10:59.540588] [INFO] DEBUG: Получение тестовых сообщений для получателя: server_1
[2025-11-28T02:10:59.540588] [INFO] Подключение к базе данных: C:\Users\Vaan\Desktop\qkd_encryption_system\server_user_1\databases\user_1_db.db
[2025-11-28T02:11:01.567548] [INFO] DEBUG: Получение тестовых сообщений для получателя: server_2
[2025-11-28T02:11:01.568545] [INFO] Подключение к базе данных: C:\Users\Vaan\Desktop\qkd_encryption_system\server_user_2\databases\user_2_db.db
[2025-11-28T02:11:01.569544] [INFO] DEBUG: Найдено сообщений в БД: 2
[2025-11-28T02:11:01.570539] [INFO] DEBUG: Возвращено сообщений: 2
[2025-11-28T02:11:02.442940] [INFO] DEBUG: Получение тестовых сообщений для получателя: server_1
[2025-11-28T02:11:02.443983] [INFO] Подключение к базе данных: C:\Users\Vaan\Desktop\qkd_encryption_system\server_user_1\databases\user_1_db.db
[2025-11-28T02:11:04.571904] [INFO] DEBUG: Получение тестовых сообщений для получателя: server_2
[2025-11-28T02:11:04.571904] [INFO] Подключение к базе данных: C:\Users\Vaan\Desktop\qkd_encryption_system\server_user_2\databases\user_2_db.db
[2025-11-28T02:11:04.572903] [INFO] DEBUG: Найдено сообщений в БД: 2
[2025-11-28T02:11:04.572903] [INFO] DEBUG: Возвращено сообщений: 2
[2025-11-28T02:11:05.440976] [INFO] DEBUG: Получение тестовых сообщений для получателя: server_1
[2025-11-28T02:11:05.440976] [INFO] Подключение к базе данных: C:\Users\Vaan\Desktop\qkd_encryption_system\server_user_1\databases\user_1_db.db
[2025-11-28T02:11:06.577854] [INFO] DEBUG: Получение тестовых сообщений для получателя: server_2
[2025-11-28T02:11:06.577854] [INFO] Подключение к базе данных: C:\Users\Vaan\Desktop\qkd_encryption_system\server_user_2\databases\user_2_db.db
[2025-11-28T02:11:06.579851] [INFO] DEBUG: Найдено сообщений в БД: 2
[2025-11-28T02:11:06.580854] [INFO] DEBUG: Возвращено сообщений: 2
[2025-11-28T02:11:07.440775] [INFO] DEBUG: Получение тестовых сообщений для получателя: server_1
[2025-11-28T02:11:07.440775] [INFO] Подключение к базе данных: C:\Users\Vaan\Desktop\qkd_encryption_system\server_user_1\databases\user_1_db.db
[2025-11-28T02:11:10.575742] [INFO] DEBUG: Получение тестовых сообщений для получателя: server_2
[2025-11-28T02:11:10.575742] [INFO] Подключение к базе данных: C:\Users\Vaan\Desktop\qkd_encryption_system\server_user_2\databases\user_2_db.db
[2025-11-28T02:11:10.577746] [INFO] DEBUG: Найдено сообщений в БД: 2
[2025-11-28T02:11:10.577746] [INFO] DEBUG: Возвращено сообщений: 2
[2025-11-28T02:11:12.449447] [INFO] DEBUG: Получение тестовых сообщений для получателя: server_1
[2025-11-28T02:11:12.450444] [INFO] Подключение к базе данных: C:\Users\Vaan\Desktop\qkd_encryption_system\server_user_1\databases\user_1_db.db
[2025-11-28T02:11:13.563993] [INFO] DEBUG: Получение тестовых сообщений для получателя: server_2
[2025-11-28T02:11:13.563993] [INFO] Подключение к базе данных: C:\Users\Vaan\Desktop\qkd_encryption_system\server_user_2\databases\user_2_db.db
[2025-11-28T02:11:13.564992] [INFO] DEBUG: Найдено сообщений в БД: 2
[2025-11-28T02:11:13.564992] [INFO] DEBUG: Возвращено сообщений: 2
[2025-11-28T02:11:16.571407] [INFO] DEBUG: Получение тестовых сообщений для получателя: server_2
[2025-11-28T02:11:16.572461] [INFO] Подключение к базе данных: C:\Users\Vaan\Desktop\qkd_encryption_system\server_user_2\databases\user_2_db.db
[2025-11-28T02:11:16.573461] [INFO] DEBUG: Найдено сообщений в БД: 2
[2025-11-28T02:11:16.574476] [INFO] DEBUG: Возвращено сообщений: 2
[2025-11-28T02:11:17.445601] [INFO] DEBUG: Получение тестовых сообщений для получателя: server_1
[2025-11-28T02:11:17.445601] [INFO] Подключение к базе данных: C:\Users\Vaan\Desktop\qkd_encryption_system\server_user_1\databases\user_1_db.db
[2025-11-28T02:11:19.564947] [INFO] DEBUG: Получение тестовых сообщений для получателя: server_2
[2025-11-28T02:11:19.565946] [INFO] Подключение к базе данных: C:\Users\Vaan\Desktop\qkd_encryption_system\server_user_2\databases\user_2_db.db
[2025-11-28T02:11:19.566943] [INFO] DEBUG: Найдено сообщений в БД: 2
[2025-11-28T02:11:19.566943] [INFO] DEBUG: Возвращено сообщений: 2
[2025-11-28T02:11:22.451701] [INFO] DEBUG: Получение тестовых сообщений для получателя: server_1
[2025-11-28T02:11:22.452664] [INFO] Подключение к базе данных: C:\Users\Vaan\Desktop\qkd_encryption_system\server_user_1\databases\user_1_db.db
[2025-11-28T02:11:22.574791] [INFO] DEBUG: Получение тестовых сообщений для получателя: server_2
[2025-11-28T02:11:22.574791] [INFO] Подключение к базе данных: C:\Users\Vaan\Desktop\qkd_encryption_system\server_user_2\databases\user_2_db.db
[2025-11-28T02:11:22.575788] [INFO] DEBUG: Найдено сообщений в БД: 2
[2025-11-28T02:11:22.575788] [INFO] DEBUG: Возвращено сообщений: 2
[2025-11-28T02:11:25.570539] [INFO] DEBUG: Получение тестовых сообщений для получателя: server_2
[2025-11-28T02:11:25.570539] [INFO] Подключение к базе данных: C:\Users\Vaan\Desktop\qkd_encryption_system\server_user_2\databases\user_2_db.db
[2025-11-28T02:11:25.571541] [INFO] DEBUG: Найдено сообщений в БД: 2
[2025-11-28T02:11:25.572540] [INFO] DEBUG: Возвращено сообщений: 2
[2025-11-28T02:11:27.447072] [INFO] DEBUG: Получение тестовых сообщений для получателя: server_1
[2025-11-28T02:11:27.447072] [INFO] Подключение к базе данных: C:\Users\Vaan\Desktop\qkd_encryption_system\server_user_1\databases\user_1_db.db
[2025-11-28T02:11:32.439599] [INFO] DEBUG: Получение тестовых сообщений для получателя: server_1
[2025-11-28T02:11:32.439599] [INFO] Подключение к базе данных: C:\Users\Vaan\Desktop\qkd_encryption_system\server_user_1\databases\user_1_db.db
[2025-11-28T02:11:37.445539] [INFO] DEBUG: Получение тестовых сообщений для получателя: server_1
[2025-11-28T02:11:37.446534] [INFO] Подключение к базе данных: C:\Users\Vaan\Desktop\qkd_encryption_system\server_user_1\databases\user_1_db.db
[2025-11-28T02:11:42.451424] [INFO] DEBUG: Получение тестовых сообщений для получателя: server_1
[2025-11-28T02:11:42.451424] [INFO] Подключение к базе данных: C:\Users\Vaan\Desktop\qkd_encryption_system\server_user_1\databases\user_1_db.db
[2025-11-28T02:11:47.450609] [INFO] DEBUG: Получение тестовых сообщений для получателя: server_1
[2025-11-28T02:11:47.450609] [INFO] Подключение к базе данных: C:\Users\Vaan\Desktop\qkd_encryption_system\server_user_1\databases\user_1_db.db
[2025-11-28T02:11:52.451215] [INFO] DEBUG: Получение тестовых сообщений для получателя: server_1
[2025-11-28T02:11:52.452212] [INFO] Подключение к базе данных: C:\Users\Vaan\Desktop\qkd_encryption_system\server_user_1\databases\user_1_db.db
[2025-11-28T02:11:53.566367] [INFO] DEBUG: Получение тестовых сообщений для получателя: server_2
[2025-11-28T02:11:53.567364] [INFO] Подключение к базе данных: C:\Users\Vaan\Desktop\qkd_encryption_system\server_user_2\databases\user_2_db.db
[2025-11-28T02:11:53.568362] [INFO] DEBUG: Найдено сообщений в БД: 2
[2025-11-28T02:11:53.569360] [INFO] DEBUG: Возвращено сообщений: 2
[2025-11-28T02:11:57.446170] [INFO] DEBUG: Получение тестовых сообщений для получателя: server_1
[2025-11-28T02:11:57.446170] [INFO] Подключение к базе данных: C:\Users\Vaan\Desktop\qkd_encryption_system\server_user_1\databases\user_1_db.db
[2025-11-28T02:12:02.454496] [INFO] DEBUG: Получение тестовых сообщений для получателя: server_1
[2025-11-28T02:12:02.454496] [INFO] Подключение к базе данных: C:\Users\Vaan\Desktop\qkd_encryption_system\server_user_1\databases\user_1_db.db
[2025-11-28T02:12:07.439984] [INFO] DEBUG: Получение тестовых сообщений для получателя: server_1
[2025-11-28T02:12:07.439984] [INFO] Подключение к базе данных: C:\Users\Vaan\Desktop\qkd_encryption_system\server_user_1\databases\user_1_db.db
[2025-11-28T02:12:12.445439] [INFO] DEBUG: Получение тестовых сообщений для получателя: server_1
[2025-11-28T02:12:12.445439] [INFO] Подключение к базе данных: C:\Users\Vaan\Desktop\qkd_encryption_system\server_user_1\databases\user_1_db.db
[2025-11-28T02:12:17.448824] [INFO] DEBUG: Получение тестовых сообщений для получателя: server_1
[2025-11-28T02:12:17.448824] [INFO] Подключение к базе данных: C:\Users\Vaan\Desktop\qkd_encryption_system\server_user_1\databases\user_1_db.db
[2025-11-28T02:12:22.451288] [INFO] DEBUG: Получение тестовых сообщений для получателя: server_1
[2025-11-28T02:12:22.451288] [INFO] Подключение к базе данных: C:\Users\Vaan\Desktop\qkd_encryption_system\server_user_1\databases\user_1_db.db
[2025-11-28T02:12:27.439537] [INFO] DEBUG: Получение тестовых сообщений для получателя: server_1
[2025-11-28T02:12:27.439537] [INFO] Подключение к базе данных: C:\Users\Vaan\Desktop\qkd_encryption_system\server_user_1\databases\user_1_db.db
[2025-11-28T02:12:28.472133] [INFO] DEBUG: Получение тестовых сообщений для получателя: server_2
[2025-11-28T02:12:28.473131] [INFO] Подключение к базе данных: C:\Users\Vaan\Desktop\qkd_encryption_system\server_user_2\databases\user_2_db.db
[2025-11-28T02:12:28.475127] [INFO] DEBUG: Найдено сообщений в БД: 2
[2025-11-28T02:12:28.477123] [INFO] DEBUG: Возвращено сообщений: 2
[2025-11-28T02:12:31.576264] [INFO] DEBUG: Получение тестовых сообщений для получателя: server_2
[2025-11-28T02:12:31.576264] [INFO] Подключение к базе данных: C:\Users\Vaan\Desktop\qkd_encryption_system\server_user_2\databases\user_2_db.db
[2025-11-28T02:12:31.578232] [INFO] DEBUG: Найдено сообщений в БД: 2
[2025-11-28T02:12:31.578232] [INFO] DEBUG: Возвращено сообщений: 2
[2025-11-28T02:12:32.444294] [INFO] DEBUG: Получение тестовых сообщений для получателя: server_1
[2025-11-28T02:12:32.444294] [INFO] Подключение к базе данных: C:\Users\Vaan\Desktop\qkd_encryption_system\server_user_1\databases\user_1_db.db
[2025-11-28T02:12:34.569813] [INFO] DEBUG: Получение тестовых сообщений для получателя: server_2
[2025-11-28T02:12:34.570814] [INFO] Подключение к базе данных: C:\Users\Vaan\Desktop\qkd_encryption_system\server_user_2\databases\user_2_db.db
[2025-11-28T02:12:34.571886] [INFO] DEBUG: Найдено сообщений в БД: 2
[2025-11-28T02:12:34.571886] [INFO] DEBUG: Возвращено сообщений: 2
[2025-11-28T02:12:37.447045] [INFO] DEBUG: Получение тестовых сообщений для получателя: server_1
[2025-11-28T02:12:37.447045] [INFO] Подключение к базе данных: C:\Users\Vaan\Desktop\qkd_encryption_system\server_user_1\databases\user_1_db.db
[2025-11-28T02:12:37.569382] [INFO] DEBUG: Получение тестовых сообщений для получателя: server_2
[2025-11-28T02:12:37.569382] [INFO] Подключение к базе данных: C:\Users\Vaan\Desktop\qkd_encryption_system\server_user_2\databases\user_2_db.db
[2025-11-28T02:12:37.570378] [INFO] DEBUG: Найдено сообщений в БД: 2
[2025-11-28T02:12:37.570378] [INFO] DEBUG: Возвращено сообщений: 2
[2025-11-28T02:12:40.576005] [INFO] DEBUG: Получение тестовых сообщений для получателя: server_2
[2025-11-28T02:12:40.576005] [INFO] Подключение к базе данных: C:\Users\Vaan\Desktop\qkd_encryption_system\server_user_2\databases\user_2_db.db
[2025-11-28T02:12:40.577002] [INFO] DEBUG: Найдено сообщений в БД: 2
[2025-11-28T02:12:40.578011] [INFO] DEBUG: Возвращено сообщений: 2
[2025-11-28T02:12:42.449415] [INFO] DEBUG: Получение тестовых сообщений для получателя: server_1
[2025-11-28T02:12:42.449681] [INFO] Подключение к базе данных: C:\Users\Vaan\Desktop\qkd_encryption_system\server_user_1\databases\user_1_db.db
[2025-11-28T02:12:43.564545] [INFO] DEBUG: Получение тестовых сообщений для получателя: server_2
[2025-11-28T02:12:43.565285] [INFO] Подключение к базе данных: C:\Users\Vaan\Desktop\qkd_encryption_system\server_user_2\databases\user_2_db.db
[2025-11-28T02:12:43.565285] [INFO] DEBUG: Найдено сообщений в БД: 2
[2025-11-28T02:12:43.566285] [INFO] DEBUG: Возвращено сообщений: 2
[2025-11-28T02:12:45.683592] [INFO] Генерация тестовой последовательности. QBER: 6.0%
[2025-11-28T02:12:46.571802] [INFO] DEBUG: Получение тестовых сообщений для получателя: server_2
[2025-11-28T02:12:46.571802] [INFO] Подключение к базе данных: C:\Users\Vaan\Desktop\qkd_encryption_system\server_user_2\databases\user_2_db.db
[2025-11-28T02:12:46.573770] [INFO] DEBUG: Найдено сообщений в БД: 2
[2025-11-28T02:12:46.573770] [INFO] DEBUG: Возвращено сообщений: 2
[2025-11-28T02:12:47.439984] [INFO] DEBUG: Получение тестовых сообщений для получателя: server_1
[2025-11-28T02:12:47.439984] [INFO] Подключение к базе данных: C:\Users\Vaan\Desktop\qkd_encryption_system\server_user_1\databases\user_1_db.db
[2025-11-28T02:12:49.575985] [INFO] DEBUG: Получение тестовых сообщений для получателя: server_2
[2025-11-28T02:12:49.576983] [INFO] Подключение к базе данных: C:\Users\Vaan\Desktop\qkd_encryption_system\server_user_2\databases\user_2_db.db
[2025-11-28T02:12:49.576983] [INFO] DEBUG: Найдено сообщений в БД: 2
[2025-11-28T02:12:49.577980] [INFO] DEBUG: Возвращено сообщений: 2
[2025-11-28T02:12:51.577641] [INFO] DEBUG: Получение тестовых сообщений для получателя: server_2
[2025-11-28T02:12:51.578599] [INFO] Подключение к базе данных: C:\Users\Vaan\Desktop\qkd_encryption_system\server_user_2\databases\user_2_db.db
[2025-11-28T02:12:51.579629] [INFO] DEBUG: Найдено сообщений в БД: 2
[2025-11-28T02:12:51.579629] [INFO] DEBUG: Возвращено сообщений: 2
[2025-11-28T02:12:52.439981] [INFO] DEBUG: Получение тестовых сообщений для получателя: server_1
[2025-11-28T02:12:52.440977] [INFO] Подключение к базе данных: C:\Users\Vaan\Desktop\qkd_encryption_system\server_user_1\databases\user_1_db.db
[2025-11-28T02:12:55.567110] [INFO] DEBUG: Получение тестовых сообщений для получателя: server_2
[2025-11-28T02:12:55.568107] [INFO] Подключение к базе данных: C:\Users\Vaan\Desktop\qkd_encryption_system\server_user_2\databases\user_2_db.db
[2025-11-28T02:12:55.568107] [INFO] DEBUG: Найдено сообщений в БД: 2
[2025-11-28T02:12:55.569136] [INFO] DEBUG: Возвращено сообщений: 2
[2025-11-28T02:12:57.439941] [INFO] DEBUG: Получение тестовых сообщений для получателя: server_1
[2025-11-28T02:12:57.439941] [INFO] Подключение к базе данных: C:\Users\Vaan\Desktop\qkd_encryption_system\server_user_1\databases\user_1_db.db
[2025-11-28T02:12:58.568629] [INFO] DEBUG: Получение тестовых сообщений для получателя: server_2
[2025-11-28T02:12:58.568629] [INFO] Подключение к базе данных: C:\Users\Vaan\Desktop\qkd_encryption_system\server_user_2\databases\user_2_db.db
[2025-11-28T02:12:58.569625] [INFO] DEBUG: Найдено сообщений в БД: 2
[2025-11-28T02:12:58.569625] [INFO] DEBUG: Возвращено сообщений: 2
[2025-11-28T02:13:01.575848] [INFO] DEBUG: Получение тестовых сообщений для получателя: server_2
[2025-11-28T02:13:01.576846] [INFO] Подключение к базе данных: C:\Users\Vaan\Desktop\qkd_encryption_system\server_user_2\databases\user_2_db.db
[2025-11-28T02:13:01.577972] [INFO] DEBUG: Найдено сообщений в БД: 2
[2025-11-28T02:13:01.578987] [INFO] DEBUG: Возвращено сообщений: 2
[2025-11-28T02:13:02.446932] [INFO] DEBUG: Получение тестовых сообщений для получателя: server_1
[2025-11-28T02:13:02.446932] [INFO] Подключение к базе данных: C:\Users\Vaan\Desktop\qkd_encryption_system\server_user_1\databases\user_1_db.db
[2025-11-28T02:13:04.572759] [INFO] DEBUG: Получение тестовых сообщений для получателя: server_2
[2025-11-28T02:13:04.572759] [INFO] Подключение к базе данных: C:\Users\Vaan\Desktop\qkd_encryption_system\server_user_2\databases\user_2_db.db
[2025-11-28T02:13:04.573759] [INFO] DEBUG: Найдено сообщений в БД: 2
[2025-11-28T02:13:04.573759] [INFO] DEBUG: Возвращено сообщений: 2
[2025-11-28T02:13:07.451316] [INFO] DEBUG: Получение тестовых сообщений для получателя: server_1
[2025-11-28T02:13:07.451316] [INFO] Подключение к базе данных: C:\Users\Vaan\Desktop\qkd_encryption_system\server_user_1\databases\user_1_db.db
[2025-11-28T02:13:07.575738] [INFO] DEBUG: Получение тестовых сообщений для получателя: server_2
[2025-11-28T02:13:07.575738] [INFO] Подключение к базе данных: C:\Users\Vaan\Desktop\qkd_encryption_system\server_user_2\databases\user_2_db.db
[2025-11-28T02:13:07.576737] [INFO] DEBUG: Найдено сообщений в БД: 2
[2025-11-28T02:13:07.576737] [INFO] DEBUG: Возвращено сообщений: 2
[2025-11-28T02:13:10.165824] [INFO] DEBUG: Получение тестовых сообщений для получателя: server_2
[2025-11-28T02:13:10.165824] [INFO] Подключение к базе данных: C:\Users\Vaan\Desktop\qkd_encryption_system\server_user_2\databases\user_2_db.db
[2025-11-28T02:13:10.167818] [INFO] DEBUG: Найдено сообщений в БД: 2
[2025-11-28T02:13:10.167818] [INFO] DEBUG: Возвращено сообщений: 2
[2025-11-28T02:13:12.575618] [INFO] DEBUG: Получение тестовых сообщений для получателя: server_1
[2025-11-28T02:13:12.576617] [INFO] Подключение к базе данных: C:\Users\Vaan\Desktop\qkd_encryption_system\server_user_1\databases\user_1_db.db
[2025-11-28T02:13:15.583936] [INFO] DEBUG: Получение тестовых сообщений для получателя: server_2
[2025-11-28T02:13:15.584932] [INFO] Подключение к базе данных: C:\Users\Vaan\Desktop\qkd_encryption_system\server_user_2\databases\user_2_db.db
[2025-11-28T02:13:15.585931] [INFO] DEBUG: Найдено сообщений в БД: 2
[2025-11-28T02:13:15.585931] [INFO] DEBUG: Возвращено сообщений: 2
[2025-11-28T02:13:17.567620] [INFO] DEBUG: Получение тестовых сообщений для получателя: server_1
[2025-11-28T02:13:17.568616] [INFO] Подключение к базе данных: C:\Users\Vaan\Desktop\qkd_encryption_system\server_user_1\databases\user_1_db.db
[2025-11-28T02:13:20.585780] [INFO] DEBUG: Получение тестовых сообщений для получателя: server_2
[2025-11-28T02:13:20.585780] [INFO] Подключение к базе данных: C:\Users\Vaan\Desktop\qkd_encryption_system\server_user_2\databases\user_2_db.db
[2025-11-28T02:13:20.587802] [INFO] DEBUG: Найдено сообщений в БД: 2
[2025-11-28T02:13:20.588772] [INFO] DEBUG: Возвращено сообщений: 2
[2025-11-28T02:13:22.572631] [INFO] DEBUG: Получение тестовых сообщений для получателя: server_1
[2025-11-28T02:13:22.573632] [INFO] Подключение к базе данных: C:\Users\Vaan\Desktop\qkd_encryption_system\server_user_1\databases\user_1_db.db
[2025-11-28T02:13:25.587431] [INFO] DEBUG: Получение тестовых сообщений для получателя: server_2
[2025-11-28T02:13:25.587431] [INFO] Подключение к базе данных: C:\Users\Vaan\Desktop\qkd_encryption_system\server_user_2\databases\user_2_db.db
[2025-11-28T02:13:25.589433] [INFO] DEBUG: Найдено сообщений в БД: 2
[2025-11-28T02:13:25.590423] [INFO] DEBUG: Возвращено сообщений: 2
[2025-11-28T02:13:27.577468] [INFO] DEBUG: Получение тестовых сообщений для получателя: server_1
[2025-11-28T02:13:27.577468] [INFO] Подключение к базе данных: C:\Users\Vaan\Desktop\qkd_encryption_system\server_user_1\databases\user_1_db.db
[2025-11-28T02:13:30.584027] [INFO] DEBUG: Получение тестовых сообщений для получателя: server_2
[2025-11-28T02:13:30.584998] [INFO] Подключение к базе данных: C:\Users\Vaan\Desktop\qkd_encryption_system\server_user_2\databases\user_2_db.db
[2025-11-28T02:13:30.586003] [INFO] DEBUG: Найдено сообщений в БД: 2
[2025-11-28T02:13:30.586003] [INFO] DEBUG: Возвращено сообщений: 2
[2025-11-28T02:13:32.570591] [INFO] DEBUG: Получение тестовых сообщений для получателя: server_1
[2025-11-28T02:13:32.570591] [INFO] Подключение к базе данных: C:\Users\Vaan\Desktop\qkd_encryption_system\server_user_1\databases\user_1_db.db
[2025-11-28T02:13:36.578161] [INFO] DEBUG: Получение тестовых сообщений для получателя: server_2
[2025-11-28T02:13:36.579159] [INFO] Подключение к базе данных: C:\Users\Vaan\Desktop\qkd_encryption_system\server_user_2\databases\user_2_db.db
[2025-11-28T02:13:36.580156] [INFO] DEBUG: Найдено сообщений в БД: 2
[2025-11-28T02:13:36.581152] [INFO] DEBUG: Возвращено сообщений: 2
[2025-11-28T02:13:37.441556] [INFO] DEBUG: Получение тестовых сообщений для получателя: server_1
[2025-11-28T02:13:37.441556] [INFO] Подключение к базе данных: C:\Users\Vaan\Desktop\qkd_encryption_system\server_user_1\databases\user_1_db.db
[2025-11-28T02:13:41.574244] [INFO] DEBUG: Получение тестовых сообщений для получателя: server_2
[2025-11-28T02:13:41.575241] [INFO] Подключение к базе данных: C:\Users\Vaan\Desktop\qkd_encryption_system\server_user_2\databases\user_2_db.db
[2025-11-28T02:13:41.576239] [INFO] DEBUG: Найдено сообщений в БД: 2
[2025-11-28T02:13:41.576239] [INFO] DEBUG: Возвращено сообщений: 2
[2025-11-28T02:13:42.439775] [INFO] DEBUG: Получение тестовых сообщений для получателя: server_1
[2025-11-28T02:13:42.440771] [INFO] Подключение к базе данных: C:\Users\Vaan\Desktop\qkd_encryption_system\server_user_1\databases\user_1_db.db
[2025-11-28T02:13:46.568293] [INFO] DEBUG: Получение тестовых сообщений для получателя: server_2
[2025-11-28T02:13:46.569263] [INFO] Подключение к базе данных: C:\Users\Vaan\Desktop\qkd_encryption_system\server_user_2\databases\user_2_db.db
[2025-11-28T02:13:46.570260] [INFO] DEBUG: Найдено сообщений в БД: 2
[2025-11-28T02:13:46.571257] [INFO] DEBUG: Возвращено сообщений: 2
[2025-11-28T02:13:47.453501] [INFO] DEBUG: Получение тестовых сообщений для получателя: server_1
[2025-11-28T02:13:47.453501] [INFO] Подключение к базе данных: C:\Users\Vaan\Desktop\qkd_encryption_system\server_user_1\databases\user_1_db.db
[2025-11-28T02:13:51.568760] [INFO] DEBUG: Получение тестовых сообщений для получателя: server_2
[2025-11-28T02:13:51.568760] [INFO] Подключение к базе данных: C:\Users\Vaan\Desktop\qkd_encryption_system\server_user_2\databases\user_2_db.db
[2025-11-28T02:13:51.570766] [INFO] DEBUG: Найдено сообщений в БД: 2
[2025-11-28T02:13:51.570766] [INFO] DEBUG: Возвращено сообщений: 2
[2025-11-28T02:13:52.442400] [INFO] DEBUG: Получение тестовых сообщений для получателя: server_1
[2025-11-28T02:13:52.442400] [INFO] Подключение к базе данных: C:\Users\Vaan\Desktop\qkd_encryption_system\server_user_1\databases\user_1_db.db
[2025-11-28T02:13:55.575346] [INFO] DEBUG: Получение тестовых сообщений для получателя: server_2
[2025-11-28T02:13:55.576342] [INFO] Подключение к базе данных: C:\Users\Vaan\Desktop\qkd_encryption_system\server_user_2\databases\user_2_db.db
[2025-11-28T02:13:55.578338] [INFO] DEBUG: Найдено сообщений в БД: 2
[2025-11-28T02:13:55.578338] [INFO] DEBUG: Возвращено сообщений: 2
[2025-11-28T02:13:57.440396] [INFO] DEBUG: Получение тестовых сообщений для получателя: server_1
[2025-11-28T02:13:57.440396] [INFO] Подключение к базе данных: C:\Users\Vaan\Desktop\qkd_encryption_system\server_user_1\databases\user_1_db.db
[2025-11-28T02:13:59.260160] [DEBUG] Блок 1/1: исправлено 0 ошибок, время 1.5мс
[2025-11-28T02:13:59.261158] [INFO] Восстановление ключа testA_20251128021247: 100.0% блоков верифицировано, 0 ошибок исправлено, время 4.4мс, хэш совпадает
[2025-11-28T02:13:59.261158] [INFO] Подключение к базе данных: C:\Users\Vaan\Desktop\qkd_encryption_system\server_user_1\databases\user_1_db.db
[2025-11-28T02:13:59.287036] [INFO] Ключ key_testA_20251128021247 сохранён в защищённое хранилище
[2025-11-28T02:13:59.292023] [INFO] Ключ key_testA_20251128021247 сохранён в защищённое хранилище
[2025-11-28T02:13:59.319949] [DEBUG] Блок 1/1: исправлено 0 ошибок, время 0.9мс
[2025-11-28T02:13:59.320946] [INFO] Восстановление ключа testA_20251128021247: 100.0% блоков верифицировано, 0 ошибок исправлено, время 2.8мс, хэш совпадает
[2025-11-28T02:13:59.321944] [INFO] Подключение к базе данных: C:\Users\Vaan\Desktop\qkd_encryption_system\server_user_1\databases\user_1_db.db
[2025-11-28T02:13:59.332914] [INFO] Ключ key_testA_20251128021247 сохранён в защищённое хранилище
[2025-11-28T02:13:59.339895] [INFO] Ключ key_testA_20251128021247 сохранён в защищённое хранилище
[2025-11-28T02:14:01.313752] [INFO] Подключение к базе данных: C:\Users\Vaan\Desktop\qkd_encryption_system\server_user_2\databases\user_2_db.db
[2025-11-28T02:14:01.325973] [INFO] Ключ key_testA_20251128021247 сохранён в защищённое хранилище
[2025-11-28T02:14:01.330876] [INFO] Ключ key_testA_20251128021247 сохранён в защищённое хранилище
[2025-11-28T02:14:01.344841] [INFO] Подключение к базе данных: C:\Users\Vaan\Desktop\qkd_encryption_system\server_user_2\databases\user_2_db.db
[2025-11-28T02:14:01.350459] [INFO] Ключ key_testA_20251128021247 сохранён в защищённое хранилище
[2025-11-28T02:14:01.354451] [INFO] Ключ key_testA_20251128021247 сохранён в защищённое хранилище
[2025-11-28T02:14:01.565362] [INFO] DEBUG: Получение тестовых сообщений для получателя: server_2
[2025-11-28T02:14:01.566330] [INFO] Подключение к базе данных: C:\Users\Vaan\Desktop\qkd_encryption_system\server_user_2\databases\user_2_db.db
[2025-11-28T02:14:01.567327] [INFO] DEBUG: Найдено сообщений в БД: 2
[2025-11-28T02:14:01.568326] [INFO] DEBUG: Возвращено сообщений: 2
[2025-11-28T02:14:03.253866] [INFO] DEBUG: Получение тестовых сообщений для получателя: server_1
[2025-11-28T02:14:03.255871] [INFO] Подключение к базе данных: C:\Users\Vaan\Desktop\qkd_encryption_system\server_user_1\databases\user_1_db.db
[2025-11-28T02:14:04.262512] [INFO] Подключение к базе данных: C:\Users\Vaan\Desktop\qkd_encryption_system\server_user_1\databases\user_1_db.db
[2025-11-28T02:14:05.290294] [INFO] DEBUG: Получение тестовых сообщений для получателя: server_1
[2025-11-28T02:14:05.290294] [INFO] Подключение к базе данных: C:\Users\Vaan\Desktop\qkd_encryption_system\server_user_1\databases\user_1_db.db
[2025-11-28T02:14:06.574200] [INFO] DEBUG: Получение тестовых сообщений для получателя: server_2
[2025-11-28T02:14:06.575196] [INFO] Подключение к базе данных: C:\Users\Vaan\Desktop\qkd_encryption_system\server_user_2\databases\user_2_db.db
[2025-11-28T02:14:06.576195] [INFO] DEBUG: Найдено сообщений в БД: 2
[2025-11-28T02:14:06.577191] [INFO] DEBUG: Возвращено сообщений: 2
[2025-11-28T02:14:09.569680] [INFO] DEBUG: Получение тестовых сообщений для получателя: server_1
[2025-11-28T02:14:09.569680] [INFO] Подключение к базе данных: C:\Users\Vaan\Desktop\qkd_encryption_system\server_user_1\databases\user_1_db.db
[2025-11-28T02:14:10.576359] [INFO] DEBUG: Получение тестовых сообщений для получателя: server_2
[2025-11-28T02:14:10.576359] [INFO] Подключение к базе данных: C:\Users\Vaan\Desktop\qkd_encryption_system\server_user_2\databases\user_2_db.db
[2025-11-28T02:14:10.578355] [INFO] DEBUG: Найдено сообщений в БД: 2
[2025-11-28T02:14:10.578355] [INFO] DEBUG: Возвращено сообщений: 2
[2025-11-28T02:14:14.325208] [INFO] DEBUG: Получение тестовых сообщений для получателя: server_1
[2025-11-28T02:14:14.325208] [INFO] Подключение к базе данных: C:\Users\Vaan\Desktop\qkd_encryption_system\server_user_1\databases\user_1_db.db
[2025-11-28T02:14:15.818126] [INFO] DEBUG: Получение тестовых сообщений для получателя: server_2
[2025-11-28T02:14:15.819126] [INFO] Подключение к базе данных: C:\Users\Vaan\Desktop\qkd_encryption_system\server_user_2\databases\user_2_db.db
[2025-11-28T02:14:15.821119] [INFO] DEBUG: Найдено сообщений в БД: 2
[2025-11-28T02:14:15.821119] [INFO] DEBUG: Возвращено сообщений: 2
[2025-11-28T02:14:19.575179] [INFO] DEBUG: Получение тестовых сообщений для получателя: server_1
[2025-11-28T02:14:19.576176] [INFO] Подключение к базе данных: C:\Users\Vaan\Desktop\qkd_encryption_system\server_user_1\databases\user_1_db.db
[2025-11-28T02:14:20.574678] [INFO] DEBUG: Получение тестовых сообщений для получателя: server_2
[2025-11-28T02:14:20.574678] [INFO] Подключение к базе данных: C:\Users\Vaan\Desktop\qkd_encryption_system\server_user_2\databases\user_2_db.db
[2025-11-28T02:14:20.575643] [INFO] DEBUG: Найдено сообщений в БД: 2
[2025-11-28T02:14:20.577682] [INFO] DEBUG: Возвращено сообщений: 2
[2025-11-28T02:14:22.009168] [DEBUG] Блок 1/1: исправлено 0 ошибок, время 0.5мс
[2025-11-28T02:14:22.009168] [INFO] Восстановление ключа testB_20251128021247: 100.0% блоков верифицировано, 0 ошибок исправлено, время 1.4мс, хэш совпадает
[2025-11-28T02:14:22.009168] [INFO] Подключение к базе данных: C:\Users\Vaan\Desktop\qkd_encryption_system\server_user_2\databases\user_2_db.db
[2025-11-28T02:14:22.018301] [INFO] Ключ key_testB_20251128021247 сохранён в защищённое хранилище
[2025-11-28T02:14:22.023003] [INFO] Ключ key_testB_20251128021247 сохранён в защищённое хранилище
[2025-11-28T02:14:24.041162] [INFO] Подключение к базе данных: C:\Users\Vaan\Desktop\qkd_encryption_system\server_user_1\databases\user_1_db.db
[2025-11-28T02:14:24.050015] [INFO] Ключ key_testB_20251128021247 сохранён в защищённое хранилище
[2025-11-28T02:14:24.054503] [INFO] Ключ key_testB_20251128021247 сохранён в защищённое хранилище
[2025-11-28T02:14:24.576083] [INFO] DEBUG: Получение тестовых сообщений для получателя: server_1
[2025-11-28T02:14:24.576083] [INFO] Подключение к базе данных: C:\Users\Vaan\Desktop\qkd_encryption_system\server_user_1\databases\user_1_db.db
[2025-11-28T02:14:25.575077] [INFO] DEBUG: Получение тестовых сообщений для получателя: server_2
[2025-11-28T02:14:25.576075] [INFO] Подключение к базе данных: C:\Users\Vaan\Desktop\qkd_encryption_system\server_user_2\databases\user_2_db.db
[2025-11-28T02:14:25.577074] [INFO] DEBUG: Найдено сообщений в БД: 2
[2025-11-28T02:14:25.578070] [INFO] DEBUG: Возвращено сообщений: 2
[2025-11-28T02:14:26.121984] [INFO] Подключение к базе данных: C:\Users\Vaan\Desktop\qkd_encryption_system\server_user_2\databases\user_2_db.db
[2025-11-28T02:14:27.149103] [INFO] DEBUG: Получение тестовых сообщений для получателя: server_2
[2025-11-28T02:14:27.150101] [INFO] Подключение к базе данных: C:\Users\Vaan\Desktop\qkd_encryption_system\server_user_2\databases\user_2_db.db
[2025-11-28T02:14:27.151100] [INFO] DEBUG: Найдено сообщений в БД: 2
[2025-11-28T02:14:27.151100] [INFO] DEBUG: Возвращено сообщений: 2
[2025-11-28T02:14:29.435818] [INFO] DEBUG: Получение тестовых сообщений для получателя: server_1
[2025-11-28T02:14:29.438810] [INFO] Подключение к базе данных: C:\Users\Vaan\Desktop\qkd_encryption_system\server_user_1\databases\user_1_db.db
[2025-11-28T02:14:30.174529] [INFO] Подключение к базе данных: C:\Users\Vaan\Desktop\qkd_encryption_system\server_user_1\databases\user_1_db.db
[2025-11-28T02:14:31.221679] [INFO] DEBUG: Получение тестовых сообщений для получателя: server_1
[2025-11-28T02:14:31.221679] [INFO] Подключение к базе данных: C:\Users\Vaan\Desktop\qkd_encryption_system\server_user_1\databases\user_1_db.db
[2025-11-28T02:14:31.567026] [INFO] DEBUG: Получение тестовых сообщений для получателя: server_2
[2025-11-28T02:14:31.567026] [INFO] Подключение к базе данных: C:\Users\Vaan\Desktop\qkd_encryption_system\server_user_2\databases\user_2_db.db
[2025-11-28T02:14:31.568023] [INFO] DEBUG: Найдено сообщений в БД: 2
[2025-11-28T02:14:31.569021] [INFO] DEBUG: Возвращено сообщений: 2
[2025-11-28T02:14:35.214965] [INFO] DEBUG: Получение тестовых сообщений для получателя: server_1
[2025-11-28T02:14:35.214965] [INFO] Подключение к базе данных: C:\Users\Vaan\Desktop\qkd_encryption_system\server_user_1\databases\user_1_db.db
[2025-11-28T02:14:36.575798] [INFO] DEBUG: Получение тестовых сообщений для получателя: server_2
[2025-11-28T02:14:36.575798] [INFO] Подключение к базе данных: C:\Users\Vaan\Desktop\qkd_encryption_system\server_user_2\databases\user_2_db.db
[2025-11-28T02:14:36.576796] [INFO] DEBUG: Найдено сообщений в БД: 2
[2025-11-28T02:14:36.577792] [INFO] DEBUG: Возвращено сообщений: 2
[2025-11-28T02:14:40.215256] [INFO] DEBUG: Получение тестовых сообщений для получателя: server_1
[2025-11-28T02:14:40.216220] [INFO] Подключение к базе данных: C:\Users\Vaan\Desktop\qkd_encryption_system\server_user_1\databases\user_1_db.db
[2025-11-28T02:14:41.573248] [INFO] DEBUG: Получение тестовых сообщений для получателя: server_2
[2025-11-28T02:14:41.573248] [INFO] Подключение к базе данных: C:\Users\Vaan\Desktop\qkd_encryption_system\server_user_2\databases\user_2_db.db
[2025-11-28T02:14:41.575248] [INFO] DEBUG: Найдено сообщений в БД: 2
[2025-11-28T02:14:41.575248] [INFO] DEBUG: Возвращено сообщений: 2
[2025-11-28T02:14:45.568249] [INFO] DEBUG: Получение тестовых сообщений для получателя: server_1
[2025-11-28T02:14:45.569277] [INFO] Подключение к базе данных: C:\Users\Vaan\Desktop\qkd_encryption_system\server_user_1\databases\user_1_db.db
[2025-11-28T02:14:46.564966] [INFO] DEBUG: Получение тестовых сообщений для получателя: server_2
[2025-11-28T02:14:46.564966] [INFO] Подключение к базе данных: C:\Users\Vaan\Desktop\qkd_encryption_system\server_user_2\databases\user_2_db.db
[2025-11-28T02:14:46.567957] [INFO] DEBUG: Найдено сообщений в БД: 2
[2025-11-28T02:14:46.568956] [INFO] DEBUG: Возвращено сообщений: 2
[2025-11-28T02:14:50.566961] [INFO] DEBUG: Получение тестовых сообщений для получателя: server_1
[2025-11-28T02:14:50.568956] [INFO] Подключение к базе данных: C:\Users\Vaan\Desktop\qkd_encryption_system\server_user_1\databases\user_1_db.db
[2025-11-28T02:14:51.567322] [INFO] DEBUG: Получение тестовых сообщений для получателя: server_2
[2025-11-28T02:14:51.567322] [INFO] Подключение к базе данных: C:\Users\Vaan\Desktop\qkd_encryption_system\server_user_2\databases\user_2_db.db
[2025-11-28T02:14:51.569407] [INFO] DEBUG: Найдено сообщений в БД: 2
[2025-11-28T02:14:51.569407] [INFO] DEBUG: Возвращено сообщений: 2
[2025-11-28T02:14:55.569825] [INFO] DEBUG: Получение тестовых сообщений для получателя: server_1
[2025-11-28T02:14:55.569825] [INFO] Подключение к базе данных: C:\Users\Vaan\Desktop\qkd_encryption_system\server_user_1\databases\user_1_db.db
[2025-11-28T02:14:56.577991] [INFO] DEBUG: Получение тестовых сообщений для получателя: server_2
[2025-11-28T02:14:56.577991] [INFO] Подключение к базе данных: C:\Users\Vaan\Desktop\qkd_encryption_system\server_user_2\databases\user_2_db.db
[2025-11-28T02:14:56.578995] [INFO] DEBUG: Найдено сообщений в БД: 2
[2025-11-28T02:14:56.578995] [INFO] DEBUG: Возвращено сообщений: 2
[2025-11-28T02:15:00.567808] [INFO] DEBUG: Получение тестовых сообщений для получателя: server_1
[2025-11-28T02:15:00.568805] [INFO] Подключение к базе данных: C:\Users\Vaan\Desktop\qkd_encryption_system\server_user_1\databases\user_1_db.db
[2025-11-28T02:15:01.577710] [INFO] DEBUG: Получение тестовых сообщений для получателя: server_2
[2025-11-28T02:15:01.578704] [INFO] Подключение к базе данных: C:\Users\Vaan\Desktop\qkd_encryption_system\server_user_2\databases\user_2_db.db
[2025-11-28T02:15:01.580699] [INFO] DEBUG: Найдено сообщений в БД: 2
[2025-11-28T02:15:01.580699] [INFO] DEBUG: Возвращено сообщений: 2
[2025-11-28T02:15:05.567297] [INFO] DEBUG: Получение тестовых сообщений для получателя: server_1
[2025-11-28T02:15:05.568294] [INFO] Подключение к базе данных: C:\Users\Vaan\Desktop\qkd_encryption_system\server_user_1\databases\user_1_db.db
[2025-11-28T02:15:06.574883] [INFO] DEBUG: Получение тестовых сообщений для получателя: server_2
[2025-11-28T02:15:06.574883] [INFO] Подключение к базе данных: C:\Users\Vaan\Desktop\qkd_encryption_system\server_user_2\databases\user_2_db.db
[2025-11-28T02:15:06.577874] [INFO] DEBUG: Найдено сообщений в БД: 2
[2025-11-28T02:15:06.577874] [INFO] DEBUG: Возвращено сообщений: 2
[2025-11-28T02:15:10.570071] [INFO] DEBUG: Получение тестовых сообщений для получателя: server_1
[2025-11-28T02:15:10.571050] [INFO] Подключение к базе данных: C:\Users\Vaan\Desktop\qkd_encryption_system\server_user_1\databases\user_1_db.db
[2025-11-28T02:15:11.570612] [INFO] DEBUG: Получение тестовых сообщений для получателя: server_2
[2025-11-28T02:15:11.571608] [INFO] Подключение к базе данных: C:\Users\Vaan\Desktop\qkd_encryption_system\server_user_2\databases\user_2_db.db
[2025-11-28T02:15:11.572606] [INFO] DEBUG: Найдено сообщений в БД: 2
[2025-11-28T02:15:11.573612] [INFO] DEBUG: Возвращено сообщений: 2
[2025-11-28T02:15:15.218629] [INFO] DEBUG: Получение тестовых сообщений для получателя: server_1
[2025-11-28T02:15:15.219627] [INFO] Подключение к базе данных: C:\Users\Vaan\Desktop\qkd_encryption_system\server_user_1\databases\user_1_db.db
[2025-11-28T02:15:16.571715] [INFO] DEBUG: Получение тестовых сообщений для получателя: server_2
[2025-11-28T02:15:16.572711] [INFO] Подключение к базе данных: C:\Users\Vaan\Desktop\qkd_encryption_system\server_user_2\databases\user_2_db.db
[2025-11-28T02:15:16.574706] [INFO] DEBUG: Найдено сообщений в БД: 2
[2025-11-28T02:15:16.574929] [INFO] DEBUG: Возвращено сообщений: 2
[2025-11-28T02:15:20.228402] [INFO] DEBUG: Получение тестовых сообщений для получателя: server_1
[2025-11-28T02:15:20.228402] [INFO] Подключение к базе данных: C:\Users\Vaan\Desktop\qkd_encryption_system\server_user_1\databases\user_1_db.db
[2025-11-28T02:15:21.578965] [INFO] DEBUG: Получение тестовых сообщений для получателя: server_2
[2025-11-28T02:15:21.579931] [INFO] Подключение к базе данных: C:\Users\Vaan\Desktop\qkd_encryption_system\server_user_2\databases\user_2_db.db
[2025-11-28T02:15:21.580938] [INFO] DEBUG: Найдено сообщений в БД: 2
[2025-11-28T02:15:21.581924] [INFO] DEBUG: Возвращено сообщений: 2
[2025-11-28T02:15:25.871613] [INFO] DEBUG: Получение тестовых сообщений для получателя: server_1
[2025-11-28T02:15:25.871613] [INFO] Подключение к базе данных: C:\Users\Vaan\Desktop\qkd_encryption_system\server_user_1\databases\user_1_db.db
[2025-11-28T02:15:26.571509] [INFO] DEBUG: Получение тестовых сообщений для получателя: server_2
[2025-11-28T02:15:26.571509] [INFO] Подключение к базе данных: C:\Users\Vaan\Desktop\qkd_encryption_system\server_user_2\databases\user_2_db.db
[2025-11-28T02:15:26.572506] [INFO] DEBUG: Найдено сообщений в БД: 2
[2025-11-28T02:15:26.573502] [INFO] DEBUG: Возвращено сообщений: 2
[2025-11-28T02:15:30.228455] [INFO] DEBUG: Получение тестовых сообщений для получателя: server_1
[2025-11-28T02:15:30.228455] [INFO] Подключение к базе данных: C:\Users\Vaan\Desktop\qkd_encryption_system\server_user_1\databases\user_1_db.db
[2025-11-28T02:15:31.164854] [INFO] DEBUG: Получение тестовых сообщений для получателя: server_2
[2025-11-28T02:15:31.164854] [INFO] Подключение к базе данных: C:\Users\Vaan\Desktop\qkd_encryption_system\server_user_2\databases\user_2_db.db
[2025-11-28T02:15:31.166853] [INFO] DEBUG: Найдено сообщений в БД: 2
[2025-11-28T02:15:31.166853] [INFO] DEBUG: Возвращено сообщений: 2
[2025-11-28T02:15:35.575486] [INFO] DEBUG: Получение тестовых сообщений для получателя: server_1
[2025-11-28T02:15:35.576482] [INFO] Подключение к базе данных: C:\Users\Vaan\Desktop\qkd_encryption_system\server_user_1\databases\user_1_db.db
[2025-11-28T02:15:36.151488] [INFO] DEBUG: Получение тестовых сообщений для получателя: server_2
[2025-11-28T02:15:36.152488] [INFO] Подключение к базе данных: C:\Users\Vaan\Desktop\qkd_encryption_system\server_user_2\databases\user_2_db.db
[2025-11-28T02:15:36.153484] [INFO] DEBUG: Найдено сообщений в БД: 2
[2025-11-28T02:15:36.154485] [INFO] DEBUG: Возвращено сообщений: 2
[2025-11-28T02:15:38.806110] [INFO] Ключ key_testA_20251128021247 помечен как использованный пользователем 4
[2025-11-28T02:15:38.814489] [INFO] Сообщение зашифровано: key=key_testA_20251128021247, size=7 байт, time=42.71мс
[2025-11-28T02:15:40.231720] [INFO] DEBUG: Получение тестовых сообщений для получателя: server_1
[2025-11-28T02:15:40.232702] [INFO] Подключение к базе данных: C:\Users\Vaan\Desktop\qkd_encryption_system\server_user_1\databases\user_1_db.db
[2025-11-28T02:15:40.882481] [INFO] Получено зашифрованное сообщение от hisoka (key=key_testA_20251128021247)
[2025-11-28T02:15:41.568581] [INFO] DEBUG: Получение тестовых сообщений для получателя: server_2
[2025-11-28T02:15:41.569549] [INFO] Подключение к базе данных: C:\Users\Vaan\Desktop\qkd_encryption_system\server_user_2\databases\user_2_db.db
[2025-11-28T02:15:41.570546] [INFO] DEBUG: Найдено сообщений в БД: 2
[2025-11-28T02:15:41.570546] [INFO] DEBUG: Возвращено сообщений: 2
[2025-11-28T02:15:46.577154] [INFO] DEBUG: Получение тестовых сообщений для получателя: server_2
[2025-11-28T02:15:46.578151] [INFO] Подключение к базе данных: C:\Users\Vaan\Desktop\qkd_encryption_system\server_user_2\databases\user_2_db.db
[2025-11-28T02:15:46.579154] [INFO] DEBUG: Найдено сообщений в БД: 2
[2025-11-28T02:15:46.579154] [INFO] DEBUG: Возвращено сообщений: 2
[2025-11-28T02:15:49.749726] [INFO] DEBUG: Получение тестовых сообщений для получателя: server_1
[2025-11-28T02:15:49.749726] [INFO] Подключение к базе данных: C:\Users\Vaan\Desktop\qkd_encryption_system\server_user_1\databases\user_1_db.db
[2025-11-28T02:15:50.215341] [INFO] DEBUG: Получение тестовых сообщений для получателя: server_1
[2025-11-28T02:15:50.215341] [INFO] Подключение к базе данных: C:\Users\Vaan\Desktop\qkd_encryption_system\server_user_1\databases\user_1_db.db
[2025-11-28T02:15:51.156784] [INFO] DEBUG: Получение тестовых сообщений для получателя: server_2
[2025-11-28T02:15:51.157783] [INFO] Подключение к базе данных: C:\Users\Vaan\Desktop\qkd_encryption_system\server_user_2\databases\user_2_db.db
[2025-11-28T02:15:51.158780] [INFO] DEBUG: Найдено сообщений в БД: 2
[2025-11-28T02:15:51.158780] [INFO] DEBUG: Возвращено сообщений: 2
[2025-11-28T02:15:55.572534] [INFO] DEBUG: Получение тестовых сообщений для получателя: server_1
[2025-11-28T02:15:55.572534] [INFO] Подключение к базе данных: C:\Users\Vaan\Desktop\qkd_encryption_system\server_user_1\databases\user_1_db.db
[2025-11-28T02:15:56.160190] [INFO] DEBUG: Получение тестовых сообщений для получателя: server_2
[2025-11-28T02:15:56.160190] [INFO] Подключение к базе данных: C:\Users\Vaan\Desktop\qkd_encryption_system\server_user_2\databases\user_2_db.db
[2025-11-28T02:15:56.161184] [INFO] DEBUG: Найдено сообщений в БД: 2
[2025-11-28T02:15:56.163183] [INFO] DEBUG: Возвращено сообщений: 2
[2025-11-28T02:16:00.566640] [INFO] DEBUG: Получение тестовых сообщений для получателя: server_1
[2025-11-28T02:16:00.567637] [INFO] Подключение к базе данных: C:\Users\Vaan\Desktop\qkd_encryption_system\server_user_1\databases\user_1_db.db
[2025-11-28T02:16:01.159481] [INFO] DEBUG: Получение тестовых сообщений для получателя: server_2
[2025-11-28T02:16:01.160480] [INFO] Подключение к базе данных: C:\Users\Vaan\Desktop\qkd_encryption_system\server_user_2\databases\user_2_db.db
[2025-11-28T02:16:01.161486] [INFO] DEBUG: Найдено сообщений в БД: 2
[2025-11-28T02:16:01.162504] [INFO] DEBUG: Возвращено сообщений: 2
[2025-11-28T02:16:05.579153] [INFO] DEBUG: Получение тестовых сообщений для получателя: server_1
[2025-11-28T02:16:05.579153] [INFO] Подключение к базе данных: C:\Users\Vaan\Desktop\qkd_encryption_system\server_user_1\databases\user_1_db.db
[2025-11-28T02:16:06.155068] [INFO] DEBUG: Получение тестовых сообщений для получателя: server_2
[2025-11-28T02:16:06.156066] [INFO] Подключение к базе данных: C:\Users\Vaan\Desktop\qkd_encryption_system\server_user_2\databases\user_2_db.db
[2025-11-28T02:16:06.158064] [INFO] DEBUG: Найдено сообщений в БД: 2
[2025-11-28T02:16:06.158064] [INFO] DEBUG: Возвращено сообщений: 2
[2025-11-28T02:16:10.565439] [INFO] DEBUG: Получение тестовых сообщений для получателя: server_1
[2025-11-28T02:16:10.566476] [INFO] Подключение к базе данных: C:\Users\Vaan\Desktop\qkd_encryption_system\server_user_1\databases\user_1_db.db
[2025-11-28T02:16:11.154516] [INFO] DEBUG: Получение тестовых сообщений для получателя: server_2
[2025-11-28T02:16:11.155498] [INFO] Подключение к базе данных: C:\Users\Vaan\Desktop\qkd_encryption_system\server_user_2\databases\user_2_db.db
[2025-11-28T02:16:11.157496] [INFO] DEBUG: Найдено сообщений в БД: 2
[2025-11-28T02:16:11.158489] [INFO] DEBUG: Возвращено сообщений: 2
[2025-11-28T02:16:15.567995] [INFO] DEBUG: Получение тестовых сообщений для получателя: server_1
[2025-11-28T02:16:15.568995] [INFO] Подключение к базе данных: C:\Users\Vaan\Desktop\qkd_encryption_system\server_user_1\databases\user_1_db.db
[2025-11-28T02:16:16.160961] [INFO] DEBUG: Получение тестовых сообщений для получателя: server_2
[2025-11-28T02:16:16.161933] [INFO] Подключение к базе данных: C:\Users\Vaan\Desktop\qkd_encryption_system\server_user_2\databases\user_2_db.db
[2025-11-28T02:16:16.164932] [INFO] DEBUG: Найдено сообщений в БД: 2
[2025-11-28T02:16:16.164932] [INFO] DEBUG: Возвращено сообщений: 2
[2025-11-28T02:16:20.575548] [INFO] DEBUG: Получение тестовых сообщений для получателя: server_1
[2025-11-28T02:16:20.575548] [INFO] Подключение к базе данных: C:\Users\Vaan\Desktop\qkd_encryption_system\server_user_1\databases\user_1_db.db
[2025-11-28T02:16:21.165510] [INFO] DEBUG: Получение тестовых сообщений для получателя: server_2
[2025-11-28T02:16:21.166506] [INFO] Подключение к базе данных: C:\Users\Vaan\Desktop\qkd_encryption_system\server_user_2\databases\user_2_db.db
[2025-11-28T02:16:21.167535] [INFO] DEBUG: Найдено сообщений в БД: 2
[2025-11-28T02:16:21.168502] [INFO] DEBUG: Возвращено сообщений: 2
[2025-11-28T02:16:25.578783] [INFO] DEBUG: Получение тестовых сообщений для получателя: server_1
[2025-11-28T02:16:25.579783] [INFO] Подключение к базе данных: C:\Users\Vaan\Desktop\qkd_encryption_system\server_user_1\databases\user_1_db.db
[2025-11-28T02:16:26.159680] [INFO] DEBUG: Получение тестовых сообщений для получателя: server_2
[2025-11-28T02:16:26.159680] [INFO] Подключение к базе данных: C:\Users\Vaan\Desktop\qkd_encryption_system\server_user_2\databases\user_2_db.db
[2025-11-28T02:16:26.161685] [INFO] DEBUG: Найдено сообщений в БД: 2
[2025-11-28T02:16:26.161685] [INFO] DEBUG: Возвращено сообщений: 2
[2025-11-28T02:16:30.574509] [INFO] DEBUG: Получение тестовых сообщений для получателя: server_1
[2025-11-28T02:16:30.574509] [INFO] Подключение к базе данных: C:\Users\Vaan\Desktop\qkd_encryption_system\server_user_1\databases\user_1_db.db
[2025-11-28T02:16:31.162488] [INFO] DEBUG: Получение тестовых сообщений для получателя: server_2
[2025-11-28T02:16:31.162488] [INFO] Подключение к базе данных: C:\Users\Vaan\Desktop\qkd_encryption_system\server_user_2\databases\user_2_db.db
[2025-11-28T02:16:31.165488] [INFO] DEBUG: Найдено сообщений в БД: 2
[2025-11-28T02:16:31.165488] [INFO] DEBUG: Возвращено сообщений: 2
[2025-11-28T02:16:35.679390] [INFO] DEBUG: Получение тестовых сообщений для получателя: server_1
[2025-11-28T02:16:35.680387] [INFO] Подключение к базе данных: C:\Users\Vaan\Desktop\qkd_encryption_system\server_user_1\databases\user_1_db.db
[2025-11-28T02:16:36.577190] [INFO] DEBUG: Получение тестовых сообщений для получателя: server_2
[2025-11-28T02:16:36.578187] [INFO] Подключение к базе данных: C:\Users\Vaan\Desktop\qkd_encryption_system\server_user_2\databases\user_2_db.db
[2025-11-28T02:16:36.579185] [INFO] DEBUG: Найдено сообщений в БД: 2
[2025-11-28T02:16:36.580182] [INFO] DEBUG: Возвращено сообщений: 2
[2025-11-28T02:16:40.567418] [INFO] DEBUG: Получение тестовых сообщений для получателя: server_1
[2025-11-28T02:16:40.567418] [INFO] Подключение к базе данных: C:\Users\Vaan\Desktop\qkd_encryption_system\server_user_1\databases\user_1_db.db
[2025-11-28T02:16:41.575445] [INFO] DEBUG: Получение тестовых сообщений для получателя: server_2
[2025-11-28T02:16:41.576442] [INFO] Подключение к базе данных: C:\Users\Vaan\Desktop\qkd_encryption_system\server_user_2\databases\user_2_db.db
[2025-11-28T02:16:41.577439] [INFO] DEBUG: Найдено сообщений в БД: 2
[2025-11-28T02:16:41.578474] [INFO] DEBUG: Возвращено сообщений: 2
[2025-11-28T02:16:45.568438] [INFO] DEBUG: Получение тестовых сообщений для получателя: server_1
[2025-11-28T02:16:45.569435] [INFO] Подключение к базе данных: C:\Users\Vaan\Desktop\qkd_encryption_system\server_user_1\databases\user_1_db.db
[2025-11-28T02:16:46.156309] [INFO] DEBUG: Получение тестовых сообщений для получателя: server_2
[2025-11-28T02:16:46.156309] [INFO] Подключение к базе данных: C:\Users\Vaan\Desktop\qkd_encryption_system\server_user_2\databases\user_2_db.db
[2025-11-28T02:16:46.158271] [INFO] DEBUG: Найдено сообщений в БД: 2
[2025-11-28T02:16:46.158271] [INFO] DEBUG: Возвращено сообщений: 2
[2025-11-28T02:27:31.459205] [INFO] Подключение к базе данных: C:\Users\Vaan\Desktop\qkd_encryption_system\server_user_1\databases\user_1_db.db
[2025-11-28T02:27:31.459205] [INFO] Подключение к базе данных: C:\Users\Vaan\Desktop\qkd_encryption_system\server_user_1\databases\user_1_db.db
[2025-11-28T02:27:31.459205] [INFO] Подключение к базе данных: C:\Users\Vaan\Desktop\qkd_encryption_system\server_user_1\databases\user_1_db.db
[2025-11-28T02:27:31.459205] [INFO] Подключение к базе данных: C:\Users\Vaan\Desktop\qkd_encryption_system\server_user_1\databases\user_1_db.db
[2025-11-28T02:27:31.460204] [INFO] Подключение к базе данных: C:\Users\Vaan\Desktop\qkd_encryption_system\server_user_1\databases\user_1_db.db
[2025-11-28T02:27:31.461201] [INFO] Подключение к базе данных: C:\Users\Vaan\Desktop\qkd_encryption_system\server_user_1\databases\user_1_db.db
[2025-11-28T02:27:31.461201] [INFO] Подключение к базе данных: C:\Users\Vaan\Desktop\qkd_encryption_system\server_user_1\databases\user_1_db.db
[2025-11-28T02:27:31.793802] [INFO] Подключение к базе данных: C:\Users\Vaan\Desktop\qkd_encryption_system\server_user_1\databases\user_1_db.db
[2025-11-28T02:27:31.793802] [INFO] Подключение к базе данных: C:\Users\Vaan\Desktop\qkd_encryption_system\server_user_1\databases\user_1_db.db
[2025-11-28T02:27:31.793802] [INFO] Подключение к базе данных: C:\Users\Vaan\Desktop\qkd_encryption_system\server_user_1\databases\user_1_db.db
[2025-11-28T02:27:31.794799] [INFO] Подключение к базе данных: C:\Users\Vaan\Desktop\qkd_encryption_system\server_user_1\databases\user_1_db.db
[2025-11-28T02:27:31.794799] [INFO] Подключение к базе данных: C:\Users\Vaan\Desktop\qkd_encryption_system\server_user_1\databases\user_1_db.db
[2025-11-28T02:27:31.795796] [INFO] Подключение к базе данных: C:\Users\Vaan\Desktop\qkd_encryption_system\server_user_1\databases\user_1_db.db
[2025-11-28T02:27:31.795796] [INFO] Подключение к базе данных: C:\Users\Vaan\Desktop\qkd_encryption_system\server_user_1\databases\user_1_db.db
[2025-11-28T02:27:33.693257] [INFO] Подключение к базе данных: C:\Users\Vaan\Desktop\qkd_encryption_system\server_user_1\databases\user_1_db.db
[2025-11-28T02:27:35.159555] [INFO] DEBUG: Получение тестовых сообщений для получателя: server_1
[2025-11-28T02:27:35.160551] [INFO] Подключение к базе данных: C:\Users\Vaan\Desktop\qkd_encryption_system\server_user_1\databases\user_1_db.db
[2025-11-28T02:27:39.568056] [INFO] DEBUG: Получение тестовых сообщений для получателя: server_1
[2025-11-28T02:27:39.569056] [INFO] Подключение к базе данных: C:\Users\Vaan\Desktop\qkd_encryption_system\server_user_1\databases\user_1_db.db
[2025-11-28T02:27:40.234308] [INFO] Подключение к базе данных: C:\Users\Vaan\Desktop\qkd_encryption_system\server_user_2\databases\user_2_db.db
[2025-11-28T02:27:40.234308] [INFO] Подключение к базе данных: C:\Users\Vaan\Desktop\qkd_encryption_system\server_user_2\databases\user_2_db.db
[2025-11-28T02:27:40.235306] [INFO] Подключение к базе данных: C:\Users\Vaan\Desktop\qkd_encryption_system\server_user_2\databases\user_2_db.db
[2025-11-28T02:27:40.235306] [INFO] Подключение к базе данных: C:\Users\Vaan\Desktop\qkd_encryption_system\server_user_2\databases\user_2_db.db
[2025-11-28T02:27:40.235306] [INFO] Подключение к базе данных: C:\Users\Vaan\Desktop\qkd_encryption_system\server_user_2\databases\user_2_db.db
[2025-11-28T02:27:40.236304] [INFO] Подключение к базе данных: C:\Users\Vaan\Desktop\qkd_encryption_system\server_user_2\databases\user_2_db.db
[2025-11-28T02:27:40.237300] [INFO] Подключение к базе данных: C:\Users\Vaan\Desktop\qkd_encryption_system\server_user_2\databases\user_2_db.db
[2025-11-28T02:27:40.572216] [INFO] Подключение к базе данных: C:\Users\Vaan\Desktop\qkd_encryption_system\server_user_2\databases\user_2_db.db
[2025-11-28T02:27:40.573213] [INFO] Подключение к базе данных: C:\Users\Vaan\Desktop\qkd_encryption_system\server_user_2\databases\user_2_db.db
[2025-11-28T02:27:40.573213] [INFO] Подключение к базе данных: C:\Users\Vaan\Desktop\qkd_encryption_system\server_user_2\databases\user_2_db.db
[2025-11-28T02:27:40.573213] [INFO] Подключение к базе данных: C:\Users\Vaan\Desktop\qkd_encryption_system\server_user_2\databases\user_2_db.db
[2025-11-28T02:27:40.574211] [INFO] Подключение к базе данных: C:\Users\Vaan\Desktop\qkd_encryption_system\server_user_2\databases\user_2_db.db
[2025-11-28T02:27:40.575209] [INFO] Подключение к базе данных: C:\Users\Vaan\Desktop\qkd_encryption_system\server_user_2\databases\user_2_db.db
[2025-11-28T02:27:40.575209] [INFO] Подключение к базе данных: C:\Users\Vaan\Desktop\qkd_encryption_system\server_user_2\databases\user_2_db.db
[2025-11-28T02:27:42.287338] [INFO] Подключение к базе данных: C:\Users\Vaan\Desktop\qkd_encryption_system\server_user_2\databases\user_2_db.db
[2025-11-28T02:27:44.149742] [INFO] DEBUG: Получение тестовых сообщений для получателя: server_1
[2025-11-28T02:27:44.149742] [INFO] Подключение к базе данных: C:\Users\Vaan\Desktop\qkd_encryption_system\server_user_1\databases\user_1_db.db
[2025-11-28T02:27:44.570397] [INFO] DEBUG: Получение тестовых сообщений для получателя: server_2
[2025-11-28T02:27:44.570397] [INFO] Подключение к базе данных: C:\Users\Vaan\Desktop\qkd_encryption_system\server_user_2\databases\user_2_db.db
[2025-11-28T02:27:44.571390] [INFO] DEBUG: Найдено сообщений в БД: 2
[2025-11-28T02:27:44.571390] [INFO] DEBUG: Возвращено сообщений: 2
[2025-11-28T02:27:45.736920] [INFO] Подключение к базе данных: C:\Users\Vaan\Desktop\qkd_encryption_system\server_user_1\databases\user_1_db.db
[2025-11-28T02:27:47.121738] [INFO] Подключение к базе данных: C:\Users\Vaan\Desktop\qkd_encryption_system\server_user_2\databases\user_2_db.db
[2025-11-28T02:27:47.571006] [INFO] DEBUG: Получение тестовых сообщений для получателя: server_1
[2025-11-28T02:27:47.571006] [INFO] Подключение к базе данных: C:\Users\Vaan\Desktop\qkd_encryption_system\server_user_1\databases\user_1_db.db
[2025-11-28T02:27:48.574472] [INFO] DEBUG: Получение тестовых сообщений для получателя: server_2
[2025-11-28T02:27:48.574472] [INFO] Подключение к базе данных: C:\Users\Vaan\Desktop\qkd_encryption_system\server_user_2\databases\user_2_db.db
[2025-11-28T02:27:48.575468] [INFO] DEBUG: Найдено сообщений в БД: 2
[2025-11-28T02:27:48.575468] [INFO] DEBUG: Возвращено сообщений: 2
[2025-11-28T02:27:50.761425] [INFO] DEBUG: Получение тестовых сообщений для получателя: server_1
[2025-11-28T02:27:50.761425] [INFO] Подключение к базе данных: C:\Users\Vaan\Desktop\qkd_encryption_system\server_user_1\databases\user_1_db.db
[2025-11-28T02:27:52.576328] [INFO] DEBUG: Получение тестовых сообщений для получателя: server_2
[2025-11-28T02:27:52.577325] [INFO] Подключение к базе данных: C:\Users\Vaan\Desktop\qkd_encryption_system\server_user_2\databases\user_2_db.db
[2025-11-28T02:27:52.578371] [INFO] DEBUG: Найдено сообщений в БД: 2
[2025-11-28T02:27:52.579323] [INFO] DEBUG: Возвращено сообщений: 2
[2025-11-28T02:27:55.760166] [INFO] DEBUG: Получение тестовых сообщений для получателя: server_1
[2025-11-28T02:27:55.761160] [INFO] Подключение к базе данных: C:\Users\Vaan\Desktop\qkd_encryption_system\server_user_1\databases\user_1_db.db
[2025-11-28T02:27:57.343706] [INFO] Ключ key_testB_20251128021247 помечен как использованный пользователем 4
[2025-11-28T02:27:57.350687] [INFO] Сообщение зашифровано: key=key_testB_20251128021247, size=6 байт, time=37.41мс
[2025-11-28T02:27:57.572872] [INFO] DEBUG: Получение тестовых сообщений для получателя: server_2
[2025-11-28T02:27:57.572872] [INFO] Подключение к базе данных: C:\Users\Vaan\Desktop\qkd_encryption_system\server_user_2\databases\user_2_db.db
[2025-11-28T02:27:57.574865] [INFO] DEBUG: Найдено сообщений в БД: 2
[2025-11-28T02:27:57.575863] [INFO] DEBUG: Возвращено сообщений: 2
[2025-11-28T02:27:59.424792] [INFO] Сохранено сообщение от hisoka для receiver_id=1
[2025-11-28T02:27:59.428560] [INFO] Сохранено сообщение от hisoka для receiver_id=2
[2025-11-28T02:27:59.433060] [INFO] Сохранено сообщение от hisoka для receiver_id=4
[2025-11-28T02:27:59.435084] [INFO] Получено зашифрованное сообщение от hisoka (key=key_testB_20251128021247)
[2025-11-28T02:28:00.772220] [INFO] DEBUG: Получение тестовых сообщений для получателя: server_1
[2025-11-28T02:28:00.773189] [INFO] Подключение к базе данных: C:\Users\Vaan\Desktop\qkd_encryption_system\server_user_1\databases\user_1_db.db
[2025-11-28T02:28:02.144694] [INFO] DEBUG: Получение тестовых сообщений для получателя: server_2
[2025-11-28T02:28:02.145689] [INFO] Подключение к базе данных: C:\Users\Vaan\Desktop\qkd_encryption_system\server_user_2\databases\user_2_db.db
[2025-11-28T02:28:02.146687] [INFO] DEBUG: Найдено сообщений в БД: 2
[2025-11-28T02:28:02.146687] [INFO] DEBUG: Возвращено сообщений: 2
[2025-11-28T02:28:06.572241] [INFO] DEBUG: Получение тестовых сообщений для получателя: server_1
[2025-11-28T02:28:06.573205] [INFO] Подключение к базе данных: C:\Users\Vaan\Desktop\qkd_encryption_system\server_user_1\databases\user_1_db.db
[2025-11-28T02:28:07.143879] [INFO] DEBUG: Получение тестовых сообщений для получателя: server_2
[2025-11-28T02:28:07.144876] [INFO] Подключение к базе данных: C:\Users\Vaan\Desktop\qkd_encryption_system\server_user_2\databases\user_2_db.db
[2025-11-28T02:28:07.146874] [INFO] DEBUG: Найдено сообщений в БД: 2
[2025-11-28T02:28:07.146874] [INFO] DEBUG: Возвращено сообщений: 2
[2025-11-28T02:28:07.841267] [ERROR] Ошибка уничтожения ключа key_testB_20251128021247: no such column: destroyed_at
[2025-11-28T02:28:07.842265] [INFO] Сообщение дешифровано: key=key_testB_20251128021247, size=6 байт, time=22.48мс, hash_ok=True
[2025-11-28T02:28:11.578836] [INFO] DEBUG: Получение тестовых сообщений для получателя: server_1
[2025-11-28T02:28:11.578836] [INFO] Подключение к базе данных: C:\Users\Vaan\Desktop\qkd_encryption_system\server_user_1\databases\user_1_db.db
[2025-11-28T02:28:12.152969] [INFO] DEBUG: Получение тестовых сообщений для получателя: server_2
[2025-11-28T02:28:12.152969] [INFO] Подключение к базе данных: C:\Users\Vaan\Desktop\qkd_encryption_system\server_user_2\databases\user_2_db.db
[2025-11-28T02:28:12.155010] [INFO] DEBUG: Найдено сообщений в БД: 2
[2025-11-28T02:28:12.155010] [INFO] DEBUG: Возвращено сообщений: 2
[2025-11-28T02:28:16.578693] [INFO] DEBUG: Получение тестовых сообщений для получателя: server_1
[2025-11-28T02:28:16.579658] [INFO] Подключение к базе данных: C:\Users\Vaan\Desktop\qkd_encryption_system\server_user_1\databases\user_1_db.db
[2025-11-28T02:28:17.153289] [INFO] DEBUG: Получение тестовых сообщений для получателя: server_2
[2025-11-28T02:28:17.154287] [INFO] Подключение к базе данных: C:\Users\Vaan\Desktop\qkd_encryption_system\server_user_2\databases\user_2_db.db
[2025-11-28T02:28:17.155283] [INFO] DEBUG: Найдено сообщений в БД: 2
[2025-11-28T02:28:17.155283] [INFO] DEBUG: Возвращено сообщений: 2
[2025-11-28T02:28:20.770983] [INFO] DEBUG: Получение тестовых сообщений для получателя: server_1
[2025-11-28T02:28:20.771973] [INFO] Подключение к базе данных: C:\Users\Vaan\Desktop\qkd_encryption_system\server_user_1\databases\user_1_db.db
[2025-11-28T02:28:22.566396] [INFO] DEBUG: Получение тестовых сообщений для получателя: server_2
[2025-11-28T02:28:22.566396] [INFO] Подключение к базе данных: C:\Users\Vaan\Desktop\qkd_encryption_system\server_user_2\databases\user_2_db.db
[2025-11-28T02:28:22.568552] [INFO] DEBUG: Найдено сообщений в БД: 2
[2025-11-28T02:28:22.568552] [INFO] DEBUG: Возвращено сообщений: 2
[2025-11-28T02:28:25.594486] [INFO] Генерация тестовой последовательности. QBER: 7.0%
[2025-11-28T02:28:25.767291] [INFO] DEBUG: Получение тестовых сообщений для получателя: server_1
[2025-11-28T02:28:25.768257] [INFO] Подключение к базе данных: C:\Users\Vaan\Desktop\qkd_encryption_system\server_user_1\databases\user_1_db.db
[2025-11-28T02:28:27.567981] [INFO] DEBUG: Получение тестовых сообщений для получателя: server_2
[2025-11-28T02:28:27.568980] [INFO] Подключение к базе данных: C:\Users\Vaan\Desktop\qkd_encryption_system\server_user_2\databases\user_2_db.db
[2025-11-28T02:28:27.569976] [INFO] DEBUG: Найдено сообщений в БД: 2
[2025-11-28T02:28:27.570974] [INFO] DEBUG: Возвращено сообщений: 2
[2025-11-28T02:28:31.029011] [INFO] DEBUG: Получение тестовых сообщений для получателя: server_1
[2025-11-28T02:28:31.111760] [INFO] Подключение к базе данных: C:\Users\Vaan\Desktop\qkd_encryption_system\server_user_1\databases\user_1_db.db
[2025-11-28T02:28:32.573222] [INFO] DEBUG: Получение тестовых сообщений для получателя: server_2
[2025-11-28T02:28:32.575196] [INFO] Подключение к базе данных: C:\Users\Vaan\Desktop\qkd_encryption_system\server_user_2\databases\user_2_db.db
[2025-11-28T02:28:32.576174] [INFO] DEBUG: Найдено сообщений в БД: 2
[2025-11-28T02:28:32.577188] [INFO] DEBUG: Возвращено сообщений: 2
[2025-11-28T02:28:35.760948] [INFO] DEBUG: Получение тестовых сообщений для получателя: server_1
[2025-11-28T02:28:35.761949] [INFO] Подключение к базе данных: C:\Users\Vaan\Desktop\qkd_encryption_system\server_user_1\databases\user_1_db.db
[2025-11-28T02:28:37.570729] [INFO] DEBUG: Получение тестовых сообщений для получателя: server_2
[2025-11-28T02:28:37.570729] [INFO] Подключение к базе данных: C:\Users\Vaan\Desktop\qkd_encryption_system\server_user_2\databases\user_2_db.db
[2025-11-28T02:28:37.572770] [INFO] DEBUG: Найдено сообщений в БД: 2
[2025-11-28T02:28:37.572770] [INFO] DEBUG: Возвращено сообщений: 2
[2025-11-28T02:28:38.222561] [DEBUG] Блок 1/1: исправлено 0 ошибок, время 0.5мс
[2025-11-28T02:28:38.223558] [INFO] Восстановление ключа testA_20251128022828: 100.0% блоков верифицировано, 0 ошибок исправлено, время 2.2мс, хэш совпадает
[2025-11-28T02:28:38.223558] [DEBUG] Блок 1/1: исправлено 0 ошибок, время 0.5мс
[2025-11-28T02:28:38.224556] [INFO] Подключение к базе данных: C:\Users\Vaan\Desktop\qkd_encryption_system\server_user_1\databases\user_1_db.db
[2025-11-28T02:28:38.224556] [INFO] Восстановление ключа testA_20251128022828: 100.0% блоков верифицировано, 0 ошибок исправлено, время 2.4мс, хэш совпадает
[2025-11-28T02:28:38.224556] [INFO] Подключение к базе данных: C:\Users\Vaan\Desktop\qkd_encryption_system\server_user_1\databases\user_1_db.db
[2025-11-28T02:28:38.238069] [INFO] Ключ key_testA_20251128022828 сохранён в защищённое хранилище
[2025-11-28T02:28:38.241963] [INFO] Ключ key_testA_20251128022828 сохранён в защищённое хранилище
[2025-11-28T02:28:38.254011] [INFO] Ключ key_testA_20251128022828 сохранён в защищённое хранилище
[2025-11-28T02:28:38.257997] [INFO] Ключ key_testA_20251128022828 сохранён в защищённое хранилище
[2025-11-28T02:28:40.268330] [INFO] Подключение к базе данных: C:\Users\Vaan\Desktop\qkd_encryption_system\server_user_2\databases\user_2_db.db
[2025-11-28T02:28:40.276811] [INFO] Ключ key_testA_20251128022828 сохранён в защищённое хранилище
[2025-11-28T02:28:40.281272] [INFO] Ключ key_testA_20251128022828 сохранён в защищённое хранилище
[2025-11-28T02:28:40.284264] [INFO] Подключение к базе данных: C:\Users\Vaan\Desktop\qkd_encryption_system\server_user_2\databases\user_2_db.db
[2025-11-28T02:28:40.289436] [INFO] Ключ key_testA_20251128022828 сохранён в защищённое хранилище
[2025-11-28T02:28:40.294425] [INFO] Ключ key_testA_20251128022828 сохранён в защищённое хранилище
[2025-11-28T02:28:41.424836] [INFO] DEBUG: Получение тестовых сообщений для получателя: server_1
[2025-11-28T02:28:41.425832] [INFO] Подключение к базе данных: C:\Users\Vaan\Desktop\qkd_encryption_system\server_user_1\databases\user_1_db.db
[2025-11-28T02:28:42.566815] [INFO] DEBUG: Получение тестовых сообщений для получателя: server_2
[2025-11-28T02:28:42.567811] [INFO] Подключение к базе данных: C:\Users\Vaan\Desktop\qkd_encryption_system\server_user_2\databases\user_2_db.db
[2025-11-28T02:28:42.568810] [INFO] DEBUG: Найдено сообщений в БД: 2
[2025-11-28T02:28:42.569812] [INFO] DEBUG: Возвращено сообщений: 2
[2025-11-28T02:28:43.739153] [INFO] Подключение к базе данных: C:\Users\Vaan\Desktop\qkd_encryption_system\server_user_1\databases\user_1_db.db
[2025-11-28T02:28:44.820563] [INFO] DEBUG: Получение тестовых сообщений для получателя: server_1
[2025-11-28T02:28:44.820563] [INFO] Подключение к базе данных: C:\Users\Vaan\Desktop\qkd_encryption_system\server_user_1\databases\user_1_db.db
[2025-11-28T02:28:47.575953] [INFO] DEBUG: Получение тестовых сообщений для получателя: server_2
[2025-11-28T02:28:47.576949] [INFO] Подключение к базе данных: C:\Users\Vaan\Desktop\qkd_encryption_system\server_user_2\databases\user_2_db.db
[2025-11-28T02:28:47.579001] [INFO] DEBUG: Найдено сообщений в БД: 2
[2025-11-28T02:28:47.579001] [INFO] DEBUG: Возвращено сообщений: 2
[2025-11-28T02:28:48.832767] [INFO] DEBUG: Получение тестовых сообщений для получателя: server_1
[2025-11-28T02:28:48.832767] [INFO] Подключение к базе данных: C:\Users\Vaan\Desktop\qkd_encryption_system\server_user_1\databases\user_1_db.db
[2025-11-28T02:28:52.576783] [INFO] DEBUG: Получение тестовых сообщений для получателя: server_2
[2025-11-28T02:28:52.576783] [INFO] Подключение к базе данных: C:\Users\Vaan\Desktop\qkd_encryption_system\server_user_2\databases\user_2_db.db
[2025-11-28T02:28:52.577784] [INFO] DEBUG: Найдено сообщений в БД: 2
[2025-11-28T02:28:52.578781] [INFO] DEBUG: Возвращено сообщений: 2
[2025-11-28T02:28:53.819963] [INFO] DEBUG: Получение тестовых сообщений для получателя: server_1
[2025-11-28T02:28:53.820961] [INFO] Подключение к базе данных: C:\Users\Vaan\Desktop\qkd_encryption_system\server_user_1\databases\user_1_db.db
[2025-11-28T02:28:54.985286] [ERROR] Ошибка шифрования: MessageCrypto.encrypt_file() got an unexpected keyword argument 'file_content'
[2025-11-28T02:28:57.574481] [INFO] DEBUG: Получение тестовых сообщений для получателя: server_2
[2025-11-28T02:28:57.575478] [INFO] Подключение к базе данных: C:\Users\Vaan\Desktop\qkd_encryption_system\server_user_2\databases\user_2_db.db
[2025-11-28T02:28:57.576478] [INFO] DEBUG: Найдено сообщений в БД: 2
[2025-11-28T02:28:57.577474] [INFO] DEBUG: Возвращено сообщений: 2
[2025-11-28T02:29:02.573428] [INFO] DEBUG: Получение тестовых сообщений для получателя: server_2
[2025-11-28T02:29:02.573428] [INFO] Подключение к базе данных: C:\Users\Vaan\Desktop\qkd_encryption_system\server_user_2\databases\user_2_db.db
[2025-11-28T02:29:02.575423] [INFO] DEBUG: Найдено сообщений в БД: 2
[2025-11-28T02:29:02.575423] [INFO] DEBUG: Возвращено сообщений: 2
[2025-11-28T02:29:03.442587] [INFO] DEBUG: Получение тестовых сообщений для получателя: server_1
[2025-11-28T02:29:03.445588] [INFO] Подключение к базе данных: C:\Users\Vaan\Desktop\qkd_encryption_system\server_user_1\databases\user_1_db.db
[2025-11-28T02:29:04.566932] [INFO] DEBUG: Получение тестовых сообщений для получателя: server_1
[2025-11-28T02:29:04.566932] [INFO] Подключение к базе данных: C:\Users\Vaan\Desktop\qkd_encryption_system\server_user_1\databases\user_1_db.db
[2025-11-28T02:29:05.579538] [ERROR] Ошибка уничтожения ключа key_testB_20251128021247: no such column: destroyed_at
[2025-11-28T02:29:05.579538] [INFO] Сообщение дешифровано: key=key_testB_20251128021247, size=6 байт, time=33.17мс, hash_ok=True
[2025-11-28T02:29:07.145379] [INFO] DEBUG: Получение тестовых сообщений для получателя: server_2
[2025-11-28T02:29:07.145379] [INFO] Подключение к базе данных: C:\Users\Vaan\Desktop\qkd_encryption_system\server_user_2\databases\user_2_db.db
[2025-11-28T02:29:07.147382] [INFO] DEBUG: Найдено сообщений в БД: 2
[2025-11-28T02:29:07.147382] [INFO] DEBUG: Возвращено сообщений: 2
[2025-11-28T02:29:08.324216] [ERROR] Ошибка уничтожения ключа key_testB_20251128021247: no such column: destroyed_at
[2025-11-28T02:29:08.324216] [INFO] Сообщение дешифровано: key=key_testB_20251128021247, size=6 байт, time=16.45мс, hash_ok=True
[2025-11-28T02:29:09.575287] [INFO] DEBUG: Получение тестовых сообщений для получателя: server_1
[2025-11-28T02:29:09.575287] [INFO] Подключение к базе данных: C:\Users\Vaan\Desktop\qkd_encryption_system\server_user_1\databases\user_1_db.db
[2025-11-28T02:29:12.158150] [INFO] DEBUG: Получение тестовых сообщений для получателя: server_2
[2025-11-28T02:29:12.159135] [INFO] Подключение к базе данных: C:\Users\Vaan\Desktop\qkd_encryption_system\server_user_2\databases\user_2_db.db
[2025-11-28T02:29:12.160104] [INFO] DEBUG: Найдено сообщений в БД: 2
[2025-11-28T02:29:12.161103] [INFO] DEBUG: Возвращено сообщений: 2
[2025-11-28T02:29:13.127151] [ERROR] Ошибка уничтожения ключа key_testB_20251128021247: no such column: destroyed_at
[2025-11-28T02:29:13.128148] [INFO] Сообщение дешифровано: key=key_testB_20251128021247, size=6 байт, time=39.54мс, hash_ok=True
[2025-11-28T02:29:14.566120] [INFO] DEBUG: Получение тестовых сообщений для получателя: server_1
[2025-11-28T02:29:14.566120] [INFO] Подключение к базе данных: C:\Users\Vaan\Desktop\qkd_encryption_system\server_user_1\databases\user_1_db.db
[2025-11-28T02:29:17.145443] [INFO] DEBUG: Получение тестовых сообщений для получателя: server_2
[2025-11-28T02:29:17.146440] [INFO] Подключение к базе данных: C:\Users\Vaan\Desktop\qkd_encryption_system\server_user_2\databases\user_2_db.db
[2025-11-28T02:29:17.147439] [INFO] DEBUG: Найдено сообщений в БД: 2
[2025-11-28T02:29:17.147439] [INFO] DEBUG: Возвращено сообщений: 2
[2025-11-28T02:29:17.838598] [ERROR] Ошибка уничтожения ключа key_testB_20251128021247: no such column: destroyed_at
[2025-11-28T02:29:17.838598] [INFO] Сообщение дешифровано: key=key_testB_20251128021247, size=6 байт, time=16.23мс, hash_ok=True
[2025-11-28T02:29:19.571959] [INFO] DEBUG: Получение тестовых сообщений для получателя: server_1
[2025-11-28T02:29:19.572944] [INFO] Подключение к базе данных: C:\Users\Vaan\Desktop\qkd_encryption_system\server_user_1\databases\user_1_db.db
[2025-11-28T02:29:22.145811] [INFO] DEBUG: Получение тестовых сообщений для получателя: server_2
[2025-11-28T02:29:22.145811] [INFO] Подключение к базе данных: C:\Users\Vaan\Desktop\qkd_encryption_system\server_user_2\databases\user_2_db.db
[2025-11-28T02:29:22.147777] [INFO] DEBUG: Найдено сообщений в БД: 2
[2025-11-28T02:29:22.147777] [INFO] DEBUG: Возвращено сообщений: 2
[2025-11-28T02:29:23.539526] [ERROR] Ошибка уничтожения ключа key_testB_20251128021247: no such column: destroyed_at
[2025-11-28T02:29:23.539526] [INFO] Сообщение дешифровано: key=key_testB_20251128021247, size=6 байт, time=17.48мс, hash_ok=True
[2025-11-28T02:29:24.577468] [INFO] DEBUG: Получение тестовых сообщений для получателя: server_1
[2025-11-28T02:29:24.577468] [INFO] Подключение к базе данных: C:\Users\Vaan\Desktop\qkd_encryption_system\server_user_1\databases\user_1_db.db
[2025-11-28T02:29:27.144604] [INFO] DEBUG: Получение тестовых сообщений для получателя: server_2
[2025-11-28T02:29:27.144604] [INFO] Подключение к базе данных: C:\Users\Vaan\Desktop\qkd_encryption_system\server_user_2\databases\user_2_db.db
[2025-11-28T02:29:27.146607] [INFO] DEBUG: Найдено сообщений в БД: 2
[2025-11-28T02:29:27.146607] [INFO] DEBUG: Возвращено сообщений: 2
[2025-11-28T02:29:28.827660] [INFO] DEBUG: Получение тестовых сообщений для получателя: server_1
[2025-11-28T02:29:28.829655] [INFO] Подключение к базе данных: C:\Users\Vaan\Desktop\qkd_encryption_system\server_user_1\databases\user_1_db.db
[2025-11-28T02:29:32.604160] [INFO] DEBUG: Получение тестовых сообщений для получателя: server_2
[2025-11-28T02:29:32.615135] [INFO] Подключение к базе данных: C:\Users\Vaan\Desktop\qkd_encryption_system\server_user_2\databases\user_2_db.db
[2025-11-28T02:29:32.617119] [INFO] DEBUG: Найдено сообщений в БД: 2
[2025-11-28T02:29:32.619113] [INFO] DEBUG: Возвращено сообщений: 2
[2025-11-28T02:29:34.578588] [INFO] DEBUG: Получение тестовых сообщений для получателя: server_1
[2025-11-28T02:29:34.579627] [INFO] Подключение к базе данных: C:\Users\Vaan\Desktop\qkd_encryption_system\server_user_1\databases\user_1_db.db
[2025-11-28T02:29:37.570628] [INFO] DEBUG: Получение тестовых сообщений для получателя: server_2
[2025-11-28T02:29:37.570628] [INFO] Подключение к базе данных: C:\Users\Vaan\Desktop\qkd_encryption_system\server_user_2\databases\user_2_db.db
[2025-11-28T02:29:37.571637] [INFO] DEBUG: Найдено сообщений в БД: 2
[2025-11-28T02:29:37.571637] [INFO] DEBUG: Возвращено сообщений: 2
[2025-11-28T02:29:38.827250] [INFO] DEBUG: Получение тестовых сообщений для получателя: server_1
[2025-11-28T02:29:38.827250] [INFO] Подключение к базе данных: C:\Users\Vaan\Desktop\qkd_encryption_system\server_user_1\databases\user_1_db.db
[2025-11-28T02:29:42.576349] [INFO] DEBUG: Получение тестовых сообщений для получателя: server_2
[2025-11-28T02:29:42.576349] [INFO] Подключение к базе данных: C:\Users\Vaan\Desktop\qkd_encryption_system\server_user_2\databases\user_2_db.db
[2025-11-28T02:29:42.578348] [INFO] DEBUG: Найдено сообщений в БД: 2
[2025-11-28T02:29:42.578348] [INFO] DEBUG: Возвращено сообщений: 2
[2025-11-28T02:29:43.827053] [INFO] DEBUG: Получение тестовых сообщений для получателя: server_1
[2025-11-28T02:29:43.827053] [INFO] Подключение к базе данных: C:\Users\Vaan\Desktop\qkd_encryption_system\server_user_1\databases\user_1_db.db
[2025-11-28T02:33:51.058844] [INFO] Подключение к базе данных: C:\Users\Vaan\Desktop\qkd_encryption_system\server_user_1\databases\user_1_db.db
[2025-11-28T02:33:51.058844] [INFO] Подключение к базе данных: C:\Users\Vaan\Desktop\qkd_encryption_system\server_user_1\databases\user_1_db.db
[2025-11-28T02:33:51.059841] [INFO] Подключение к базе данных: C:\Users\Vaan\Desktop\qkd_encryption_system\server_user_1\databases\user_1_db.db
[2025-11-28T02:33:51.059841] [INFO] Подключение к базе данных: C:\Users\Vaan\Desktop\qkd_encryption_system\server_user_1\databases\user_1_db.db
[2025-11-28T02:33:51.060872] [INFO] Подключение к базе данных: C:\Users\Vaan\Desktop\qkd_encryption_system\server_user_1\databases\user_1_db.db
[2025-11-28T02:33:51.062867] [INFO] Подключение к базе данных: C:\Users\Vaan\Desktop\qkd_encryption_system\server_user_1\databases\user_1_db.db
[2025-11-28T02:33:51.062867] [INFO] Подключение к базе данных: C:\Users\Vaan\Desktop\qkd_encryption_system\server_user_1\databases\user_1_db.db
[2025-11-28T02:33:51.522505] [INFO] Подключение к базе данных: C:\Users\Vaan\Desktop\qkd_encryption_system\server_user_1\databases\user_1_db.db
[2025-11-28T02:33:51.522505] [INFO] Подключение к базе данных: C:\Users\Vaan\Desktop\qkd_encryption_system\server_user_1\databases\user_1_db.db
[2025-11-28T02:33:51.523499] [INFO] Подключение к базе данных: C:\Users\Vaan\Desktop\qkd_encryption_system\server_user_1\databases\user_1_db.db
[2025-11-28T02:33:51.523499] [INFO] Подключение к базе данных: C:\Users\Vaan\Desktop\qkd_encryption_system\server_user_1\databases\user_1_db.db
[2025-11-28T02:33:51.523499] [INFO] Подключение к базе данных: C:\Users\Vaan\Desktop\qkd_encryption_system\server_user_1\databases\user_1_db.db
[2025-11-28T02:33:51.524498] [INFO] Подключение к базе данных: C:\Users\Vaan\Desktop\qkd_encryption_system\server_user_1\databases\user_1_db.db
[2025-11-28T02:33:51.525496] [INFO] Подключение к базе данных: C:\Users\Vaan\Desktop\qkd_encryption_system\server_user_1\databases\user_1_db.db
[2025-11-28T02:33:53.085072] [INFO] Подключение к базе данных: C:\Users\Vaan\Desktop\qkd_encryption_system\server_user_1\databases\user_1_db.db
[2025-11-28T02:33:55.617009] [INFO] DEBUG: Получение тестовых сообщений для получателя: server_1
[2025-11-28T02:33:55.617009] [INFO] Подключение к базе данных: C:\Users\Vaan\Desktop\qkd_encryption_system\server_user_1\databases\user_1_db.db
[2025-11-28T02:33:57.886040] [INFO] Подключение к базе данных: C:\Users\Vaan\Desktop\qkd_encryption_system\server_user_2\databases\user_2_db.db
[2025-11-28T02:33:57.887038] [INFO] Подключение к базе данных: C:\Users\Vaan\Desktop\qkd_encryption_system\server_user_2\databases\user_2_db.db
[2025-11-28T02:33:57.888036] [INFO] Подключение к базе данных: C:\Users\Vaan\Desktop\qkd_encryption_system\server_user_2\databases\user_2_db.db
[2025-11-28T02:33:57.889032] [INFO] Подключение к базе данных: C:\Users\Vaan\Desktop\qkd_encryption_system\server_user_2\databases\user_2_db.db
[2025-11-28T02:33:57.890030] [INFO] Подключение к базе данных: C:\Users\Vaan\Desktop\qkd_encryption_system\server_user_2\databases\user_2_db.db
[2025-11-28T02:33:57.894019] [INFO] Подключение к базе данных: C:\Users\Vaan\Desktop\qkd_encryption_system\server_user_2\databases\user_2_db.db
[2025-11-28T02:33:57.895016] [INFO] Подключение к базе данных: C:\Users\Vaan\Desktop\qkd_encryption_system\server_user_2\databases\user_2_db.db
[2025-11-28T02:33:58.370304] [INFO] Подключение к базе данных: C:\Users\Vaan\Desktop\qkd_encryption_system\server_user_2\databases\user_2_db.db
[2025-11-28T02:33:58.370304] [INFO] Подключение к базе данных: C:\Users\Vaan\Desktop\qkd_encryption_system\server_user_2\databases\user_2_db.db
[2025-11-28T02:33:58.370304] [INFO] Подключение к базе данных: C:\Users\Vaan\Desktop\qkd_encryption_system\server_user_2\databases\user_2_db.db
[2025-11-28T02:33:58.371301] [INFO] Подключение к базе данных: C:\Users\Vaan\Desktop\qkd_encryption_system\server_user_2\databases\user_2_db.db
[2025-11-28T02:33:58.371301] [INFO] Подключение к базе данных: C:\Users\Vaan\Desktop\qkd_encryption_system\server_user_2\databases\user_2_db.db
[2025-11-28T02:33:58.372298] [INFO] Подключение к базе данных: C:\Users\Vaan\Desktop\qkd_encryption_system\server_user_2\databases\user_2_db.db
[2025-11-28T02:33:58.372298] [INFO] Подключение к базе данных: C:\Users\Vaan\Desktop\qkd_encryption_system\server_user_2\databases\user_2_db.db
[2025-11-28T02:33:59.575714] [INFO] DEBUG: Получение тестовых сообщений для получателя: server_1
[2025-11-28T02:33:59.576713] [INFO] Подключение к базе данных: C:\Users\Vaan\Desktop\qkd_encryption_system\server_user_1\databases\user_1_db.db
[2025-11-28T02:34:00.437278] [INFO] Подключение к базе данных: C:\Users\Vaan\Desktop\qkd_encryption_system\server_user_2\databases\user_2_db.db
[2025-11-28T02:34:01.795525] [INFO] DEBUG: Получение тестовых сообщений для получателя: server_2
[2025-11-28T02:34:01.796557] [INFO] Подключение к базе данных: C:\Users\Vaan\Desktop\qkd_encryption_system\server_user_2\databases\user_2_db.db
[2025-11-28T02:34:01.797563] [INFO] DEBUG: Найдено сообщений в БД: 2
[2025-11-28T02:34:01.797563] [INFO] DEBUG: Возвращено сообщений: 2
[2025-11-28T02:34:03.566708] [INFO] DEBUG: Получение тестовых сообщений для получателя: server_1
[2025-11-28T02:34:03.567713] [INFO] Подключение к базе данных: C:\Users\Vaan\Desktop\qkd_encryption_system\server_user_1\databases\user_1_db.db
[2025-11-28T02:34:06.571005] [INFO] DEBUG: Получение тестовых сообщений для получателя: server_2
[2025-11-28T02:34:06.572003] [INFO] Подключение к базе данных: C:\Users\Vaan\Desktop\qkd_encryption_system\server_user_2\databases\user_2_db.db
[2025-11-28T02:34:06.574002] [INFO] DEBUG: Найдено сообщений в БД: 2
[2025-11-28T02:34:06.574002] [INFO] DEBUG: Возвращено сообщений: 2
[2025-11-28T02:34:08.572683] [INFO] DEBUG: Получение тестовых сообщений для получателя: server_1
[2025-11-28T02:34:08.573789] [INFO] Подключение к базе данных: C:\Users\Vaan\Desktop\qkd_encryption_system\server_user_1\databases\user_1_db.db
[2025-11-28T02:34:11.563751] [INFO] DEBUG: Получение тестовых сообщений для получателя: server_2
[2025-11-28T02:34:11.564744] [INFO] Подключение к базе данных: C:\Users\Vaan\Desktop\qkd_encryption_system\server_user_2\databases\user_2_db.db
[2025-11-28T02:34:11.565744] [INFO] DEBUG: Найдено сообщений в БД: 2
[2025-11-28T02:34:11.566740] [INFO] DEBUG: Возвращено сообщений: 2
[2025-11-28T02:34:13.569816] [INFO] DEBUG: Получение тестовых сообщений для получателя: server_1
[2025-11-28T02:34:13.569816] [INFO] Подключение к базе данных: C:\Users\Vaan\Desktop\qkd_encryption_system\server_user_1\databases\user_1_db.db
[2025-11-28T02:34:16.596172] [INFO] DEBUG: Получение тестовых сообщений для получателя: server_2
[2025-11-28T02:34:16.605148] [INFO] Подключение к базе данных: C:\Users\Vaan\Desktop\qkd_encryption_system\server_user_2\databases\user_2_db.db
[2025-11-28T02:34:16.606145] [INFO] DEBUG: Найдено сообщений в БД: 2
[2025-11-28T02:34:16.607142] [INFO] DEBUG: Возвращено сообщений: 2
[2025-11-28T02:34:18.574638] [INFO] DEBUG: Получение тестовых сообщений для получателя: server_1
[2025-11-28T02:34:18.574638] [INFO] Подключение к базе данных: C:\Users\Vaan\Desktop\qkd_encryption_system\server_user_1\databases\user_1_db.db
[2025-11-28T02:34:21.572775] [INFO] DEBUG: Получение тестовых сообщений для получателя: server_2
[2025-11-28T02:34:21.572775] [INFO] Подключение к базе данных: C:\Users\Vaan\Desktop\qkd_encryption_system\server_user_2\databases\user_2_db.db
[2025-11-28T02:34:21.574802] [INFO] DEBUG: Найдено сообщений в БД: 2
[2025-11-28T02:34:21.574802] [INFO] DEBUG: Возвращено сообщений: 2
[2025-11-28T02:34:23.577143] [INFO] DEBUG: Получение тестовых сообщений для получателя: server_1
[2025-11-28T02:34:23.577143] [INFO] Подключение к базе данных: C:\Users\Vaan\Desktop\qkd_encryption_system\server_user_1\databases\user_1_db.db
[2025-11-28T02:34:26.574043] [INFO] DEBUG: Получение тестовых сообщений для получателя: server_2
[2025-11-28T02:34:26.574043] [INFO] Подключение к базе данных: C:\Users\Vaan\Desktop\qkd_encryption_system\server_user_2\databases\user_2_db.db
[2025-11-28T02:34:26.576045] [INFO] DEBUG: Найдено сообщений в БД: 2
[2025-11-28T02:34:26.576045] [INFO] DEBUG: Возвращено сообщений: 2
[2025-11-28T02:34:28.578282] [INFO] DEBUG: Получение тестовых сообщений для получателя: server_1
[2025-11-28T02:34:28.578368] [INFO] Подключение к базе данных: C:\Users\Vaan\Desktop\qkd_encryption_system\server_user_1\databases\user_1_db.db
[2025-11-28T02:34:31.764432] [INFO] DEBUG: Получение тестовых сообщений для получателя: server_2
[2025-11-28T02:34:31.835317] [INFO] Подключение к базе данных: C:\Users\Vaan\Desktop\qkd_encryption_system\server_user_2\databases\user_2_db.db
[2025-11-28T02:34:31.837838] [INFO] DEBUG: Найдено сообщений в БД: 2
[2025-11-28T02:34:31.838834] [INFO] DEBUG: Возвращено сообщений: 2
[2025-11-28T02:34:33.569015] [INFO] DEBUG: Получение тестовых сообщений для получателя: server_1
[2025-11-28T02:34:33.570020] [INFO] Подключение к базе данных: C:\Users\Vaan\Desktop\qkd_encryption_system\server_user_1\databases\user_1_db.db
[2025-11-28T02:34:36.571206] [INFO] DEBUG: Получение тестовых сообщений для получателя: server_2
[2025-11-28T02:34:36.571206] [INFO] Подключение к базе данных: C:\Users\Vaan\Desktop\qkd_encryption_system\server_user_2\databases\user_2_db.db
[2025-11-28T02:34:36.573178] [INFO] DEBUG: Найдено сообщений в БД: 2
[2025-11-28T02:34:36.573178] [INFO] DEBUG: Возвращено сообщений: 2
[2025-11-28T02:34:38.577907] [INFO] DEBUG: Получение тестовых сообщений для получателя: server_1
[2025-11-28T02:34:38.577907] [INFO] Подключение к базе данных: C:\Users\Vaan\Desktop\qkd_encryption_system\server_user_1\databases\user_1_db.db
[2025-11-28T02:34:41.571257] [INFO] DEBUG: Получение тестовых сообщений для получателя: server_2
[2025-11-28T02:34:41.571257] [INFO] Подключение к базе данных: C:\Users\Vaan\Desktop\qkd_encryption_system\server_user_2\databases\user_2_db.db
[2025-11-28T02:34:41.573239] [INFO] DEBUG: Найдено сообщений в БД: 2
[2025-11-28T02:34:41.574221] [INFO] DEBUG: Возвращено сообщений: 2
[2025-11-28T02:34:42.256377] [INFO] Ключ key_testA_20251128022828 помечен как использованный пользователем 4
[2025-11-28T02:34:42.264156] [INFO] Файл зашифрован: туториал cursor free vip.txt, key=key_testA_20251128022828, size=2079 байт, time=283.44мс
[2025-11-28T02:34:43.565433] [INFO] DEBUG: Получение тестовых сообщений для получателя: server_1
[2025-11-28T02:34:43.566432] [INFO] Подключение к базе данных: C:\Users\Vaan\Desktop\qkd_encryption_system\server_user_1\databases\user_1_db.db
[2025-11-28T02:34:44.348364] [INFO] Сохранено сообщение от hisoka для receiver_id=1
[2025-11-28T02:34:44.353902] [INFO] Сохранено сообщение от hisoka для receiver_id=2
[2025-11-28T02:34:44.358888] [INFO] Сохранено сообщение от hisoka для receiver_id=4
[2025-11-28T02:34:44.361105] [INFO] Получено зашифрованное сообщение от hisoka (key=key_testA_20251128022828)
[2025-11-28T02:34:46.729750] [INFO] DEBUG: Получение тестовых сообщений для получателя: server_2
[2025-11-28T02:34:46.731745] [INFO] Подключение к базе данных: C:\Users\Vaan\Desktop\qkd_encryption_system\server_user_2\databases\user_2_db.db
[2025-11-28T02:34:46.736733] [INFO] DEBUG: Найдено сообщений в БД: 2
[2025-11-28T02:34:46.738726] [INFO] DEBUG: Возвращено сообщений: 2
[2025-11-28T02:34:48.573605] [INFO] DEBUG: Получение тестовых сообщений для получателя: server_1
[2025-11-28T02:34:48.573605] [INFO] Подключение к базе данных: C:\Users\Vaan\Desktop\qkd_encryption_system\server_user_1\databases\user_1_db.db
[2025-11-28T02:34:50.078351] [ERROR] Ошибка дешифрования: MessageCrypto.decrypt_file() got an unexpected keyword argument 'ciphertext_b64'
[2025-11-28T02:34:54.573831] [INFO] DEBUG: Получение тестовых сообщений для получателя: server_1
[2025-11-28T02:34:54.574829] [INFO] Подключение к базе данных: C:\Users\Vaan\Desktop\qkd_encryption_system\server_user_1\databases\user_1_db.db
[2025-11-28T02:34:59.564788] [INFO] DEBUG: Получение тестовых сообщений для получателя: server_1
[2025-11-28T02:34:59.565736] [INFO] Подключение к базе данных: C:\Users\Vaan\Desktop\qkd_encryption_system\server_user_1\databases\user_1_db.db
[2025-11-28T02:35:03.575376] [INFO] DEBUG: Получение тестовых сообщений для получателя: server_1
[2025-11-28T02:35:03.576374] [INFO] Подключение к базе данных: C:\Users\Vaan\Desktop\qkd_encryption_system\server_user_1\databases\user_1_db.db
[2025-11-28T02:35:06.089169] [INFO] DEBUG: Получение тестовых сообщений для получателя: server_2
[2025-11-28T02:35:06.090168] [INFO] Подключение к базе данных: C:\Users\Vaan\Desktop\qkd_encryption_system\server_user_2\databases\user_2_db.db
[2025-11-28T02:35:06.092194] [INFO] DEBUG: Найдено сообщений в БД: 2
[2025-11-28T02:35:06.094156] [INFO] DEBUG: Возвращено сообщений: 2
[2025-11-28T02:35:09.584491] [INFO] DEBUG: Получение тестовых сообщений для получателя: server_1
[2025-11-28T02:35:09.585488] [INFO] Подключение к базе данных: C:\Users\Vaan\Desktop\qkd_encryption_system\server_user_1\databases\user_1_db.db
[2025-11-28T02:41:04.607460] [INFO] Подключение к базе данных: C:\Users\Vaan\Desktop\qkd_encryption_system\server_user_1\databases\user_1_db.db
[2025-11-28T02:41:04.608458] [INFO] Подключение к базе данных: C:\Users\Vaan\Desktop\qkd_encryption_system\server_user_1\databases\user_1_db.db
[2025-11-28T02:41:04.608458] [INFO] Подключение к базе данных: C:\Users\Vaan\Desktop\qkd_encryption_system\server_user_1\databases\user_1_db.db
[2025-11-28T02:41:04.608458] [INFO] Подключение к базе данных: C:\Users\Vaan\Desktop\qkd_encryption_system\server_user_1\databases\user_1_db.db
[2025-11-28T02:41:04.609455] [INFO] Подключение к базе данных: C:\Users\Vaan\Desktop\qkd_encryption_system\server_user_1\databases\user_1_db.db
[2025-11-28T02:41:04.610453] [INFO] Подключение к базе данных: C:\Users\Vaan\Desktop\qkd_encryption_system\server_user_1\databases\user_1_db.db
[2025-11-28T02:41:04.610453] [INFO] Подключение к базе данных: C:\Users\Vaan\Desktop\qkd_encryption_system\server_user_1\databases\user_1_db.db
[2025-11-28T02:41:04.953337] [INFO] Подключение к базе данных: C:\Users\Vaan\Desktop\qkd_encryption_system\server_user_1\databases\user_1_db.db
[2025-11-28T02:41:04.954335] [INFO] Подключение к базе данных: C:\Users\Vaan\Desktop\qkd_encryption_system\server_user_1\databases\user_1_db.db
[2025-11-28T02:41:04.954335] [INFO] Подключение к базе данных: C:\Users\Vaan\Desktop\qkd_encryption_system\server_user_1\databases\user_1_db.db
[2025-11-28T02:41:04.954335] [INFO] Подключение к базе данных: C:\Users\Vaan\Desktop\qkd_encryption_system\server_user_1\databases\user_1_db.db
[2025-11-28T02:41:04.954335] [INFO] Подключение к базе данных: C:\Users\Vaan\Desktop\qkd_encryption_system\server_user_1\databases\user_1_db.db
[2025-11-28T02:41:04.956372] [INFO] Подключение к базе данных: C:\Users\Vaan\Desktop\qkd_encryption_system\server_user_1\databases\user_1_db.db
[2025-11-28T02:41:04.956372] [INFO] Подключение к базе данных: C:\Users\Vaan\Desktop\qkd_encryption_system\server_user_1\databases\user_1_db.db
[2025-11-28T02:41:12.187624] [INFO] Подключение к базе данных: C:\Users\Vaan\Desktop\qkd_encryption_system\server_user_1\databases\user_1_db.db
[2025-11-28T02:41:13.595465] [INFO] DEBUG: Получение тестовых сообщений для получателя: server_1
[2025-11-28T02:41:13.595465] [INFO] Подключение к базе данных: C:\Users\Vaan\Desktop\qkd_encryption_system\server_user_1\databases\user_1_db.db
[2025-11-28T02:41:16.391414] [INFO] Подключение к базе данных: C:\Users\Vaan\Desktop\qkd_encryption_system\server_user_2\databases\user_2_db.db
[2025-11-28T02:41:16.392411] [INFO] Подключение к базе данных: C:\Users\Vaan\Desktop\qkd_encryption_system\server_user_2\databases\user_2_db.db
[2025-11-28T02:41:16.393409] [INFO] Подключение к базе данных: C:\Users\Vaan\Desktop\qkd_encryption_system\server_user_2\databases\user_2_db.db
[2025-11-28T02:41:16.394406] [INFO] Подключение к базе данных: C:\Users\Vaan\Desktop\qkd_encryption_system\server_user_2\databases\user_2_db.db
[2025-11-28T02:41:16.395403] [INFO] Подключение к базе данных: C:\Users\Vaan\Desktop\qkd_encryption_system\server_user_2\databases\user_2_db.db
[2025-11-28T02:41:16.397398] [INFO] Подключение к базе данных: C:\Users\Vaan\Desktop\qkd_encryption_system\server_user_2\databases\user_2_db.db
[2025-11-28T02:41:16.398395] [INFO] Подключение к базе данных: C:\Users\Vaan\Desktop\qkd_encryption_system\server_user_2\databases\user_2_db.db
[2025-11-28T02:41:17.239074] [INFO] Подключение к базе данных: C:\Users\Vaan\Desktop\qkd_encryption_system\server_user_2\databases\user_2_db.db
[2025-11-28T02:41:17.239074] [INFO] Подключение к базе данных: C:\Users\Vaan\Desktop\qkd_encryption_system\server_user_2\databases\user_2_db.db
[2025-11-28T02:41:17.239074] [INFO] Подключение к базе данных: C:\Users\Vaan\Desktop\qkd_encryption_system\server_user_2\databases\user_2_db.db
[2025-11-28T02:41:17.240072] [INFO] Подключение к базе данных: C:\Users\Vaan\Desktop\qkd_encryption_system\server_user_2\databases\user_2_db.db
[2025-11-28T02:41:17.240072] [INFO] Подключение к базе данных: C:\Users\Vaan\Desktop\qkd_encryption_system\server_user_2\databases\user_2_db.db
[2025-11-28T02:41:17.242067] [INFO] Подключение к базе данных: C:\Users\Vaan\Desktop\qkd_encryption_system\server_user_2\databases\user_2_db.db
[2025-11-28T02:41:17.242067] [INFO] Подключение к базе данных: C:\Users\Vaan\Desktop\qkd_encryption_system\server_user_2\databases\user_2_db.db
[2025-11-28T02:41:18.568458] [INFO] DEBUG: Получение тестовых сообщений для получателя: server_1
[2025-11-28T02:41:18.568458] [INFO] Подключение к базе данных: C:\Users\Vaan\Desktop\qkd_encryption_system\server_user_1\databases\user_1_db.db
[2025-11-28T02:41:18.810466] [INFO] Подключение к базе данных: C:\Users\Vaan\Desktop\qkd_encryption_system\server_user_2\databases\user_2_db.db
[2025-11-28T02:41:20.162814] [INFO] DEBUG: Получение тестовых сообщений для получателя: server_2
[2025-11-28T02:41:20.162814] [INFO] Подключение к базе данных: C:\Users\Vaan\Desktop\qkd_encryption_system\server_user_2\databases\user_2_db.db
[2025-11-28T02:41:20.163779] [INFO] DEBUG: Найдено сообщений в БД: 2
[2025-11-28T02:41:20.163779] [INFO] DEBUG: Возвращено сообщений: 2
[2025-11-28T02:41:23.566102] [INFO] DEBUG: Получение тестовых сообщений для получателя: server_1
[2025-11-28T02:41:23.567066] [INFO] Подключение к базе данных: C:\Users\Vaan\Desktop\qkd_encryption_system\server_user_1\databases\user_1_db.db
[2025-11-28T02:41:24.160379] [INFO] DEBUG: Получение тестовых сообщений для получателя: server_2
[2025-11-28T02:41:24.160379] [INFO] Подключение к базе данных: C:\Users\Vaan\Desktop\qkd_encryption_system\server_user_2\databases\user_2_db.db
[2025-11-28T02:41:24.162379] [INFO] DEBUG: Найдено сообщений в БД: 2
[2025-11-28T02:41:24.162379] [INFO] DEBUG: Возвращено сообщений: 2
[2025-11-28T02:41:28.512097] [ERROR] Ошибка уничтожения ключа key_testA_20251128022828: no such column: destroyed_at
[2025-11-28T02:41:28.513087] [INFO] Файл дешифрован: key=key_testA_20251128022828, size=2079 байт, time=277.29мс, hash_ok=False
[2025-11-28T02:41:28.575152] [INFO] DEBUG: Получение тестовых сообщений для получателя: server_1
[2025-11-28T02:41:28.575152] [INFO] Подключение к базе данных: C:\Users\Vaan\Desktop\qkd_encryption_system\server_user_1\databases\user_1_db.db
[2025-11-28T02:41:29.164483] [INFO] DEBUG: Получение тестовых сообщений для получателя: server_2
[2025-11-28T02:41:29.164483] [INFO] Подключение к базе данных: C:\Users\Vaan\Desktop\qkd_encryption_system\server_user_2\databases\user_2_db.db
[2025-11-28T02:41:29.165479] [INFO] DEBUG: Найдено сообщений в БД: 2
[2025-11-28T02:41:29.166477] [INFO] DEBUG: Возвращено сообщений: 2
[2025-11-28T02:41:32.246043] [ERROR] Ошибка уничтожения ключа key_testA_20251128022828: no such column: destroyed_at
[2025-11-28T02:41:32.246043] [INFO] Файл дешифрован: key=key_testA_20251128022828, size=2079 байт, time=261.9мс, hash_ok=False
[2025-11-28T02:41:33.571025] [INFO] DEBUG: Получение тестовых сообщений для получателя: server_1
[2025-11-28T02:41:33.572023] [INFO] Подключение к базе данных: C:\Users\Vaan\Desktop\qkd_encryption_system\server_user_1\databases\user_1_db.db
[2025-11-28T02:41:34.462502] [INFO] DEBUG: Получение тестовых сообщений для получателя: server_2
[2025-11-28T02:41:34.470556] [INFO] Подключение к базе данных: C:\Users\Vaan\Desktop\qkd_encryption_system\server_user_2\databases\user_2_db.db
[2025-11-28T02:41:34.472551] [INFO] DEBUG: Найдено сообщений в БД: 2
[2025-11-28T02:41:34.472551] [INFO] DEBUG: Возвращено сообщений: 2
[2025-11-28T02:41:36.870934] [ERROR] Ошибка уничтожения ключа key_testA_20251128022828: no such column: destroyed_at
[2025-11-28T02:41:36.870934] [INFO] Файл дешифрован: key=key_testA_20251128022828, size=2079 байт, time=403.74мс, hash_ok=False
[2025-11-28T02:41:38.565834] [INFO] DEBUG: Получение тестовых сообщений для получателя: server_1
[2025-11-28T02:41:38.565834] [INFO] Подключение к базе данных: C:\Users\Vaan\Desktop\qkd_encryption_system\server_user_1\databases\user_1_db.db
[2025-11-28T02:41:39.157590] [INFO] DEBUG: Получение тестовых сообщений для получателя: server_2
[2025-11-28T02:41:39.158579] [INFO] Подключение к базе данных: C:\Users\Vaan\Desktop\qkd_encryption_system\server_user_2\databases\user_2_db.db
[2025-11-28T02:41:39.159580] [INFO] DEBUG: Найдено сообщений в БД: 2
[2025-11-28T02:41:39.159580] [INFO] DEBUG: Возвращено сообщений: 2
[2025-11-28T02:41:40.307035] [ERROR] Ошибка уничтожения ключа key_testA_20251128022828: no such column: destroyed_at
[2025-11-28T02:41:40.307035] [INFO] Файл дешифрован: key=key_testA_20251128022828, size=2079 байт, time=266.51мс, hash_ok=False
[2025-11-28T02:41:43.566289] [INFO] DEBUG: Получение тестовых сообщений для получателя: server_1
[2025-11-28T02:41:43.566289] [INFO] Подключение к базе данных: C:\Users\Vaan\Desktop\qkd_encryption_system\server_user_1\databases\user_1_db.db
[2025-11-28T02:41:44.170394] [INFO] DEBUG: Получение тестовых сообщений для получателя: server_2
[2025-11-28T02:41:44.170394] [INFO] Подключение к базе данных: C:\Users\Vaan\Desktop\qkd_encryption_system\server_user_2\databases\user_2_db.db
[2025-11-28T02:41:44.172362] [INFO] DEBUG: Найдено сообщений в БД: 2
[2025-11-28T02:41:44.172362] [INFO] DEBUG: Возвращено сообщений: 2
[2025-11-28T02:41:48.563751] [INFO] DEBUG: Получение тестовых сообщений для получателя: server_1
[2025-11-28T02:41:48.563751] [INFO] Подключение к базе данных: C:\Users\Vaan\Desktop\qkd_encryption_system\server_user_1\databases\user_1_db.db
[2025-11-28T02:41:49.179943] [INFO] DEBUG: Получение тестовых сообщений для получателя: server_2
[2025-11-28T02:41:49.179943] [INFO] Подключение к базе данных: C:\Users\Vaan\Desktop\qkd_encryption_system\server_user_2\databases\user_2_db.db
[2025-11-28T02:41:49.180940] [INFO] DEBUG: Найдено сообщений в БД: 2
[2025-11-28T02:41:49.219836] [INFO] DEBUG: Возвращено сообщений: 2
[2025-11-28T02:41:53.578786] [INFO] DEBUG: Получение тестовых сообщений для получателя: server_1
[2025-11-28T02:41:53.578786] [INFO] Подключение к базе данных: C:\Users\Vaan\Desktop\qkd_encryption_system\server_user_1\databases\user_1_db.db
[2025-11-28T02:41:54.166544] [INFO] DEBUG: Получение тестовых сообщений для получателя: server_2
[2025-11-28T02:41:54.166544] [INFO] Подключение к базе данных: C:\Users\Vaan\Desktop\qkd_encryption_system\server_user_2\databases\user_2_db.db
[2025-11-28T02:41:54.168545] [INFO] DEBUG: Найдено сообщений в БД: 2
[2025-11-28T02:41:54.169536] [INFO] DEBUG: Возвращено сообщений: 2
[2025-11-28T02:41:54.916964] [ERROR] Ошибка уничтожения ключа key_testA_20251128022828: no such column: destroyed_at
[2025-11-28T02:41:54.916964] [INFO] Файл дешифрован: key=key_testA_20251128022828, size=2079 байт, time=261.7мс, hash_ok=False
[2025-11-28T02:41:58.575578] [INFO] DEBUG: Получение тестовых сообщений для получателя: server_1
[2025-11-28T02:41:58.575578] [INFO] Подключение к базе данных: C:\Users\Vaan\Desktop\qkd_encryption_system\server_user_1\databases\user_1_db.db
[2025-11-28T02:41:59.166718] [INFO] DEBUG: Получение тестовых сообщений для получателя: server_2
[2025-11-28T02:41:59.166718] [INFO] Подключение к базе данных: C:\Users\Vaan\Desktop\qkd_encryption_system\server_user_2\databases\user_2_db.db
[2025-11-28T02:41:59.167710] [INFO] DEBUG: Найдено сообщений в БД: 2
[2025-11-28T02:41:59.168711] [INFO] DEBUG: Возвращено сообщений: 2
[2025-11-28T02:42:01.218833] [ERROR] Ошибка уничтожения ключа key_testB_20251128021247: no such column: destroyed_at
[2025-11-28T02:42:01.219800] [INFO] Сообщение дешифровано: key=key_testB_20251128021247, size=6 байт, time=16.92мс, hash_ok=True
[2025-11-28T02:42:03.577711] [INFO] DEBUG: Получение тестовых сообщений для получателя: server_1
[2025-11-28T02:42:03.578708] [INFO] Подключение к базе данных: C:\Users\Vaan\Desktop\qkd_encryption_system\server_user_1\databases\user_1_db.db
[2025-11-28T02:42:03.809817] [ERROR] Ошибка уничтожения ключа key_testA_20251128022828: no such column: destroyed_at
[2025-11-28T02:42:03.809817] [INFO] Файл дешифрован: key=key_testA_20251128022828, size=2079 байт, time=285.68мс, hash_ok=False
[2025-11-28T02:42:04.157141] [INFO] DEBUG: Получение тестовых сообщений для получателя: server_2
[2025-11-28T02:42:04.157141] [INFO] Подключение к базе данных: C:\Users\Vaan\Desktop\qkd_encryption_system\server_user_2\databases\user_2_db.db
[2025-11-28T02:42:04.158137] [INFO] DEBUG: Найдено сообщений в БД: 2
[2025-11-28T02:42:04.159140] [INFO] DEBUG: Возвращено сообщений: 2
[2025-11-28T02:42:05.504217] [ERROR] Ошибка уничтожения ключа key_testA_20251128022828: no such column: destroyed_at
[2025-11-28T02:42:05.505215] [INFO] Файл дешифрован: key=key_testA_20251128022828, size=2079 байт, time=584.57мс, hash_ok=False
[2025-11-28T02:42:08.575680] [INFO] DEBUG: Получение тестовых сообщений для получателя: server_1
[2025-11-28T02:42:08.575680] [INFO] Подключение к базе данных: C:\Users\Vaan\Desktop\qkd_encryption_system\server_user_1\databases\user_1_db.db
[2025-11-28T02:42:09.160635] [INFO] DEBUG: Получение тестовых сообщений для получателя: server_2
[2025-11-28T02:42:09.160635] [INFO] Подключение к базе данных: C:\Users\Vaan\Desktop\qkd_encryption_system\server_user_2\databases\user_2_db.db
[2025-11-28T02:42:09.162601] [INFO] DEBUG: Найдено сообщений в БД: 2
[2025-11-28T02:42:09.162601] [INFO] DEBUG: Возвращено сообщений: 2
[2025-11-28T02:42:13.575765] [INFO] DEBUG: Получение тестовых сообщений для получателя: server_1
[2025-11-28T02:42:13.575765] [INFO] Подключение к базе данных: C:\Users\Vaan\Desktop\qkd_encryption_system\server_user_1\databases\user_1_db.db
[2025-11-28T02:42:14.161482] [INFO] DEBUG: Получение тестовых сообщений для получателя: server_2
[2025-11-28T02:42:14.162480] [INFO] Подключение к базе данных: C:\Users\Vaan\Desktop\qkd_encryption_system\server_user_2\databases\user_2_db.db
[2025-11-28T02:42:14.163546] [INFO] DEBUG: Найдено сообщений в БД: 2
[2025-11-28T02:42:14.163546] [INFO] DEBUG: Возвращено сообщений: 2
[2025-11-28T02:42:19.165611] [INFO] DEBUG: Получение тестовых сообщений для получателя: server_2
[2025-11-28T02:42:19.166612] [INFO] Подключение к базе данных: C:\Users\Vaan\Desktop\qkd_encryption_system\server_user_2\databases\user_2_db.db
[2025-11-28T02:42:19.170599] [INFO] DEBUG: Найдено сообщений в БД: 2
[2025-11-28T02:42:19.171596] [INFO] DEBUG: Возвращено сообщений: 2
[2025-11-28T02:42:24.169815] [INFO] DEBUG: Получение тестовых сообщений для получателя: server_2
[2025-11-28T02:42:24.170815] [INFO] Подключение к базе данных: C:\Users\Vaan\Desktop\qkd_encryption_system\server_user_2\databases\user_2_db.db
[2025-11-28T02:42:24.171812] [INFO] DEBUG: Найдено сообщений в БД: 2
[2025-11-28T02:42:24.172808] [INFO] DEBUG: Возвращено сообщений: 2
[2025-11-28T02:42:29.399330] [INFO] DEBUG: Получение тестовых сообщений для получателя: server_2
[2025-11-28T02:42:29.400295] [INFO] Подключение к базе данных: C:\Users\Vaan\Desktop\qkd_encryption_system\server_user_2\databases\user_2_db.db
[2025-11-28T02:42:29.401292] [INFO] DEBUG: Найдено сообщений в БД: 2
[2025-11-28T02:42:29.402294] [INFO] DEBUG: Возвращено сообщений: 2
[2025-11-28T02:42:35.261850] [INFO] DEBUG: Получение тестовых сообщений для получателя: server_2
[2025-11-28T02:42:35.403471] [INFO] Подключение к базе данных: C:\Users\Vaan\Desktop\qkd_encryption_system\server_user_2\databases\user_2_db.db
[2025-11-28T02:42:35.468298] [INFO] DEBUG: Найдено сообщений в БД: 2
[2025-11-28T02:42:35.594962] [INFO] DEBUG: Возвращено сообщений: 2
[2025-11-28T02:42:39.386657] [INFO] DEBUG: Получение тестовых сообщений для получателя: server_2
[2025-11-28T02:42:39.449486] [INFO] Подключение к базе данных: C:\Users\Vaan\Desktop\qkd_encryption_system\server_user_2\databases\user_2_db.db
[2025-11-28T02:42:39.592103] [INFO] DEBUG: Найдено сообщений в БД: 2
[2025-11-28T02:42:39.718762] [INFO] DEBUG: Возвращено сообщений: 2
[2025-11-28T02:42:43.375754] [INFO] Ключ key_testA_20251128022828 помечен как использованный пользователем 4
[2025-11-28T02:42:43.382753] [INFO] Файл зашифрован: photo_2025-09-28_17-02-13.jpg, key=key_testA_20251128022828, size=72992 байт, time=10386.63мс
[2025-11-28T02:42:44.166568] [INFO] DEBUG: Получение тестовых сообщений для получателя: server_2
[2025-11-28T02:42:44.166568] [INFO] Подключение к базе данных: C:\Users\Vaan\Desktop\qkd_encryption_system\server_user_2\databases\user_2_db.db
[2025-11-28T02:42:44.168537] [INFO] DEBUG: Найдено сообщений в БД: 2
[2025-11-28T02:42:44.168537] [INFO] DEBUG: Возвращено сообщений: 2
[2025-11-28T02:42:45.458502] [INFO] Сохранено сообщение от Max для receiver_id=1
[2025-11-28T02:42:45.463384] [INFO] Сохранено сообщение от Max для receiver_id=2
[2025-11-28T02:42:45.463384] [INFO] Получено зашифрованное сообщение от Max (key=key_testA_20251128022828)
[2025-11-28T02:42:49.698620] [INFO] DEBUG: Получение тестовых сообщений для получателя: server_2
[2025-11-28T02:42:49.708594] [INFO] Подключение к базе данных: C:\Users\Vaan\Desktop\qkd_encryption_system\server_user_2\databases\user_2_db.db
[2025-11-28T02:42:49.832263] [INFO] DEBUG: Найдено сообщений в БД: 2
[2025-11-28T02:42:49.838249] [INFO] DEBUG: Возвращено сообщений: 2
[2025-11-28T02:42:51.161772] [INFO] DEBUG: Получение тестовых сообщений для получателя: server_1
[2025-11-28T02:42:51.162769] [INFO] Подключение к базе данных: C:\Users\Vaan\Desktop\qkd_encryption_system\server_user_1\databases\user_1_db.db
[2025-11-28T02:42:52.592332] [INFO] DEBUG: Получение тестовых сообщений для получателя: server_1
[2025-11-28T02:42:52.592332] [INFO] Подключение к базе данных: C:\Users\Vaan\Desktop\qkd_encryption_system\server_user_1\databases\user_1_db.db
[2025-11-28T02:42:54.574965] [INFO] DEBUG: Получение тестовых сообщений для получателя: server_2
[2025-11-28T02:42:54.575928] [INFO] Подключение к базе данных: C:\Users\Vaan\Desktop\qkd_encryption_system\server_user_2\databases\user_2_db.db
[2025-11-28T02:42:54.576926] [INFO] DEBUG: Найдено сообщений в БД: 2
[2025-11-28T02:42:54.576926] [INFO] DEBUG: Возвращено сообщений: 2
[2025-11-28T02:42:55.974148] [INFO] Подключение к базе данных: C:\Users\Vaan\Desktop\qkd_encryption_system\server_user_1\databases\user_1_db.db
[2025-11-28T02:42:57.003516] [INFO] DEBUG: Получение тестовых сообщений для получателя: server_1
[2025-11-28T02:42:57.003516] [INFO] Подключение к базе данных: C:\Users\Vaan\Desktop\qkd_encryption_system\server_user_1\databases\user_1_db.db
[2025-11-28T02:42:59.573106] [INFO] DEBUG: Получение тестовых сообщений для получателя: server_2
[2025-11-28T02:42:59.573106] [INFO] Подключение к базе данных: C:\Users\Vaan\Desktop\qkd_encryption_system\server_user_2\databases\user_2_db.db
[2025-11-28T02:42:59.574072] [INFO] DEBUG: Найдено сообщений в БД: 2
[2025-11-28T02:42:59.575102] [INFO] DEBUG: Возвращено сообщений: 2
[2025-11-28T02:43:01.009426] [INFO] DEBUG: Получение тестовых сообщений для получателя: server_1
[2025-11-28T02:43:01.009426] [INFO] Подключение к базе данных: C:\Users\Vaan\Desktop\qkd_encryption_system\server_user_1\databases\user_1_db.db
[2025-11-28T02:43:03.250574] [INFO] Подключение к базе данных: C:\Users\Vaan\Desktop\qkd_encryption_system\server_user_1\databases\user_1_db.db
[2025-11-28T02:43:04.570913] [INFO] DEBUG: Получение тестовых сообщений для получателя: server_1
[2025-11-28T02:43:04.570913] [INFO] Подключение к базе данных: C:\Users\Vaan\Desktop\qkd_encryption_system\server_user_1\databases\user_1_db.db
[2025-11-28T02:43:04.589863] [INFO] DEBUG: Получение тестовых сообщений для получателя: server_2
[2025-11-28T02:43:04.591856] [INFO] Подключение к базе данных: C:\Users\Vaan\Desktop\qkd_encryption_system\server_user_2\databases\user_2_db.db
[2025-11-28T02:43:04.596844] [INFO] DEBUG: Найдено сообщений в БД: 2
[2025-11-28T02:43:04.607815] [INFO] DEBUG: Возвращено сообщений: 2
[2025-11-28T02:43:05.310111] [INFO] Подключение к базе данных: C:\Users\Vaan\Desktop\qkd_encryption_system\server_user_2\databases\user_2_db.db
[2025-11-28T02:43:06.384025] [INFO] DEBUG: Получение тестовых сообщений для получателя: server_2
[2025-11-28T02:43:06.384025] [INFO] Подключение к базе данных: C:\Users\Vaan\Desktop\qkd_encryption_system\server_user_2\databases\user_2_db.db
[2025-11-28T02:43:06.385025] [INFO] DEBUG: Найдено сообщений в БД: 2
[2025-11-28T02:43:06.385025] [INFO] DEBUG: Возвращено сообщений: 2
[2025-11-28T02:43:08.565104] [INFO] DEBUG: Получение тестовых сообщений для получателя: server_1
[2025-11-28T02:43:08.565104] [INFO] Подключение к базе данных: C:\Users\Vaan\Desktop\qkd_encryption_system\server_user_1\databases\user_1_db.db
[2025-11-28T02:43:10.385442] [INFO] DEBUG: Получение тестовых сообщений для получателя: server_2
[2025-11-28T02:43:10.386449] [INFO] Подключение к базе данных: C:\Users\Vaan\Desktop\qkd_encryption_system\server_user_2\databases\user_2_db.db
[2025-11-28T02:43:10.387437] [INFO] DEBUG: Найдено сообщений в БД: 2
[2025-11-28T02:43:10.388433] [INFO] DEBUG: Возвращено сообщений: 2
[2025-11-28T02:43:11.326477] [WARNING] Ключ key_testA_20251128022828 недоступен (статус: Использован)
[2025-11-28T02:43:13.566558] [INFO] DEBUG: Получение тестовых сообщений для получателя: server_1
[2025-11-28T02:43:13.567561] [INFO] Подключение к базе данных: C:\Users\Vaan\Desktop\qkd_encryption_system\server_user_1\databases\user_1_db.db
[2025-11-28T02:43:13.721730] [WARNING] Ключ key_testA_20251128022828 недоступен (статус: Использован)
[2025-11-28T02:43:18.569859] [INFO] DEBUG: Получение тестовых сообщений для получателя: server_1
[2025-11-28T02:43:18.569859] [INFO] Подключение к базе данных: C:\Users\Vaan\Desktop\qkd_encryption_system\server_user_1\databases\user_1_db.db
[2025-11-28T02:43:23.572938] [INFO] DEBUG: Получение тестовых сообщений для получателя: server_1
[2025-11-28T02:43:23.572938] [INFO] Подключение к базе данных: C:\Users\Vaan\Desktop\qkd_encryption_system\server_user_1\databases\user_1_db.db
[2025-11-28T02:43:28.564407] [INFO] DEBUG: Получение тестовых сообщений для получателя: server_1
[2025-11-28T02:43:28.564407] [INFO] Подключение к базе данных: C:\Users\Vaan\Desktop\qkd_encryption_system\server_user_1\databases\user_1_db.db
[2025-11-28T02:43:33.578327] [INFO] DEBUG: Получение тестовых сообщений для получателя: server_1
[2025-11-28T02:43:33.578327] [INFO] Подключение к базе данных: C:\Users\Vaan\Desktop\qkd_encryption_system\server_user_1\databases\user_1_db.db
[2025-11-28T02:43:38.573919] [INFO] DEBUG: Получение тестовых сообщений для получателя: server_1
[2025-11-28T02:43:38.573919] [INFO] Подключение к базе данных: C:\Users\Vaan\Desktop\qkd_encryption_system\server_user_1\databases\user_1_db.db
[2025-11-28T02:43:43.565611] [INFO] DEBUG: Получение тестовых сообщений для получателя: server_1
[2025-11-28T02:43:43.565611] [INFO] Подключение к базе данных: C:\Users\Vaan\Desktop\qkd_encryption_system\server_user_1\databases\user_1_db.db
[2025-11-28T02:43:48.589296] [INFO] DEBUG: Получение тестовых сообщений для получателя: server_1
[2025-11-28T02:43:48.590409] [INFO] Подключение к базе данных: C:\Users\Vaan\Desktop\qkd_encryption_system\server_user_1\databases\user_1_db.db
[2025-11-28T02:43:53.567226] [INFO] DEBUG: Получение тестовых сообщений для получателя: server_1
[2025-11-28T02:43:53.568189] [INFO] Подключение к базе данных: C:\Users\Vaan\Desktop\qkd_encryption_system\server_user_1\databases\user_1_db.db
[2025-11-28T02:43:54.908306] [INFO] DEBUG: Получение тестовых сообщений для получателя: server_2
[2025-11-28T02:43:54.910307] [INFO] Подключение к базе данных: C:\Users\Vaan\Desktop\qkd_encryption_system\server_user_2\databases\user_2_db.db
[2025-11-28T02:43:54.913294] [INFO] DEBUG: Найдено сообщений в БД: 2
[2025-11-28T02:43:54.913294] [INFO] DEBUG: Возвращено сообщений: 2
[2025-11-28T02:43:55.397221] [INFO] DEBUG: Получение тестовых сообщений для получателя: server_2
[2025-11-28T02:43:55.398196] [INFO] Подключение к базе данных: C:\Users\Vaan\Desktop\qkd_encryption_system\server_user_2\databases\user_2_db.db
[2025-11-28T02:43:55.399194] [INFO] DEBUG: Найдено сообщений в БД: 2
[2025-11-28T02:43:55.400189] [INFO] DEBUG: Возвращено сообщений: 2
[2025-11-28T02:43:58.579353] [INFO] DEBUG: Получение тестовых сообщений для получателя: server_1
[2025-11-28T02:43:58.579353] [INFO] Подключение к базе данных: C:\Users\Vaan\Desktop\qkd_encryption_system\server_user_1\databases\user_1_db.db
[2025-11-28T02:44:00.386503] [INFO] DEBUG: Получение тестовых сообщений для получателя: server_2
[2025-11-28T02:44:00.386503] [INFO] Подключение к базе данных: C:\Users\Vaan\Desktop\qkd_encryption_system\server_user_2\databases\user_2_db.db
[2025-11-28T02:44:00.388517] [INFO] DEBUG: Найдено сообщений в БД: 2
[2025-11-28T02:44:00.389495] [INFO] DEBUG: Возвращено сообщений: 2
[2025-11-28T02:44:03.573784] [INFO] DEBUG: Получение тестовых сообщений для получателя: server_1
[2025-11-28T02:44:03.574806] [INFO] Подключение к базе данных: C:\Users\Vaan\Desktop\qkd_encryption_system\server_user_1\databases\user_1_db.db
[2025-11-28T02:44:05.390394] [INFO] DEBUG: Получение тестовых сообщений для получателя: server_2
[2025-11-28T02:44:05.391391] [INFO] Подключение к базе данных: C:\Users\Vaan\Desktop\qkd_encryption_system\server_user_2\databases\user_2_db.db
[2025-11-28T02:44:05.395381] [INFO] DEBUG: Найдено сообщений в БД: 2
[2025-11-28T02:44:05.396378] [INFO] DEBUG: Возвращено сообщений: 2
[2025-11-28T02:44:10.397780] [INFO] DEBUG: Получение тестовых сообщений для получателя: server_2
[2025-11-28T02:44:10.397780] [INFO] Подключение к базе данных: C:\Users\Vaan\Desktop\qkd_encryption_system\server_user_2\databases\user_2_db.db
[2025-11-28T02:44:10.399778] [INFO] DEBUG: Найдено сообщений в БД: 2
[2025-11-28T02:44:10.400772] [INFO] DEBUG: Возвращено сообщений: 2
[2025-11-28T02:44:15.392737] [INFO] DEBUG: Получение тестовых сообщений для получателя: server_2
[2025-11-28T02:44:15.393740] [INFO] Подключение к базе данных: C:\Users\Vaan\Desktop\qkd_encryption_system\server_user_2\databases\user_2_db.db
[2025-11-28T02:44:15.394733] [INFO] DEBUG: Найдено сообщений в БД: 2
[2025-11-28T02:44:15.395728] [INFO] DEBUG: Возвращено сообщений: 2
[2025-11-28T02:44:20.415280] [INFO] DEBUG: Получение тестовых сообщений для получателя: server_2
[2025-11-28T02:44:20.418272] [INFO] Подключение к базе данных: C:\Users\Vaan\Desktop\qkd_encryption_system\server_user_2\databases\user_2_db.db
[2025-11-28T02:44:20.425257] [INFO] DEBUG: Найдено сообщений в БД: 2
[2025-11-28T02:44:20.425257] [INFO] DEBUG: Возвращено сообщений: 2
[2025-11-28T02:44:25.384125] [INFO] DEBUG: Получение тестовых сообщений для получателя: server_2
[2025-11-28T02:44:25.384125] [INFO] Подключение к базе данных: C:\Users\Vaan\Desktop\qkd_encryption_system\server_user_2\databases\user_2_db.db
[2025-11-28T02:44:25.385123] [INFO] DEBUG: Найдено сообщений в БД: 2
[2025-11-28T02:44:25.385123] [INFO] DEBUG: Возвращено сообщений: 2
[2025-11-28T02:44:30.384542] [INFO] DEBUG: Получение тестовых сообщений для получателя: server_2
[2025-11-28T02:44:30.385538] [INFO] Подключение к базе данных: C:\Users\Vaan\Desktop\qkd_encryption_system\server_user_2\databases\user_2_db.db
[2025-11-28T02:44:30.386540] [INFO] DEBUG: Найдено сообщений в БД: 2
[2025-11-28T02:44:30.386540] [INFO] DEBUG: Возвращено сообщений: 2
[2025-11-28T02:44:35.399443] [INFO] DEBUG: Получение тестовых сообщений для получателя: server_2
[2025-11-28T02:44:35.399443] [INFO] Подключение к базе данных: C:\Users\Vaan\Desktop\qkd_encryption_system\server_user_2\databases\user_2_db.db
[2025-11-28T02:44:35.402442] [INFO] DEBUG: Найдено сообщений в БД: 2
[2025-11-28T02:44:35.403433] [INFO] DEBUG: Возвращено сообщений: 2
[2025-11-28T02:44:40.392862] [INFO] DEBUG: Получение тестовых сообщений для получателя: server_2
[2025-11-28T02:44:40.393839] [INFO] Подключение к базе данных: C:\Users\Vaan\Desktop\qkd_encryption_system\server_user_2\databases\user_2_db.db
[2025-11-28T02:44:40.394837] [INFO] DEBUG: Найдено сообщений в БД: 2
[2025-11-28T02:44:40.395835] [INFO] DEBUG: Возвращено сообщений: 2
[2025-11-28T02:44:45.393836] [INFO] DEBUG: Получение тестовых сообщений для получателя: server_2
[2025-11-28T02:44:45.393836] [INFO] Подключение к базе данных: C:\Users\Vaan\Desktop\qkd_encryption_system\server_user_2\databases\user_2_db.db
[2025-11-28T02:44:45.395819] [INFO] DEBUG: Найдено сообщений в БД: 2
[2025-11-28T02:44:45.395819] [INFO] DEBUG: Возвращено сообщений: 2
[2025-11-28T02:44:50.402077] [INFO] DEBUG: Получение тестовых сообщений для получателя: server_2
[2025-11-28T02:44:50.404071] [INFO] Подключение к базе данных: C:\Users\Vaan\Desktop\qkd_encryption_system\server_user_2\databases\user_2_db.db
[2025-11-28T02:44:50.406066] [INFO] DEBUG: Найдено сообщений в БД: 2
[2025-11-28T02:44:50.411053] [INFO] DEBUG: Возвращено сообщений: 2
[2025-11-28T02:44:53.567578] [INFO] DEBUG: Получение тестовых сообщений для получателя: server_1
[2025-11-28T02:44:53.568572] [INFO] Подключение к базе данных: C:\Users\Vaan\Desktop\qkd_encryption_system\server_user_1\databases\user_1_db.db
[2025-11-28T02:44:55.385603] [INFO] DEBUG: Получение тестовых сообщений для получателя: server_2
[2025-11-28T02:44:55.386575] [INFO] Подключение к базе данных: C:\Users\Vaan\Desktop\qkd_encryption_system\server_user_2\databases\user_2_db.db
[2025-11-28T02:44:55.388570] [INFO] DEBUG: Найдено сообщений в БД: 2
[2025-11-28T02:44:55.388570] [INFO] DEBUG: Возвращено сообщений: 2
[2025-11-28T02:45:00.272888] [INFO] DEBUG: Получение тестовых сообщений для получателя: server_1
[2025-11-28T02:45:00.274884] [INFO] Подключение к базе данных: C:\Users\Vaan\Desktop\qkd_encryption_system\server_user_1\databases\user_1_db.db
[2025-11-28T02:45:00.578300] [INFO] DEBUG: Получение тестовых сообщений для получателя: server_2
[2025-11-28T02:45:00.578300] [INFO] Подключение к базе данных: C:\Users\Vaan\Desktop\qkd_encryption_system\server_user_2\databases\user_2_db.db
[2025-11-28T02:45:00.580303] [INFO] DEBUG: Найдено сообщений в БД: 2
[2025-11-28T02:45:00.581293] [INFO] DEBUG: Возвращено сообщений: 2
[2025-11-28T02:45:03.568087] [INFO] DEBUG: Получение тестовых сообщений для получателя: server_1
[2025-11-28T02:45:03.568087] [INFO] Подключение к базе данных: C:\Users\Vaan\Desktop\qkd_encryption_system\server_user_1\databases\user_1_db.db
[2025-11-28T02:45:05.566834] [INFO] DEBUG: Получение тестовых сообщений для получателя: server_2
[2025-11-28T02:45:05.567831] [INFO] Подключение к базе данных: C:\Users\Vaan\Desktop\qkd_encryption_system\server_user_2\databases\user_2_db.db
[2025-11-28T02:45:05.587778] [INFO] DEBUG: Найдено сообщений в БД: 2
[2025-11-28T02:45:05.587778] [INFO] DEBUG: Возвращено сообщений: 2
[2025-11-28T02:45:08.565092] [INFO] DEBUG: Получение тестовых сообщений для получателя: server_1
[2025-11-28T02:45:08.566090] [INFO] Подключение к базе данных: C:\Users\Vaan\Desktop\qkd_encryption_system\server_user_1\databases\user_1_db.db
[2025-11-28T02:45:10.384245] [INFO] DEBUG: Получение тестовых сообщений для получателя: server_2
[2025-11-28T02:45:10.384245] [INFO] Подключение к базе данных: C:\Users\Vaan\Desktop\qkd_encryption_system\server_user_2\databases\user_2_db.db
[2025-11-28T02:45:10.386216] [INFO] DEBUG: Найдено сообщений в БД: 2
[2025-11-28T02:45:10.387218] [INFO] DEBUG: Возвращено сообщений: 2
[2025-11-28T02:45:13.087336] [WARNING] Ключ key_testA_20251128022828 недоступен (статус: Использован)
[2025-11-28T02:45:13.575115] [INFO] DEBUG: Получение тестовых сообщений для получателя: server_1
[2025-11-28T02:45:13.576112] [INFO] Подключение к базе данных: C:\Users\Vaan\Desktop\qkd_encryption_system\server_user_1\databases\user_1_db.db
[2025-11-28T02:45:15.383496] [INFO] DEBUG: Получение тестовых сообщений для получателя: server_2
[2025-11-28T02:45:15.384493] [INFO] Подключение к базе данных: C:\Users\Vaan\Desktop\qkd_encryption_system\server_user_2\databases\user_2_db.db
[2025-11-28T02:45:15.386488] [INFO] DEBUG: Найдено сообщений в БД: 2
[2025-11-28T02:45:15.386488] [INFO] DEBUG: Возвращено сообщений: 2
[2025-11-28T02:45:18.421062] [INFO] Генерация тестовой последовательности. QBER: 3.0%
[2025-11-28T02:45:18.565184] [INFO] DEBUG: Получение тестовых сообщений для получателя: server_1
[2025-11-28T02:45:18.566181] [INFO] Подключение к базе данных: C:\Users\Vaan\Desktop\qkd_encryption_system\server_user_1\databases\user_1_db.db
[2025-11-28T02:45:20.441225] [INFO] DEBUG: Получение тестовых сообщений для получателя: server_2
[2025-11-28T02:45:20.442223] [INFO] Подключение к базе данных: C:\Users\Vaan\Desktop\qkd_encryption_system\server_user_2\databases\user_2_db.db
[2025-11-28T02:45:20.444217] [INFO] DEBUG: Найдено сообщений в БД: 2
[2025-11-28T02:45:20.445215] [INFO] DEBUG: Возвращено сообщений: 2
[2025-11-28T02:45:23.566503] [INFO] DEBUG: Получение тестовых сообщений для получателя: server_1
[2025-11-28T02:45:23.566503] [INFO] Подключение к базе данных: C:\Users\Vaan\Desktop\qkd_encryption_system\server_user_1\databases\user_1_db.db
[2025-11-28T02:45:25.390776] [INFO] DEBUG: Получение тестовых сообщений для получателя: server_2
[2025-11-28T02:45:25.390776] [INFO] Подключение к базе данных: C:\Users\Vaan\Desktop\qkd_encryption_system\server_user_2\databases\user_2_db.db
[2025-11-28T02:45:25.393738] [INFO] DEBUG: Найдено сообщений в БД: 2
[2025-11-28T02:45:25.393738] [INFO] DEBUG: Возвращено сообщений: 2
[2025-11-28T02:45:28.572505] [INFO] DEBUG: Получение тестовых сообщений для получателя: server_1
[2025-11-28T02:45:28.573470] [INFO] Подключение к базе данных: C:\Users\Vaan\Desktop\qkd_encryption_system\server_user_1\databases\user_1_db.db
[2025-11-28T02:45:30.383593] [INFO] DEBUG: Получение тестовых сообщений для получателя: server_2
[2025-11-28T02:45:30.384589] [INFO] Подключение к базе данных: C:\Users\Vaan\Desktop\qkd_encryption_system\server_user_2\databases\user_2_db.db
[2025-11-28T02:45:30.385596] [INFO] DEBUG: Найдено сообщений в БД: 2
[2025-11-28T02:45:30.385596] [INFO] DEBUG: Возвращено сообщений: 2
[2025-11-28T02:45:33.566563] [INFO] DEBUG: Получение тестовых сообщений для получателя: server_1
[2025-11-28T02:45:33.567561] [INFO] Подключение к базе данных: C:\Users\Vaan\Desktop\qkd_encryption_system\server_user_1\databases\user_1_db.db
[2025-11-28T02:45:35.570867] [INFO] DEBUG: Получение тестовых сообщений для получателя: server_2
[2025-11-28T02:45:35.571865] [INFO] Подключение к базе данных: C:\Users\Vaan\Desktop\qkd_encryption_system\server_user_2\databases\user_2_db.db
[2025-11-28T02:45:35.575856] [INFO] DEBUG: Найдено сообщений в БД: 2
[2025-11-28T02:45:35.575856] [INFO] DEBUG: Возвращено сообщений: 2
[2025-11-28T02:45:38.576966] [INFO] DEBUG: Получение тестовых сообщений для получателя: server_1
[2025-11-28T02:45:38.576966] [INFO] Подключение к базе данных: C:\Users\Vaan\Desktop\qkd_encryption_system\server_user_1\databases\user_1_db.db
[2025-11-28T02:45:40.386484] [INFO] DEBUG: Получение тестовых сообщений для получателя: server_2
[2025-11-28T02:45:40.387483] [INFO] Подключение к базе данных: C:\Users\Vaan\Desktop\qkd_encryption_system\server_user_2\databases\user_2_db.db
[2025-11-28T02:45:40.389477] [INFO] DEBUG: Найдено сообщений в БД: 2
[2025-11-28T02:45:40.389477] [INFO] DEBUG: Возвращено сообщений: 2
[2025-11-28T02:45:43.568973] [INFO] DEBUG: Получение тестовых сообщений для получателя: server_1
[2025-11-28T02:45:43.568973] [INFO] Подключение к базе данных: C:\Users\Vaan\Desktop\qkd_encryption_system\server_user_1\databases\user_1_db.db
[2025-11-28T02:45:45.390049] [INFO] DEBUG: Получение тестовых сообщений для получателя: server_2
[2025-11-28T02:45:45.390049] [INFO] Подключение к базе данных: C:\Users\Vaan\Desktop\qkd_encryption_system\server_user_2\databases\user_2_db.db
[2025-11-28T02:45:45.392039] [INFO] DEBUG: Найдено сообщений в БД: 2
[2025-11-28T02:45:45.392039] [INFO] DEBUG: Возвращено сообщений: 2
[2025-11-28T02:45:46.213923] [DEBUG] Блок 1/1: исправлено 0 ошибок, время 0.7мс
[2025-11-28T02:45:46.213923] [INFO] Восстановление ключа testB_20251128024519: 100.0% блоков верифицировано, 0 ошибок исправлено, время 1.8мс, хэш совпадает
[2025-11-28T02:45:46.213923] [INFO] Подключение к базе данных: C:\Users\Vaan\Desktop\qkd_encryption_system\server_user_2\databases\user_2_db.db
[2025-11-28T02:45:46.221972] [INFO] Ключ key_testB_20251128024519 сохранён в защищённое хранилище
[2025-11-28T02:45:46.225961] [INFO] Ключ key_testB_20251128024519 сохранён в защищённое хранилище
[2025-11-28T02:45:48.246217] [INFO] Подключение к базе данных: C:\Users\Vaan\Desktop\qkd_encryption_system\server_user_1\databases\user_1_db.db
[2025-11-28T02:45:48.260890] [INFO] Ключ key_testB_20251128024519 сохранён в защищённое хранилище
[2025-11-28T02:45:48.264738] [INFO] Ключ key_testB_20251128024519 сохранён в защищённое хранилище
[2025-11-28T02:45:48.576407] [INFO] DEBUG: Получение тестовых сообщений для получателя: server_1
[2025-11-28T02:45:48.577409] [INFO] Подключение к базе данных: C:\Users\Vaan\Desktop\qkd_encryption_system\server_user_1\databases\user_1_db.db
[2025-11-28T02:45:50.396252] [INFO] DEBUG: Получение тестовых сообщений для получателя: server_2
[2025-11-28T02:45:50.397250] [INFO] Подключение к базе данных: C:\Users\Vaan\Desktop\qkd_encryption_system\server_user_2\databases\user_2_db.db
[2025-11-28T02:45:50.401239] [INFO] DEBUG: Найдено сообщений в БД: 2
[2025-11-28T02:45:50.402236] [INFO] DEBUG: Возвращено сообщений: 2
[2025-11-28T02:45:50.513938] [INFO] Подключение к базе данных: C:\Users\Vaan\Desktop\qkd_encryption_system\server_user_2\databases\user_2_db.db
[2025-11-28T02:45:51.672447] [INFO] DEBUG: Получение тестовых сообщений для получателя: server_2
[2025-11-28T02:45:51.672447] [INFO] Подключение к базе данных: C:\Users\Vaan\Desktop\qkd_encryption_system\server_user_2\databases\user_2_db.db
[2025-11-28T02:45:51.673445] [INFO] DEBUG: Найдено сообщений в БД: 2
[2025-11-28T02:45:51.673445] [INFO] DEBUG: Возвращено сообщений: 2
[2025-11-28T02:45:53.565792] [INFO] DEBUG: Получение тестовых сообщений для получателя: server_1
[2025-11-28T02:45:53.565792] [INFO] Подключение к базе данных: C:\Users\Vaan\Desktop\qkd_encryption_system\server_user_1\databases\user_1_db.db
[2025-11-28T02:45:55.681288] [INFO] DEBUG: Получение тестовых сообщений для получателя: server_2
[2025-11-28T02:45:55.682285] [INFO] Подключение к базе данных: C:\Users\Vaan\Desktop\qkd_encryption_system\server_user_2\databases\user_2_db.db
[2025-11-28T02:45:55.683283] [INFO] DEBUG: Найдено сообщений в БД: 2
[2025-11-28T02:45:55.683283] [INFO] DEBUG: Возвращено сообщений: 2
[2025-11-28T02:45:58.576656] [INFO] DEBUG: Получение тестовых сообщений для получателя: server_1
[2025-11-28T02:45:58.576656] [INFO] Подключение к базе данных: C:\Users\Vaan\Desktop\qkd_encryption_system\server_user_1\databases\user_1_db.db
[2025-11-28T02:46:00.666934] [INFO] DEBUG: Получение тестовых сообщений для получателя: server_2
[2025-11-28T02:46:00.667963] [INFO] Подключение к базе данных: C:\Users\Vaan\Desktop\qkd_encryption_system\server_user_2\databases\user_2_db.db
[2025-11-28T02:46:00.668929] [INFO] DEBUG: Найдено сообщений в БД: 2
[2025-11-28T02:46:00.669958] [INFO] DEBUG: Возвращено сообщений: 2
[2025-11-28T02:46:01.221063] [INFO] Ключ key_testB_20251128024519 помечен как использованный пользователем 4
[2025-11-28T02:46:01.230506] [INFO] Файл зашифрован: туториал cursor free vip.txt, key=key_testB_20251128024519, size=2079 байт, time=332.9мс
[2025-11-28T02:46:03.311286] [INFO] Сохранено сообщение от Max для receiver_id=1
[2025-11-28T02:46:03.315924] [INFO] Сохранено сообщение от Max для receiver_id=2
[2025-11-28T02:46:03.315924] [INFO] Получено зашифрованное сообщение от Max (key=key_testB_20251128024519)
[2025-11-28T02:46:03.571091] [INFO] DEBUG: Получение тестовых сообщений для получателя: server_1
[2025-11-28T02:46:03.571091] [INFO] Подключение к базе данных: C:\Users\Vaan\Desktop\qkd_encryption_system\server_user_1\databases\user_1_db.db
[2025-11-28T02:46:06.641489] [INFO] DEBUG: Получение тестовых сообщений для получателя: server_2
[2025-11-28T02:46:06.642485] [INFO] Подключение к базе данных: C:\Users\Vaan\Desktop\qkd_encryption_system\server_user_2\databases\user_2_db.db
[2025-11-28T02:46:06.644650] [INFO] DEBUG: Найдено сообщений в БД: 2
[2025-11-28T02:46:06.645477] [INFO] DEBUG: Возвращено сообщений: 2
[2025-11-28T02:46:08.281161] [INFO] DEBUG: Получение тестовых сообщений для получателя: server_1
[2025-11-28T02:46:08.282126] [INFO] Подключение к базе данных: C:\Users\Vaan\Desktop\qkd_encryption_system\server_user_1\databases\user_1_db.db
[2025-11-28T02:46:11.571124] [INFO] DEBUG: Получение тестовых сообщений для получателя: server_2
[2025-11-28T02:46:11.571124] [INFO] Подключение к базе данных: C:\Users\Vaan\Desktop\qkd_encryption_system\server_user_2\databases\user_2_db.db
[2025-11-28T02:46:11.573127] [INFO] DEBUG: Найдено сообщений в БД: 2
[2025-11-28T02:46:11.573127] [INFO] DEBUG: Возвращено сообщений: 2
[2025-11-28T02:46:13.287407] [INFO] DEBUG: Получение тестовых сообщений для получателя: server_1
[2025-11-28T02:46:13.288399] [INFO] Подключение к базе данных: C:\Users\Vaan\Desktop\qkd_encryption_system\server_user_1\databases\user_1_db.db
[2025-11-28T02:46:16.567509] [INFO] DEBUG: Получение тестовых сообщений для получателя: server_2
[2025-11-28T02:46:16.568473] [INFO] Подключение к базе данных: C:\Users\Vaan\Desktop\qkd_encryption_system\server_user_2\databases\user_2_db.db
[2025-11-28T02:46:16.568473] [INFO] DEBUG: Найдено сообщений в БД: 2
[2025-11-28T02:46:16.569473] [INFO] DEBUG: Возвращено сообщений: 2
[2025-11-28T02:46:18.283027] [INFO] DEBUG: Получение тестовых сообщений для получателя: server_1
[2025-11-28T02:46:18.283027] [INFO] Подключение к базе данных: C:\Users\Vaan\Desktop\qkd_encryption_system\server_user_1\databases\user_1_db.db
[2025-11-28T02:46:21.566717] [INFO] DEBUG: Получение тестовых сообщений для получателя: server_2
[2025-11-28T02:46:21.567746] [INFO] Подключение к базе данных: C:\Users\Vaan\Desktop\qkd_encryption_system\server_user_2\databases\user_2_db.db
[2025-11-28T02:46:21.568711] [INFO] DEBUG: Найдено сообщений в БД: 2
[2025-11-28T02:46:21.570710] [INFO] DEBUG: Возвращено сообщений: 2
[2025-11-28T02:46:23.571961] [INFO] DEBUG: Получение тестовых сообщений для получателя: server_1
[2025-11-28T02:46:23.572958] [INFO] Подключение к базе данных: C:\Users\Vaan\Desktop\qkd_encryption_system\server_user_1\databases\user_1_db.db
[2025-11-28T02:46:26.571448] [INFO] DEBUG: Получение тестовых сообщений для получателя: server_2
[2025-11-28T02:46:26.572444] [INFO] Подключение к базе данных: C:\Users\Vaan\Desktop\qkd_encryption_system\server_user_2\databases\user_2_db.db
[2025-11-28T02:46:26.574439] [INFO] DEBUG: Найдено сообщений в БД: 2
[2025-11-28T02:46:26.574439] [INFO] DEBUG: Возвращено сообщений: 2
[2025-11-28T02:46:28.565639] [INFO] DEBUG: Получение тестовых сообщений для получателя: server_1
[2025-11-28T02:46:28.565639] [INFO] Подключение к базе данных: C:\Users\Vaan\Desktop\qkd_encryption_system\server_user_1\databases\user_1_db.db
[2025-11-28T02:46:31.568841] [INFO] DEBUG: Получение тестовых сообщений для получателя: server_2
[2025-11-28T02:46:31.569838] [INFO] Подключение к базе данных: C:\Users\Vaan\Desktop\qkd_encryption_system\server_user_2\databases\user_2_db.db
[2025-11-28T02:46:31.572085] [INFO] DEBUG: Найдено сообщений в БД: 2
[2025-11-28T02:46:31.572085] [INFO] DEBUG: Возвращено сообщений: 2
[2025-11-28T02:46:33.576555] [INFO] DEBUG: Получение тестовых сообщений для получателя: server_1
[2025-11-28T02:46:33.577522] [INFO] Подключение к базе данных: C:\Users\Vaan\Desktop\qkd_encryption_system\server_user_1\databases\user_1_db.db
[2025-11-28T02:46:36.568961] [INFO] DEBUG: Получение тестовых сообщений для получателя: server_2
[2025-11-28T02:46:36.569959] [INFO] Подключение к базе данных: C:\Users\Vaan\Desktop\qkd_encryption_system\server_user_2\databases\user_2_db.db
[2025-11-28T02:46:36.570957] [INFO] DEBUG: Найдено сообщений в БД: 2
[2025-11-28T02:46:36.571996] [INFO] DEBUG: Возвращено сообщений: 2
[2025-11-28T02:46:38.273308] [INFO] DEBUG: Получение тестовых сообщений для получателя: server_1
[2025-11-28T02:46:38.274304] [INFO] Подключение к базе данных: C:\Users\Vaan\Desktop\qkd_encryption_system\server_user_1\databases\user_1_db.db
[2025-11-28T02:46:41.574331] [INFO] DEBUG: Получение тестовых сообщений для получателя: server_2
[2025-11-28T02:46:41.574331] [INFO] Подключение к базе данных: C:\Users\Vaan\Desktop\qkd_encryption_system\server_user_2\databases\user_2_db.db
[2025-11-28T02:46:41.575328] [INFO] DEBUG: Найдено сообщений в БД: 2
[2025-11-28T02:46:41.576329] [INFO] DEBUG: Возвращено сообщений: 2
[2025-11-28T02:46:43.576711] [INFO] DEBUG: Получение тестовых сообщений для получателя: server_1
[2025-11-28T02:46:43.577715] [INFO] Подключение к базе данных: C:\Users\Vaan\Desktop\qkd_encryption_system\server_user_1\databases\user_1_db.db
[2025-11-28T02:46:46.566453] [INFO] DEBUG: Получение тестовых сообщений для получателя: server_2
[2025-11-28T02:46:46.566453] [INFO] Подключение к базе данных: C:\Users\Vaan\Desktop\qkd_encryption_system\server_user_2\databases\user_2_db.db
[2025-11-28T02:46:46.568422] [INFO] DEBUG: Найдено сообщений в БД: 2
[2025-11-28T02:46:46.568422] [INFO] DEBUG: Возвращено сообщений: 2
[2025-11-28T02:46:48.565907] [INFO] DEBUG: Получение тестовых сообщений для получателя: server_1
[2025-11-28T02:46:48.565907] [INFO] Подключение к базе данных: C:\Users\Vaan\Desktop\qkd_encryption_system\server_user_1\databases\user_1_db.db
[2025-11-28T02:46:51.569368] [INFO] DEBUG: Получение тестовых сообщений для получателя: server_2
[2025-11-28T02:46:51.570112] [INFO] Подключение к базе данных: C:\Users\Vaan\Desktop\qkd_encryption_system\server_user_2\databases\user_2_db.db
[2025-11-28T02:46:51.571092] [INFO] DEBUG: Найдено сообщений в БД: 2
[2025-11-28T02:46:51.571092] [INFO] DEBUG: Возвращено сообщений: 2
[2025-11-28T02:46:53.574680] [INFO] DEBUG: Получение тестовых сообщений для получателя: server_1
[2025-11-28T02:46:53.574680] [INFO] Подключение к базе данных: C:\Users\Vaan\Desktop\qkd_encryption_system\server_user_1\databases\user_1_db.db
[2025-11-28T02:46:56.578919] [INFO] DEBUG: Получение тестовых сообщений для получателя: server_2
[2025-11-28T02:46:56.579887] [INFO] Подключение к базе данных: C:\Users\Vaan\Desktop\qkd_encryption_system\server_user_2\databases\user_2_db.db
[2025-11-28T02:46:56.580885] [INFO] DEBUG: Найдено сообщений в БД: 2
[2025-11-28T02:46:56.580885] [INFO] DEBUG: Возвращено сообщений: 2
[2025-11-28T02:46:58.576501] [INFO] DEBUG: Получение тестовых сообщений для получателя: server_1
[2025-11-28T02:46:58.576501] [INFO] Подключение к базе данных: C:\Users\Vaan\Desktop\qkd_encryption_system\server_user_1\databases\user_1_db.db
[2025-11-28T02:47:01.573249] [INFO] DEBUG: Получение тестовых сообщений для получателя: server_2
[2025-11-28T02:47:01.574244] [INFO] Подключение к базе данных: C:\Users\Vaan\Desktop\qkd_encryption_system\server_user_2\databases\user_2_db.db
[2025-11-28T02:47:01.575242] [INFO] DEBUG: Найдено сообщений в БД: 2
[2025-11-28T02:47:01.575242] [INFO] DEBUG: Возвращено сообщений: 2
[2025-11-28T02:47:03.576824] [INFO] DEBUG: Получение тестовых сообщений для получателя: server_1
[2025-11-28T02:47:03.576824] [INFO] Подключение к базе данных: C:\Users\Vaan\Desktop\qkd_encryption_system\server_user_1\databases\user_1_db.db
[2025-11-28T02:47:08.573717] [INFO] DEBUG: Получение тестовых сообщений для получателя: server_1
[2025-11-28T02:47:08.574715] [INFO] Подключение к базе данных: C:\Users\Vaan\Desktop\qkd_encryption_system\server_user_1\databases\user_1_db.db
[2025-11-28T02:47:13.576958] [INFO] DEBUG: Получение тестовых сообщений для получателя: server_1
[2025-11-28T02:47:13.577956] [INFO] Подключение к базе данных: C:\Users\Vaan\Desktop\qkd_encryption_system\server_user_1\databases\user_1_db.db
[2025-11-28T02:47:18.569817] [INFO] DEBUG: Получение тестовых сообщений для получателя: server_1
[2025-11-28T02:47:18.570815] [INFO] Подключение к базе данных: C:\Users\Vaan\Desktop\qkd_encryption_system\server_user_1\databases\user_1_db.db
[2025-11-28T02:47:23.587412] [INFO] DEBUG: Получение тестовых сообщений для получателя: server_1
[2025-11-28T02:47:23.589402] [INFO] Подключение к базе данных: C:\Users\Vaan\Desktop\qkd_encryption_system\server_user_1\databases\user_1_db.db
[2025-11-28T02:47:28.579607] [INFO] DEBUG: Получение тестовых сообщений для получателя: server_1
[2025-11-28T02:47:28.579607] [INFO] Подключение к базе данных: C:\Users\Vaan\Desktop\qkd_encryption_system\server_user_1\databases\user_1_db.db
[2025-11-28T02:47:33.565000] [INFO] DEBUG: Получение тестовых сообщений для получателя: server_1
[2025-11-28T02:47:33.565000] [INFO] Подключение к базе данных: C:\Users\Vaan\Desktop\qkd_encryption_system\server_user_1\databases\user_1_db.db
[2025-11-28T02:47:38.576738] [INFO] DEBUG: Получение тестовых сообщений для получателя: server_1
[2025-11-28T02:47:38.577735] [INFO] Подключение к базе данных: C:\Users\Vaan\Desktop\qkd_encryption_system\server_user_1\databases\user_1_db.db
[2025-11-28T02:47:48.349007] [INFO] DEBUG: Получение тестовых сообщений для получателя: server_1
[2025-11-28T02:47:48.350007] [INFO] Подключение к базе данных: C:\Users\Vaan\Desktop\qkd_encryption_system\server_user_1\databases\user_1_db.db
[2025-11-28T02:47:53.281262] [INFO] DEBUG: Получение тестовых сообщений для получателя: server_1
[2025-11-28T02:47:53.282259] [INFO] Подключение к базе данных: C:\Users\Vaan\Desktop\qkd_encryption_system\server_user_1\databases\user_1_db.db
[2025-11-28T02:47:53.583453] [INFO] DEBUG: Получение тестовых сообщений для получателя: server_2
[2025-11-28T02:47:53.584451] [INFO] Подключение к базе данных: C:\Users\Vaan\Desktop\qkd_encryption_system\server_user_2\databases\user_2_db.db
[2025-11-28T02:47:53.587442] [INFO] DEBUG: Найдено сообщений в БД: 2
[2025-11-28T02:47:53.587442] [INFO] DEBUG: Возвращено сообщений: 2
[2025-11-28T02:47:58.574148] [INFO] DEBUG: Получение тестовых сообщений для получателя: server_1
[2025-11-28T02:47:58.575141] [INFO] Подключение к базе данных: C:\Users\Vaan\Desktop\qkd_encryption_system\server_user_1\databases\user_1_db.db
[2025-11-28T02:48:03.570928] [INFO] DEBUG: Получение тестовых сообщений для получателя: server_1
[2025-11-28T02:48:03.571925] [INFO] Подключение к базе данных: C:\Users\Vaan\Desktop\qkd_encryption_system\server_user_1\databases\user_1_db.db
[2025-11-28T02:48:08.581395] [INFO] DEBUG: Получение тестовых сообщений для получателя: server_1
[2025-11-28T02:48:08.582391] [INFO] Подключение к базе данных: C:\Users\Vaan\Desktop\qkd_encryption_system\server_user_1\databases\user_1_db.db
[2025-11-28T02:48:13.569921] [INFO] DEBUG: Получение тестовых сообщений для получателя: server_1
[2025-11-28T02:48:13.569921] [INFO] Подключение к базе данных: C:\Users\Vaan\Desktop\qkd_encryption_system\server_user_1\databases\user_1_db.db
[2025-11-28T02:48:18.574756] [INFO] DEBUG: Получение тестовых сообщений для получателя: server_1
[2025-11-28T02:48:18.575754] [INFO] Подключение к базе данных: C:\Users\Vaan\Desktop\qkd_encryption_system\server_user_1\databases\user_1_db.db
[2025-11-28T02:48:23.569939] [INFO] DEBUG: Получение тестовых сообщений для получателя: server_1
[2025-11-28T02:48:23.570932] [INFO] Подключение к базе данных: C:\Users\Vaan\Desktop\qkd_encryption_system\server_user_1\databases\user_1_db.db
[2025-11-28T02:48:28.574672] [INFO] DEBUG: Получение тестовых сообщений для получателя: server_1
[2025-11-28T02:48:28.575640] [INFO] Подключение к базе данных: C:\Users\Vaan\Desktop\qkd_encryption_system\server_user_1\databases\user_1_db.db
[2025-11-28T02:48:33.568794] [INFO] DEBUG: Получение тестовых сообщений для получателя: server_1
[2025-11-28T02:48:33.568794] [INFO] Подключение к базе данных: C:\Users\Vaan\Desktop\qkd_encryption_system\server_user_1\databases\user_1_db.db
[2025-11-28T02:48:38.577029] [INFO] DEBUG: Получение тестовых сообщений для получателя: server_1
[2025-11-28T02:48:38.578026] [INFO] Подключение к базе данных: C:\Users\Vaan\Desktop\qkd_encryption_system\server_user_1\databases\user_1_db.db
[2025-11-28T02:48:43.571403] [INFO] DEBUG: Получение тестовых сообщений для получателя: server_1
[2025-11-28T02:48:43.572400] [INFO] Подключение к базе данных: C:\Users\Vaan\Desktop\qkd_encryption_system\server_user_1\databases\user_1_db.db
[2025-11-28T02:48:48.564584] [INFO] DEBUG: Получение тестовых сообщений для получателя: server_1
[2025-11-28T02:48:48.565584] [INFO] Подключение к базе данных: C:\Users\Vaan\Desktop\qkd_encryption_system\server_user_1\databases\user_1_db.db
[2025-11-28T02:48:53.572982] [INFO] DEBUG: Получение тестовых сообщений для получателя: server_1
[2025-11-28T02:48:53.573980] [INFO] Подключение к базе данных: C:\Users\Vaan\Desktop\qkd_encryption_system\server_user_1\databases\user_1_db.db
[2025-11-28T02:48:53.579975] [INFO] DEBUG: Получение тестовых сообщений для получателя: server_2
[2025-11-28T02:48:53.580969] [INFO] Подключение к базе данных: C:\Users\Vaan\Desktop\qkd_encryption_system\server_user_2\databases\user_2_db.db
[2025-11-28T02:48:53.582956] [INFO] DEBUG: Найдено сообщений в БД: 2
[2025-11-28T02:48:53.582956] [INFO] DEBUG: Возвращено сообщений: 2
[2025-11-28T02:49:38.652642] [INFO] DEBUG: Получение тестовых сообщений для получателя: server_1
[2025-11-28T02:49:38.653583] [INFO] Подключение к базе данных: C:\Users\Vaan\Desktop\qkd_encryption_system\server_user_1\databases\user_1_db.db
[2025-11-28T02:49:43.574645] [INFO] DEBUG: Получение тестовых сообщений для получателя: server_1
[2025-11-28T02:49:43.575643] [INFO] Подключение к базе данных: C:\Users\Vaan\Desktop\qkd_encryption_system\server_user_1\databases\user_1_db.db
[2025-11-28T02:49:48.273238] [INFO] DEBUG: Получение тестовых сообщений для получателя: server_1
[2025-11-28T02:49:48.273238] [INFO] Подключение к базе данных: C:\Users\Vaan\Desktop\qkd_encryption_system\server_user_1\databases\user_1_db.db
[2025-11-28T02:49:53.511671] [INFO] DEBUG: Получение тестовых сообщений для получателя: server_1
[2025-11-28T02:49:53.512669] [INFO] Подключение к базе данных: C:\Users\Vaan\Desktop\qkd_encryption_system\server_user_1\databases\user_1_db.db
[2025-11-28T02:49:53.698176] [INFO] DEBUG: Получение тестовых сообщений для получателя: server_2
[2025-11-28T02:49:53.699171] [INFO] Подключение к базе данных: C:\Users\Vaan\Desktop\qkd_encryption_system\server_user_2\databases\user_2_db.db
[2025-11-28T02:49:53.700171] [INFO] DEBUG: Найдено сообщений в БД: 2
[2025-11-28T02:49:53.701166] [INFO] DEBUG: Возвращено сообщений: 2
[2025-11-28T02:49:58.567261] [INFO] DEBUG: Получение тестовых сообщений для получателя: server_1
[2025-11-28T02:49:58.568258] [INFO] Подключение к базе данных: C:\Users\Vaan\Desktop\qkd_encryption_system\server_user_1\databases\user_1_db.db
[2025-11-28T02:50:03.573178] [INFO] DEBUG: Получение тестовых сообщений для получателя: server_1
[2025-11-28T02:50:03.573178] [INFO] Подключение к базе данных: C:\Users\Vaan\Desktop\qkd_encryption_system\server_user_1\databases\user_1_db.db
[2025-11-28T02:50:08.709838] [INFO] DEBUG: Получение тестовых сообщений для получателя: server_1
[2025-11-28T02:50:08.757643] [INFO] Подключение к базе данных: C:\Users\Vaan\Desktop\qkd_encryption_system\server_user_1\databases\user_1_db.db
[2025-11-28T02:50:13.568669] [INFO] DEBUG: Получение тестовых сообщений для получателя: server_1
[2025-11-28T02:50:13.568669] [INFO] Подключение к базе данных: C:\Users\Vaan\Desktop\qkd_encryption_system\server_user_1\databases\user_1_db.db
[2025-11-28T02:50:18.570792] [INFO] DEBUG: Получение тестовых сообщений для получателя: server_1
[2025-11-28T02:50:18.570792] [INFO] Подключение к базе данных: C:\Users\Vaan\Desktop\qkd_encryption_system\server_user_1\databases\user_1_db.db
[2025-11-28T02:50:23.639157] [INFO] DEBUG: Получение тестовых сообщений для получателя: server_1
[2025-11-28T02:50:23.639157] [INFO] Подключение к базе данных: C:\Users\Vaan\Desktop\qkd_encryption_system\server_user_1\databases\user_1_db.db
[2025-11-28T02:50:28.570024] [INFO] DEBUG: Получение тестовых сообщений для получателя: server_1
[2025-11-28T02:50:28.570024] [INFO] Подключение к базе данных: C:\Users\Vaan\Desktop\qkd_encryption_system\server_user_1\databases\user_1_db.db
[2025-11-28T02:50:33.568694] [INFO] DEBUG: Получение тестовых сообщений для получателя: server_1
[2025-11-28T02:50:33.568694] [INFO] Подключение к базе данных: C:\Users\Vaan\Desktop\qkd_encryption_system\server_user_1\databases\user_1_db.db
[2025-11-28T02:50:38.609490] [INFO] DEBUG: Получение тестовых сообщений для получателя: server_1
[2025-11-28T02:50:38.611485] [INFO] Подключение к базе данных: C:\Users\Vaan\Desktop\qkd_encryption_system\server_user_1\databases\user_1_db.db
[2025-11-28T02:50:43.574490] [INFO] DEBUG: Получение тестовых сообщений для получателя: server_1
[2025-11-28T02:50:43.575487] [INFO] Подключение к базе данных: C:\Users\Vaan\Desktop\qkd_encryption_system\server_user_1\databases\user_1_db.db
[2025-11-28T02:50:47.149464] [INFO] Подключение к базе данных: C:\Users\Vaan\Desktop\qkd_encryption_system\server_user_1\databases\user_1_db.db
[2025-11-28T02:50:47.149464] [INFO] Подключение к базе данных: C:\Users\Vaan\Desktop\qkd_encryption_system\server_user_1\databases\user_1_db.db
[2025-11-28T02:50:47.150461] [INFO] Подключение к базе данных: C:\Users\Vaan\Desktop\qkd_encryption_system\server_user_1\databases\user_1_db.db
[2025-11-28T02:50:47.150461] [INFO] Подключение к базе данных: C:\Users\Vaan\Desktop\qkd_encryption_system\server_user_1\databases\user_1_db.db
[2025-11-28T02:50:47.151459] [INFO] Подключение к базе данных: C:\Users\Vaan\Desktop\qkd_encryption_system\server_user_1\databases\user_1_db.db
[2025-11-28T02:50:47.152455] [INFO] Подключение к базе данных: C:\Users\Vaan\Desktop\qkd_encryption_system\server_user_1\databases\user_1_db.db
[2025-11-28T02:50:47.152455] [INFO] Подключение к базе данных: C:\Users\Vaan\Desktop\qkd_encryption_system\server_user_1\databases\user_1_db.db
[2025-11-28T02:50:47.227256] [INFO] Подключение к базе данных: C:\Users\Vaan\Desktop\qkd_encryption_system\server_user_2\databases\user_2_db.db
[2025-11-28T02:50:47.228396] [INFO] Подключение к базе данных: C:\Users\Vaan\Desktop\qkd_encryption_system\server_user_2\databases\user_2_db.db
[2025-11-28T02:50:47.234177] [INFO] Подключение к базе данных: C:\Users\Vaan\Desktop\qkd_encryption_system\server_user_2\databases\user_2_db.db
[2025-11-28T02:50:47.234177] [INFO] Подключение к базе данных: C:\Users\Vaan\Desktop\qkd_encryption_system\server_user_2\databases\user_2_db.db
[2025-11-28T02:50:47.234177] [INFO] Подключение к базе данных: C:\Users\Vaan\Desktop\qkd_encryption_system\server_user_2\databases\user_2_db.db
[2025-11-28T02:50:47.236171] [INFO] Подключение к базе данных: C:\Users\Vaan\Desktop\qkd_encryption_system\server_user_2\databases\user_2_db.db
[2025-11-28T02:50:47.236171] [INFO] Подключение к базе данных: C:\Users\Vaan\Desktop\qkd_encryption_system\server_user_2\databases\user_2_db.db
[2025-11-28T02:50:48.580896] [INFO] DEBUG: Получение тестовых сообщений для получателя: server_1
[2025-11-28T02:50:48.580896] [INFO] Подключение к базе данных: C:\Users\Vaan\Desktop\qkd_encryption_system\server_user_1\databases\user_1_db.db
[2025-11-28T02:50:50.684683] [INFO] Подключение к базе данных: C:\Users\Vaan\Desktop\qkd_encryption_system\server_user_1\databases\user_1_db.db
[2025-11-28T02:50:50.684683] [INFO] Подключение к базе данных: C:\Users\Vaan\Desktop\qkd_encryption_system\server_user_1\databases\user_1_db.db
[2025-11-28T02:50:50.684683] [INFO] Подключение к базе данных: C:\Users\Vaan\Desktop\qkd_encryption_system\server_user_1\databases\user_1_db.db
[2025-11-28T02:50:50.684683] [INFO] Подключение к базе данных: C:\Users\Vaan\Desktop\qkd_encryption_system\server_user_1\databases\user_1_db.db
[2025-11-28T02:50:50.685680] [INFO] Подключение к базе данных: C:\Users\Vaan\Desktop\qkd_encryption_system\server_user_1\databases\user_1_db.db
[2025-11-28T02:50:50.686678] [INFO] Подключение к базе данных: C:\Users\Vaan\Desktop\qkd_encryption_system\server_user_1\databases\user_1_db.db
[2025-11-28T02:50:50.687675] [INFO] Подключение к базе данных: C:\Users\Vaan\Desktop\qkd_encryption_system\server_user_1\databases\user_1_db.db
[2025-11-28T02:50:50.730560] [INFO] Подключение к базе данных: C:\Users\Vaan\Desktop\qkd_encryption_system\server_user_2\databases\user_2_db.db
[2025-11-28T02:50:50.730560] [INFO] Подключение к базе данных: C:\Users\Vaan\Desktop\qkd_encryption_system\server_user_2\databases\user_2_db.db
[2025-11-28T02:50:50.731557] [INFO] Подключение к базе данных: C:\Users\Vaan\Desktop\qkd_encryption_system\server_user_2\databases\user_2_db.db
[2025-11-28T02:50:50.731557] [INFO] Подключение к базе данных: C:\Users\Vaan\Desktop\qkd_encryption_system\server_user_2\databases\user_2_db.db
[2025-11-28T02:50:50.732555] [INFO] Подключение к базе данных: C:\Users\Vaan\Desktop\qkd_encryption_system\server_user_2\databases\user_2_db.db
[2025-11-28T02:50:50.733552] [INFO] Подключение к базе данных: C:\Users\Vaan\Desktop\qkd_encryption_system\server_user_2\databases\user_2_db.db
[2025-11-28T02:50:50.733552] [INFO] Подключение к базе данных: C:\Users\Vaan\Desktop\qkd_encryption_system\server_user_2\databases\user_2_db.db
[2025-11-28T02:50:53.965851] [INFO] DEBUG: Получение тестовых сообщений для получателя: server_1
[2025-11-28T02:50:53.972832] [INFO] Подключение к базе данных: C:\Users\Vaan\Desktop\qkd_encryption_system\server_user_1\databases\user_1_db.db
[2025-11-28T02:50:54.220171] [INFO] DEBUG: Получение тестовых сообщений для получателя: server_2
[2025-11-28T02:50:54.222173] [INFO] Подключение к базе данных: C:\Users\Vaan\Desktop\qkd_encryption_system\server_user_2\databases\user_2_db.db
[2025-11-28T02:50:54.224164] [INFO] DEBUG: Найдено сообщений в БД: 2
[2025-11-28T02:50:54.224164] [INFO] DEBUG: Возвращено сообщений: 2
[2025-11-28T02:51:53.881244] [INFO] DEBUG: Получение тестовых сообщений для получателя: server_1
[2025-11-28T02:51:53.882242] [INFO] Подключение к базе данных: C:\Users\Vaan\Desktop\qkd_encryption_system\server_user_1\databases\user_1_db.db
[2025-11-28T02:51:53.917147] [INFO] DEBUG: Получение тестовых сообщений для получателя: server_2
[2025-11-28T02:51:53.996935] [INFO] Подключение к базе данных: C:\Users\Vaan\Desktop\qkd_encryption_system\server_user_2\databases\user_2_db.db
[2025-11-28T02:51:54.043809] [INFO] DEBUG: Найдено сообщений в БД: 2
[2025-11-28T02:51:54.056784] [INFO] DEBUG: Возвращено сообщений: 2
[2025-11-28T02:52:54.178544] [INFO] DEBUG: Получение тестовых сообщений для получателя: server_1
[2025-11-28T02:52:54.181523] [INFO] Подключение к базе данных: C:\Users\Vaan\Desktop\qkd_encryption_system\server_user_1\databases\user_1_db.db
[2025-11-28T02:52:54.215432] [INFO] DEBUG: Получение тестовых сообщений для получателя: server_2
[2025-11-28T02:52:54.217427] [INFO] Подключение к базе данных: C:\Users\Vaan\Desktop\qkd_encryption_system\server_user_2\databases\user_2_db.db
[2025-11-28T02:52:54.230393] [INFO] DEBUG: Найдено сообщений в БД: 2
[2025-11-28T02:52:54.231389] [INFO] DEBUG: Возвращено сообщений: 2
[2025-11-28T02:53:01.430520] [INFO] Подключение к базе данных: C:\Users\Vaan\Desktop\qkd_encryption_system\server_user_1\databases\user_1_db.db
[2025-11-28T02:53:01.431518] [INFO] Подключение к базе данных: C:\Users\Vaan\Desktop\qkd_encryption_system\server_user_1\databases\user_1_db.db
[2025-11-28T02:53:01.431518] [INFO] Подключение к базе данных: C:\Users\Vaan\Desktop\qkd_encryption_system\server_user_1\databases\user_1_db.db
[2025-11-28T02:53:01.432516] [INFO] Подключение к базе данных: C:\Users\Vaan\Desktop\qkd_encryption_system\server_user_1\databases\user_1_db.db
[2025-11-28T02:53:01.432516] [INFO] Подключение к базе данных: C:\Users\Vaan\Desktop\qkd_encryption_system\server_user_1\databases\user_1_db.db
[2025-11-28T02:53:01.433513] [INFO] Подключение к базе данных: C:\Users\Vaan\Desktop\qkd_encryption_system\server_user_1\databases\user_1_db.db
[2025-11-28T02:53:01.434509] [INFO] Подключение к базе данных: C:\Users\Vaan\Desktop\qkd_encryption_system\server_user_1\databases\user_1_db.db
[2025-11-28T02:53:01.621043] [INFO] Подключение к базе данных: C:\Users\Vaan\Desktop\qkd_encryption_system\server_user_2\databases\user_2_db.db
[2025-11-28T02:53:01.622007] [INFO] Подключение к базе данных: C:\Users\Vaan\Desktop\qkd_encryption_system\server_user_2\databases\user_2_db.db
[2025-11-28T02:53:01.622007] [INFO] Подключение к базе данных: C:\Users\Vaan\Desktop\qkd_encryption_system\server_user_2\databases\user_2_db.db
[2025-11-28T02:53:01.623004] [INFO] Подключение к базе данных: C:\Users\Vaan\Desktop\qkd_encryption_system\server_user_2\databases\user_2_db.db
[2025-11-28T02:53:01.623004] [INFO] Подключение к базе данных: C:\Users\Vaan\Desktop\qkd_encryption_system\server_user_2\databases\user_2_db.db
[2025-11-28T02:53:01.624003] [INFO] Подключение к базе данных: C:\Users\Vaan\Desktop\qkd_encryption_system\server_user_2\databases\user_2_db.db
[2025-11-28T02:53:01.625024] [INFO] Подключение к базе данных: C:\Users\Vaan\Desktop\qkd_encryption_system\server_user_2\databases\user_2_db.db
[2025-11-28T02:53:13.404903] [INFO] Подключение к базе данных: C:\Users\Vaan\Desktop\qkd_encryption_system\server_user_1\databases\user_1_db.db
[2025-11-28T02:53:13.405900] [INFO] Подключение к базе данных: C:\Users\Vaan\Desktop\qkd_encryption_system\server_user_1\databases\user_1_db.db
[2025-11-28T02:53:13.405900] [INFO] Подключение к базе данных: C:\Users\Vaan\Desktop\qkd_encryption_system\server_user_1\databases\user_1_db.db
[2025-11-28T02:53:13.406898] [INFO] Подключение к базе данных: C:\Users\Vaan\Desktop\qkd_encryption_system\server_user_1\databases\user_1_db.db
[2025-11-28T02:53:13.407896] [INFO] Подключение к базе данных: C:\Users\Vaan\Desktop\qkd_encryption_system\server_user_1\databases\user_1_db.db
[2025-11-28T02:53:13.410887] [INFO] Подключение к базе данных: C:\Users\Vaan\Desktop\qkd_encryption_system\server_user_1\databases\user_1_db.db
[2025-11-28T02:53:13.411884] [INFO] Подключение к базе данных: C:\Users\Vaan\Desktop\qkd_encryption_system\server_user_1\databases\user_1_db.db
[2025-11-28T02:53:14.551418] [INFO] Подключение к базе данных: C:\Users\Vaan\Desktop\qkd_encryption_system\server_user_1\databases\user_1_db.db
[2025-11-28T02:53:14.553414] [INFO] Подключение к базе данных: C:\Users\Vaan\Desktop\qkd_encryption_system\server_user_1\databases\user_1_db.db
[2025-11-28T02:53:14.553414] [INFO] Подключение к базе данных: C:\Users\Vaan\Desktop\qkd_encryption_system\server_user_1\databases\user_1_db.db
[2025-11-28T02:53:14.553414] [INFO] Подключение к базе данных: C:\Users\Vaan\Desktop\qkd_encryption_system\server_user_1\databases\user_1_db.db
[2025-11-28T02:53:14.554411] [INFO] Подключение к базе данных: C:\Users\Vaan\Desktop\qkd_encryption_system\server_user_1\databases\user_1_db.db
[2025-11-28T02:53:14.555450] [INFO] Подключение к базе данных: C:\Users\Vaan\Desktop\qkd_encryption_system\server_user_1\databases\user_1_db.db
[2025-11-28T02:53:14.556452] [INFO] Подключение к базе данных: C:\Users\Vaan\Desktop\qkd_encryption_system\server_user_1\databases\user_1_db.db
[2025-11-28T02:53:16.473941] [INFO] Подключение к базе данных: C:\Users\Vaan\Desktop\qkd_encryption_system\server_user_1\databases\user_1_db.db
[2025-11-28T02:53:17.870901] [INFO] DEBUG: Получение тестовых сообщений для получателя: server_1
[2025-11-28T02:53:17.870901] [INFO] Подключение к базе данных: C:\Users\Vaan\Desktop\qkd_encryption_system\server_user_1\databases\user_1_db.db
[2025-11-28T02:53:22.313083] [INFO] Подключение к базе данных: C:\Users\Vaan\Desktop\qkd_encryption_system\server_user_2\databases\user_2_db.db
[2025-11-28T02:53:22.314080] [INFO] Подключение к базе данных: C:\Users\Vaan\Desktop\qkd_encryption_system\server_user_2\databases\user_2_db.db
[2025-11-28T02:53:22.314080] [INFO] Подключение к базе данных: C:\Users\Vaan\Desktop\qkd_encryption_system\server_user_2\databases\user_2_db.db
[2025-11-28T02:53:22.315253] [INFO] Подключение к базе данных: C:\Users\Vaan\Desktop\qkd_encryption_system\server_user_2\databases\user_2_db.db
[2025-11-28T02:53:22.316075] [INFO] Подключение к базе данных: C:\Users\Vaan\Desktop\qkd_encryption_system\server_user_2\databases\user_2_db.db
[2025-11-28T02:53:22.319066] [INFO] Подключение к базе данных: C:\Users\Vaan\Desktop\qkd_encryption_system\server_user_2\databases\user_2_db.db
[2025-11-28T02:53:22.319066] [INFO] Подключение к базе данных: C:\Users\Vaan\Desktop\qkd_encryption_system\server_user_2\databases\user_2_db.db
[2025-11-28T02:53:22.599317] [INFO] DEBUG: Получение тестовых сообщений для получателя: server_1
[2025-11-28T02:53:22.599317] [INFO] Подключение к базе данных: C:\Users\Vaan\Desktop\qkd_encryption_system\server_user_1\databases\user_1_db.db
[2025-11-28T02:53:22.961031] [INFO] Подключение к базе данных: C:\Users\Vaan\Desktop\qkd_encryption_system\server_user_2\databases\user_2_db.db
[2025-11-28T02:53:22.962027] [INFO] Подключение к базе данных: C:\Users\Vaan\Desktop\qkd_encryption_system\server_user_2\databases\user_2_db.db
[2025-11-28T02:53:22.962027] [INFO] Подключение к базе данных: C:\Users\Vaan\Desktop\qkd_encryption_system\server_user_2\databases\user_2_db.db
[2025-11-28T02:53:22.963024] [INFO] Подключение к базе данных: C:\Users\Vaan\Desktop\qkd_encryption_system\server_user_2\databases\user_2_db.db
[2025-11-28T02:53:22.963024] [INFO] Подключение к базе данных: C:\Users\Vaan\Desktop\qkd_encryption_system\server_user_2\databases\user_2_db.db
[2025-11-28T02:53:22.964021] [INFO] Подключение к базе данных: C:\Users\Vaan\Desktop\qkd_encryption_system\server_user_2\databases\user_2_db.db
[2025-11-28T02:53:22.965018] [INFO] Подключение к базе данных: C:\Users\Vaan\Desktop\qkd_encryption_system\server_user_2\databases\user_2_db.db
[2025-11-28T02:53:25.146287] [INFO] Подключение к базе данных: C:\Users\Vaan\Desktop\qkd_encryption_system\server_user_2\databases\user_2_db.db
[2025-11-28T02:53:26.523922] [INFO] DEBUG: Получение тестовых сообщений для получателя: server_2
[2025-11-28T02:53:26.524922] [INFO] Подключение к базе данных: C:\Users\Vaan\Desktop\qkd_encryption_system\server_user_2\databases\user_2_db.db
[2025-11-28T02:53:26.525943] [INFO] DEBUG: Найдено сообщений в БД: 2
[2025-11-28T02:53:26.525943] [INFO] DEBUG: Возвращено сообщений: 2
[2025-11-28T02:53:27.567240] [INFO] DEBUG: Получение тестовых сообщений для получателя: server_1
[2025-11-28T02:53:27.567240] [INFO] Подключение к базе данных: C:\Users\Vaan\Desktop\qkd_encryption_system\server_user_1\databases\user_1_db.db
[2025-11-28T02:53:30.532419] [INFO] DEBUG: Получение тестовых сообщений для получателя: server_2
[2025-11-28T02:53:30.533416] [INFO] Подключение к базе данных: C:\Users\Vaan\Desktop\qkd_encryption_system\server_user_2\databases\user_2_db.db
[2025-11-28T02:53:30.535418] [INFO] DEBUG: Найдено сообщений в БД: 2
[2025-11-28T02:53:30.535418] [INFO] DEBUG: Возвращено сообщений: 2
[2025-11-28T02:53:32.571483] [INFO] DEBUG: Получение тестовых сообщений для получателя: server_1
[2025-11-28T02:53:32.571483] [INFO] Подключение к базе данных: C:\Users\Vaan\Desktop\qkd_encryption_system\server_user_1\databases\user_1_db.db
[2025-11-28T02:53:35.528823] [INFO] DEBUG: Получение тестовых сообщений для получателя: server_2
[2025-11-28T02:53:35.529817] [INFO] Подключение к базе данных: C:\Users\Vaan\Desktop\qkd_encryption_system\server_user_2\databases\user_2_db.db
[2025-11-28T02:53:35.530814] [INFO] DEBUG: Найдено сообщений в БД: 2
[2025-11-28T02:53:35.530814] [INFO] DEBUG: Возвращено сообщений: 2
[2025-11-28T02:53:36.899304] [WARNING] Ключ key_testB_20251128024519 недоступен (статус: Использован)
[2025-11-28T02:53:37.567002] [INFO] DEBUG: Получение тестовых сообщений для получателя: server_1
[2025-11-28T02:53:37.567002] [INFO] Подключение к базе данных: C:\Users\Vaan\Desktop\qkd_encryption_system\server_user_1\databases\user_1_db.db
[2025-11-28T02:53:40.562646] [INFO] DEBUG: Получение тестовых сообщений для получателя: server_2
[2025-11-28T02:53:40.562646] [INFO] Подключение к базе данных: C:\Users\Vaan\Desktop\qkd_encryption_system\server_user_2\databases\user_2_db.db
[2025-11-28T02:53:40.565638] [INFO] DEBUG: Найдено сообщений в БД: 2
[2025-11-28T02:53:40.566636] [INFO] DEBUG: Возвращено сообщений: 2
[2025-11-28T02:53:41.157591] [INFO] Генерация тестовой последовательности. QBER: 4.0%
[2025-11-28T02:53:42.567880] [INFO] DEBUG: Получение тестовых сообщений для получателя: server_1
[2025-11-28T02:53:42.568854] [INFO] Подключение к базе данных: C:\Users\Vaan\Desktop\qkd_encryption_system\server_user_1\databases\user_1_db.db
[2025-11-28T02:53:45.527547] [INFO] DEBUG: Получение тестовых сообщений для получателя: server_2
[2025-11-28T02:53:45.528515] [INFO] Подключение к базе данных: C:\Users\Vaan\Desktop\qkd_encryption_system\server_user_2\databases\user_2_db.db
[2025-11-28T02:53:45.529512] [INFO] DEBUG: Найдено сообщений в БД: 2
[2025-11-28T02:53:45.530509] [INFO] DEBUG: Возвращено сообщений: 2
[2025-11-28T02:53:47.572260] [INFO] DEBUG: Получение тестовых сообщений для получателя: server_1
[2025-11-28T02:53:47.572260] [INFO] Подключение к базе данных: C:\Users\Vaan\Desktop\qkd_encryption_system\server_user_1\databases\user_1_db.db
[2025-11-28T02:53:50.549057] [INFO] DEBUG: Получение тестовых сообщений для получателя: server_2
[2025-11-28T02:53:50.549057] [INFO] Подключение к базе данных: C:\Users\Vaan\Desktop\qkd_encryption_system\server_user_2\databases\user_2_db.db
[2025-11-28T02:53:50.553153] [INFO] DEBUG: Найдено сообщений в БД: 2
[2025-11-28T02:53:50.554159] [INFO] DEBUG: Возвращено сообщений: 2
[2025-11-28T02:53:52.573917] [INFO] DEBUG: Получение тестовых сообщений для получателя: server_1
[2025-11-28T02:53:52.574810] [INFO] Подключение к базе данных: C:\Users\Vaan\Desktop\qkd_encryption_system\server_user_1\databases\user_1_db.db
[2025-11-28T02:53:55.806741] [INFO] DEBUG: Получение тестовых сообщений для получателя: server_2
[2025-11-28T02:53:55.807738] [INFO] Подключение к базе данных: C:\Users\Vaan\Desktop\qkd_encryption_system\server_user_2\databases\user_2_db.db
[2025-11-28T02:53:55.814720] [INFO] DEBUG: Найдено сообщений в БД: 2
[2025-11-28T02:53:55.814720] [INFO] DEBUG: Возвращено сообщений: 2
[2025-11-28T02:53:57.567043] [INFO] DEBUG: Получение тестовых сообщений для получателя: server_1
[2025-11-28T02:53:57.567043] [INFO] Подключение к базе данных: C:\Users\Vaan\Desktop\qkd_encryption_system\server_user_1\databases\user_1_db.db
[2025-11-28T02:54:00.536226] [INFO] DEBUG: Получение тестовых сообщений для получателя: server_2
[2025-11-28T02:54:00.537222] [INFO] Подключение к базе данных: C:\Users\Vaan\Desktop\qkd_encryption_system\server_user_2\databases\user_2_db.db
[2025-11-28T02:54:00.538233] [INFO] DEBUG: Найдено сообщений в БД: 2
[2025-11-28T02:54:00.539244] [INFO] DEBUG: Возвращено сообщений: 2
[2025-11-28T02:54:01.582058] [DEBUG] Блок 1/1: исправлено 0 ошибок, время 0.5мс
[2025-11-28T02:54:01.582058] [INFO] Восстановление ключа testB_20251128025343: 100.0% блоков верифицировано, 0 ошибок исправлено, время 1.5мс, хэш совпадает
[2025-11-28T02:54:01.582058] [INFO] Подключение к базе данных: C:\Users\Vaan\Desktop\qkd_encryption_system\server_user_2\databases\user_2_db.db
[2025-11-28T02:54:01.594101] [INFO] Ключ key_testB_20251128025343 сохранён в защищённое хранилище
[2025-11-28T02:54:01.598485] [INFO] Ключ key_testB_20251128025343 сохранён в защищённое хранилище
[2025-11-28T02:54:02.570348] [INFO] DEBUG: Получение тестовых сообщений для получателя: server_1
[2025-11-28T02:54:02.571306] [INFO] Подключение к базе данных: C:\Users\Vaan\Desktop\qkd_encryption_system\server_user_1\databases\user_1_db.db
[2025-11-28T02:54:03.624389] [INFO] Подключение к базе данных: C:\Users\Vaan\Desktop\qkd_encryption_system\server_user_1\databases\user_1_db.db
[2025-11-28T02:54:03.639397] [INFO] Ключ key_testB_20251128025343 сохранён в защищённое хранилище
[2025-11-28T02:54:03.644424] [INFO] Ключ key_testB_20251128025343 сохранён в защищённое хранилище
[2025-11-28T02:54:05.525819] [INFO] DEBUG: Получение тестовых сообщений для получателя: server_2
[2025-11-28T02:54:05.526818] [INFO] Подключение к базе данных: C:\Users\Vaan\Desktop\qkd_encryption_system\server_user_2\databases\user_2_db.db
[2025-11-28T02:54:05.528819] [INFO] DEBUG: Найдено сообщений в БД: 2
[2025-11-28T02:54:05.529808] [INFO] DEBUG: Возвращено сообщений: 2
[2025-11-28T02:54:05.722555] [INFO] Подключение к базе данных: C:\Users\Vaan\Desktop\qkd_encryption_system\server_user_2\databases\user_2_db.db
[2025-11-28T02:54:06.752060] [INFO] DEBUG: Получение тестовых сообщений для получателя: server_2
[2025-11-28T02:54:06.752060] [INFO] Подключение к базе данных: C:\Users\Vaan\Desktop\qkd_encryption_system\server_user_2\databases\user_2_db.db
[2025-11-28T02:54:06.753057] [INFO] DEBUG: Найдено сообщений в БД: 2
[2025-11-28T02:54:06.753057] [INFO] DEBUG: Возвращено сообщений: 2
[2025-11-28T02:54:07.566377] [INFO] DEBUG: Получение тестовых сообщений для получателя: server_1
[2025-11-28T02:54:07.567374] [INFO] Подключение к базе данных: C:\Users\Vaan\Desktop\qkd_encryption_system\server_user_1\databases\user_1_db.db
[2025-11-28T02:54:10.787220] [INFO] DEBUG: Получение тестовых сообщений для получателя: server_2
[2025-11-28T02:54:10.809160] [INFO] Подключение к базе данных: C:\Users\Vaan\Desktop\qkd_encryption_system\server_user_2\databases\user_2_db.db
[2025-11-28T02:54:10.814146] [INFO] DEBUG: Найдено сообщений в БД: 2
[2025-11-28T02:54:10.819134] [INFO] DEBUG: Возвращено сообщений: 2
[2025-11-28T02:54:12.574349] [INFO] DEBUG: Получение тестовых сообщений для получателя: server_1
[2025-11-28T02:54:12.575322] [INFO] Подключение к базе данных: C:\Users\Vaan\Desktop\qkd_encryption_system\server_user_1\databases\user_1_db.db
[2025-11-28T02:54:15.749561] [INFO] DEBUG: Получение тестовых сообщений для получателя: server_2
[2025-11-28T02:54:15.750557] [INFO] Подключение к базе данных: C:\Users\Vaan\Desktop\qkd_encryption_system\server_user_2\databases\user_2_db.db
[2025-11-28T02:54:15.752552] [INFO] DEBUG: Найдено сообщений в БД: 2
[2025-11-28T02:54:15.753550] [INFO] DEBUG: Возвращено сообщений: 2
[2025-11-28T02:54:17.573418] [INFO] DEBUG: Получение тестовых сообщений для получателя: server_1
[2025-11-28T02:54:17.573418] [INFO] Подключение к базе данных: C:\Users\Vaan\Desktop\qkd_encryption_system\server_user_1\databases\user_1_db.db
[2025-11-28T02:54:19.010264] [INFO] Ключ key_testB_20251128025343 помечен как использованный пользователем 4
[2025-11-28T02:54:19.018582] [INFO] Сообщение зашифровано: key=key_testB_20251128025343, size=7 байт, time=28.89мс
[2025-11-28T02:54:20.757250] [INFO] DEBUG: Получение тестовых сообщений для получателя: server_2
[2025-11-28T02:54:20.757250] [INFO] Подключение к базе данных: C:\Users\Vaan\Desktop\qkd_encryption_system\server_user_2\databases\user_2_db.db
[2025-11-28T02:54:20.759254] [INFO] DEBUG: Найдено сообщений в БД: 2
[2025-11-28T02:54:20.760244] [INFO] DEBUG: Возвращено сообщений: 2
[2025-11-28T02:54:21.088439] [INFO] Сохранено сообщение от Max для receiver_id=1
[2025-11-28T02:54:21.092452] [INFO] Сохранено сообщение от Max для receiver_id=2
[2025-11-28T02:54:21.092452] [INFO] Получено зашифрованное сообщение от Max (key=key_testB_20251128025343)
[2025-11-28T02:54:22.579276] [INFO] DEBUG: Получение тестовых сообщений для получателя: server_1
[2025-11-28T02:54:22.579276] [INFO] Подключение к базе данных: C:\Users\Vaan\Desktop\qkd_encryption_system\server_user_1\databases\user_1_db.db
[2025-11-28T02:54:26.118417] [INFO] Подключение к базе данных: C:\Users\Vaan\Desktop\qkd_encryption_system\server_user_1\databases\user_1_db.db
[2025-11-28T02:54:26.615704] [INFO] DEBUG: Получение тестовых сообщений для получателя: server_2
[2025-11-28T02:54:26.623683] [INFO] Подключение к базе данных: C:\Users\Vaan\Desktop\qkd_encryption_system\server_user_2\databases\user_2_db.db
[2025-11-28T02:54:26.625896] [INFO] DEBUG: Найдено сообщений в БД: 2
[2025-11-28T02:54:26.626675] [INFO] DEBUG: Возвращено сообщений: 2
[2025-11-28T02:54:27.115235] [INFO] Подключение к базе данных: C:\Users\Vaan\Desktop\qkd_encryption_system\server_user_1\databases\user_1_db.db
[2025-11-28T02:54:27.325550] [INFO] Подключение к базе данных: C:\Users\Vaan\Desktop\qkd_encryption_system\server_user_1\databases\user_1_db.db
[2025-11-28T02:54:27.486497] [INFO] Подключение к базе данных: C:\Users\Vaan\Desktop\qkd_encryption_system\server_user_1\databases\user_1_db.db
[2025-11-28T02:54:27.673675] [INFO] Подключение к базе данных: C:\Users\Vaan\Desktop\qkd_encryption_system\server_user_1\databases\user_1_db.db
[2025-11-28T02:54:27.851720] [INFO] Подключение к базе данных: C:\Users\Vaan\Desktop\qkd_encryption_system\server_user_1\databases\user_1_db.db
[2025-11-28T02:54:28.021850] [INFO] Подключение к базе данных: C:\Users\Vaan\Desktop\qkd_encryption_system\server_user_1\databases\user_1_db.db
[2025-11-28T02:54:28.197033] [INFO] Подключение к базе данных: C:\Users\Vaan\Desktop\qkd_encryption_system\server_user_1\databases\user_1_db.db
[2025-11-28T02:54:29.226194] [INFO] DEBUG: Получение тестовых сообщений для получателя: server_1
[2025-11-28T02:54:29.227195] [INFO] Подключение к базе данных: C:\Users\Vaan\Desktop\qkd_encryption_system\server_user_1\databases\user_1_db.db
[2025-11-28T02:54:31.488073] [INFO] DEBUG: Получение тестовых сообщений для получателя: server_2
[2025-11-28T02:54:31.489071] [INFO] Подключение к базе данных: C:\Users\Vaan\Desktop\qkd_encryption_system\server_user_2\databases\user_2_db.db
[2025-11-28T02:54:31.493064] [INFO] DEBUG: Найдено сообщений в БД: 2
[2025-11-28T02:54:31.494059] [INFO] DEBUG: Возвращено сообщений: 2
[2025-11-28T02:54:33.578162] [INFO] DEBUG: Получение тестовых сообщений для получателя: server_1
[2025-11-28T02:54:33.579158] [INFO] Подключение к базе данных: C:\Users\Vaan\Desktop\qkd_encryption_system\server_user_1\databases\user_1_db.db
[2025-11-28T02:54:35.760685] [INFO] DEBUG: Получение тестовых сообщений для получателя: server_2
[2025-11-28T02:54:35.761683] [INFO] Подключение к базе данных: C:\Users\Vaan\Desktop\qkd_encryption_system\server_user_2\databases\user_2_db.db
[2025-11-28T02:54:35.762678] [INFO] DEBUG: Найдено сообщений в БД: 2
[2025-11-28T02:54:35.763750] [INFO] DEBUG: Возвращено сообщений: 2
[2025-11-28T02:54:38.236921] [INFO] DEBUG: Получение тестовых сообщений для получателя: server_1
[2025-11-28T02:54:38.236921] [INFO] Подключение к базе данных: C:\Users\Vaan\Desktop\qkd_encryption_system\server_user_1\databases\user_1_db.db
[2025-11-28T02:54:41.576352] [INFO] DEBUG: Получение тестовых сообщений для получателя: server_2
[2025-11-28T02:54:41.576352] [INFO] Подключение к базе данных: C:\Users\Vaan\Desktop\qkd_encryption_system\server_user_2\databases\user_2_db.db
[2025-11-28T02:54:41.579246] [INFO] DEBUG: Найдено сообщений в БД: 2
[2025-11-28T02:54:41.579246] [INFO] DEBUG: Возвращено сообщений: 2
[2025-11-28T02:54:43.220535] [INFO] DEBUG: Получение тестовых сообщений для получателя: server_1
[2025-11-28T02:54:43.220535] [INFO] Подключение к базе данных: C:\Users\Vaan\Desktop\qkd_encryption_system\server_user_1\databases\user_1_db.db
[2025-11-28T02:54:45.749525] [INFO] DEBUG: Получение тестовых сообщений для получателя: server_2
[2025-11-28T02:54:45.750491] [INFO] Подключение к базе данных: C:\Users\Vaan\Desktop\qkd_encryption_system\server_user_2\databases\user_2_db.db
[2025-11-28T02:54:45.751488] [INFO] DEBUG: Найдено сообщений в БД: 2
[2025-11-28T02:54:45.752486] [INFO] DEBUG: Возвращено сообщений: 2
[2025-11-28T02:54:48.570443] [INFO] DEBUG: Получение тестовых сообщений для получателя: server_1
[2025-11-28T02:54:48.571407] [INFO] Подключение к базе данных: C:\Users\Vaan\Desktop\qkd_encryption_system\server_user_1\databases\user_1_db.db
[2025-11-28T02:54:50.911088] [INFO] Подключение к базе данных: C:\Users\Vaan\Desktop\qkd_encryption_system\server_user_1\databases\user_1_db.db
[2025-11-28T02:54:51.564166] [INFO] DEBUG: Получение тестовых сообщений для получателя: server_2
[2025-11-28T02:54:51.564166] [INFO] Подключение к базе данных: C:\Users\Vaan\Desktop\qkd_encryption_system\server_user_2\databases\user_2_db.db
[2025-11-28T02:54:51.566173] [INFO] DEBUG: Найдено сообщений в БД: 2
[2025-11-28T02:54:51.566173] [INFO] DEBUG: Возвращено сообщений: 2
[2025-11-28T02:54:51.933957] [INFO] DEBUG: Получение тестовых сообщений для получателя: server_1
[2025-11-28T02:54:51.933957] [INFO] Подключение к базе данных: C:\Users\Vaan\Desktop\qkd_encryption_system\server_user_1\databases\user_1_db.db
[2025-11-28T02:54:55.982844] [INFO] DEBUG: Получение тестовых сообщений для получателя: server_1
[2025-11-28T02:54:55.983842] [INFO] Подключение к базе данных: C:\Users\Vaan\Desktop\qkd_encryption_system\server_user_1\databases\user_1_db.db
[2025-11-28T02:54:56.664020] [INFO] DEBUG: Получение тестовых сообщений для получателя: server_2
[2025-11-28T02:54:56.665017] [INFO] Подключение к базе данных: C:\Users\Vaan\Desktop\qkd_encryption_system\server_user_2\databases\user_2_db.db
[2025-11-28T02:54:56.691946] [INFO] DEBUG: Найдено сообщений в БД: 2
[2025-11-28T02:54:56.692943] [INFO] DEBUG: Возвращено сообщений: 2
[2025-11-28T02:55:00.950298] [INFO] DEBUG: Получение тестовых сообщений для получателя: server_1
[2025-11-28T02:55:00.950298] [INFO] Подключение к базе данных: C:\Users\Vaan\Desktop\qkd_encryption_system\server_user_1\databases\user_1_db.db
[2025-11-28T02:55:01.569481] [INFO] DEBUG: Получение тестовых сообщений для получателя: server_2
[2025-11-28T02:55:01.570491] [INFO] Подключение к базе данных: C:\Users\Vaan\Desktop\qkd_encryption_system\server_user_2\databases\user_2_db.db
[2025-11-28T02:55:01.571471] [INFO] DEBUG: Найдено сообщений в БД: 2
[2025-11-28T02:55:01.572469] [INFO] DEBUG: Возвращено сообщений: 2
[2025-11-28T02:55:02.883171] [DEBUG] Блок 1/1: исправлено 0 ошибок, время 0.5мс
[2025-11-28T02:55:02.884168] [INFO] Восстановление ключа testA_20251128025343: 100.0% блоков верифицировано, 0 ошибок исправлено, время 2.1мс, хэш совпадает
[2025-11-28T02:55:02.884168] [DEBUG] Блок 1/1: исправлено 0 ошибок, время 0.5мс
[2025-11-28T02:55:02.884168] [INFO] Подключение к базе данных: C:\Users\Vaan\Desktop\qkd_encryption_system\server_user_1\databases\user_1_db.db
[2025-11-28T02:55:02.884168] [INFO] Восстановление ключа testA_20251128025343: 100.0% блоков верифицировано, 0 ошибок исправлено, время 2.0мс, хэш совпадает
[2025-11-28T02:55:02.884168] [INFO] Подключение к базе данных: C:\Users\Vaan\Desktop\qkd_encryption_system\server_user_1\databases\user_1_db.db
[2025-11-28T02:55:02.894712] [INFO] Ключ key_testA_20251128025343 сохранён в защищённое хранилище
[2025-11-28T02:55:02.899057] [INFO] Ключ key_testA_20251128025343 сохранён в защищённое хранилище
[2025-11-28T02:55:02.903178] [INFO] Ключ key_testA_20251128025343 сохранён в защищённое хранилище
[2025-11-28T02:55:02.907044] [INFO] Ключ key_testA_20251128025343 сохранён в защищённое хранилище
[2025-11-28T02:55:04.912062] [INFO] Подключение к базе данных: C:\Users\Vaan\Desktop\qkd_encryption_system\server_user_2\databases\user_2_db.db
[2025-11-28T02:55:04.925722] [INFO] Подключение к базе данных: C:\Users\Vaan\Desktop\qkd_encryption_system\server_user_2\databases\user_2_db.db
[2025-11-28T02:55:04.945595] [INFO] Ключ key_testA_20251128025343 сохранён в защищённое хранилище
[2025-11-28T02:55:04.950815] [INFO] Ключ key_testA_20251128025343 сохранён в защищённое хранилище
[2025-11-28T02:55:04.962786] [INFO] Ключ key_testA_20251128025343 сохранён в защищённое хранилище
[2025-11-28T02:55:04.986864] [INFO] Ключ key_testA_20251128025343 сохранён в защищённое хранилище
[2025-11-28T02:55:06.115204] [INFO] DEBUG: Получение тестовых сообщений для получателя: server_1
[2025-11-28T02:55:06.116201] [INFO] Подключение к базе данных: C:\Users\Vaan\Desktop\qkd_encryption_system\server_user_1\databases\user_1_db.db
[2025-11-28T02:55:06.569608] [INFO] DEBUG: Получение тестовых сообщений для получателя: server_2
[2025-11-28T02:55:06.569608] [INFO] Подключение к базе данных: C:\Users\Vaan\Desktop\qkd_encryption_system\server_user_2\databases\user_2_db.db
[2025-11-28T02:55:06.571602] [INFO] DEBUG: Найдено сообщений в БД: 2
[2025-11-28T02:55:06.572600] [INFO] DEBUG: Возвращено сообщений: 2
[2025-11-28T02:55:07.117804] [INFO] Подключение к базе данных: C:\Users\Vaan\Desktop\qkd_encryption_system\server_user_1\databases\user_1_db.db
[2025-11-28T02:55:08.143094] [INFO] DEBUG: Получение тестовых сообщений для получателя: server_1
[2025-11-28T02:55:08.144092] [INFO] Подключение к базе данных: C:\Users\Vaan\Desktop\qkd_encryption_system\server_user_1\databases\user_1_db.db
[2025-11-28T02:55:11.585630] [INFO] DEBUG: Получение тестовых сообщений для получателя: server_2
[2025-11-28T02:55:11.588622] [INFO] Подключение к базе данных: C:\Users\Vaan\Desktop\qkd_encryption_system\server_user_2\databases\user_2_db.db
[2025-11-28T02:55:11.591615] [INFO] DEBUG: Найдено сообщений в БД: 2
[2025-11-28T02:55:11.591615] [INFO] DEBUG: Возвращено сообщений: 2
[2025-11-28T02:55:12.159097] [INFO] DEBUG: Получение тестовых сообщений для получателя: server_1
[2025-11-28T02:55:12.159097] [INFO] Подключение к базе данных: C:\Users\Vaan\Desktop\qkd_encryption_system\server_user_1\databases\user_1_db.db
[2025-11-28T02:55:15.716971] [INFO] Ключ key_testA_20251128025343 помечен как использованный пользователем 4
[2025-11-28T02:55:15.724847] [INFO] Сообщение зашифровано: key=key_testA_20251128025343, size=7 байт, time=31.64мс
[2025-11-28T02:55:16.572262] [INFO] DEBUG: Получение тестовых сообщений для получателя: server_2
[2025-11-28T02:55:16.572262] [INFO] Подключение к базе данных: C:\Users\Vaan\Desktop\qkd_encryption_system\server_user_2\databases\user_2_db.db
[2025-11-28T02:55:16.574256] [INFO] DEBUG: Найдено сообщений в БД: 2
[2025-11-28T02:55:16.574256] [INFO] DEBUG: Возвращено сообщений: 2
[2025-11-28T02:55:17.145658] [INFO] DEBUG: Получение тестовых сообщений для получателя: server_1
[2025-11-28T02:55:17.145658] [INFO] Подключение к базе данных: C:\Users\Vaan\Desktop\qkd_encryption_system\server_user_1\databases\user_1_db.db
[2025-11-28T02:55:17.802648] [INFO] Сохранено сообщение от hisoka для receiver_id=1
[2025-11-28T02:55:17.808178] [INFO] Сохранено сообщение от hisoka для receiver_id=2
[2025-11-28T02:55:17.813690] [INFO] Сохранено сообщение от hisoka для receiver_id=4
[2025-11-28T02:55:17.815689] [INFO] Получено зашифрованное сообщение от hisoka (key=key_testA_20251128025343)
[2025-11-28T02:55:20.749880] [INFO] DEBUG: Получение тестовых сообщений для получателя: server_2
[2025-11-28T02:55:20.750879] [INFO] Подключение к базе данных: C:\Users\Vaan\Desktop\qkd_encryption_system\server_user_2\databases\user_2_db.db
[2025-11-28T02:55:20.752873] [INFO] DEBUG: Найдено сообщений в БД: 2
[2025-11-28T02:55:20.752873] [INFO] DEBUG: Возвращено сообщений: 2
[2025-11-28T02:55:22.573053] [INFO] DEBUG: Получение тестовых сообщений для получателя: server_1
[2025-11-28T02:55:22.574049] [INFO] Подключение к базе данных: C:\Users\Vaan\Desktop\qkd_encryption_system\server_user_1\databases\user_1_db.db
[2025-11-28T02:55:22.775134] [ERROR] Ошибка уничтожения ключа key_testA_20251128025343: no such column: destroyed_at
[2025-11-28T02:55:22.776132] [INFO] Сообщение дешифровано: key=key_testA_20251128025343, size=7 байт, time=17.38мс, hash_ok=True
[2025-11-28T02:55:25.770960] [INFO] DEBUG: Получение тестовых сообщений для получателя: server_2
[2025-11-28T02:55:25.771957] [INFO] Подключение к базе данных: C:\Users\Vaan\Desktop\qkd_encryption_system\server_user_2\databases\user_2_db.db
[2025-11-28T02:55:25.772954] [INFO] DEBUG: Найдено сообщений в БД: 2
[2025-11-28T02:55:25.773951] [INFO] DEBUG: Возвращено сообщений: 2
[2025-11-28T02:55:27.568742] [INFO] DEBUG: Получение тестовых сообщений для получателя: server_1
[2025-11-28T02:55:27.568742] [INFO] Подключение к базе данных: C:\Users\Vaan\Desktop\qkd_encryption_system\server_user_1\databases\user_1_db.db
[2025-11-28T02:55:31.579524] [INFO] DEBUG: Получение тестовых сообщений для получателя: server_2
[2025-11-28T02:55:31.579524] [INFO] Подключение к базе данных: C:\Users\Vaan\Desktop\qkd_encryption_system\server_user_2\databases\user_2_db.db
[2025-11-28T02:55:31.581519] [INFO] DEBUG: Найдено сообщений в БД: 2
[2025-11-28T02:55:31.582516] [INFO] DEBUG: Возвращено сообщений: 2
[2025-11-28T02:55:32.156552] [INFO] DEBUG: Получение тестовых сообщений для получателя: server_1
[2025-11-28T02:55:32.156552] [INFO] Подключение к базе данных: C:\Users\Vaan\Desktop\qkd_encryption_system\server_user_1\databases\user_1_db.db
[2025-11-28T02:55:36.578243] [INFO] DEBUG: Получение тестовых сообщений для получателя: server_2
[2025-11-28T02:55:36.579241] [INFO] Подключение к базе данных: C:\Users\Vaan\Desktop\qkd_encryption_system\server_user_2\databases\user_2_db.db
[2025-11-28T02:55:36.581235] [INFO] DEBUG: Найдено сообщений в БД: 2
[2025-11-28T02:55:36.581235] [INFO] DEBUG: Возвращено сообщений: 2
[2025-11-28T02:55:37.154024] [INFO] DEBUG: Получение тестовых сообщений для получателя: server_1
[2025-11-28T02:55:37.154990] [INFO] Подключение к базе данных: C:\Users\Vaan\Desktop\qkd_encryption_system\server_user_1\databases\user_1_db.db
[2025-11-28T02:55:41.580100] [INFO] DEBUG: Получение тестовых сообщений для получателя: server_2
[2025-11-28T02:55:41.580100] [INFO] Подключение к базе данных: C:\Users\Vaan\Desktop\qkd_encryption_system\server_user_2\databases\user_2_db.db
[2025-11-28T02:55:41.586084] [INFO] DEBUG: Найдено сообщений в БД: 2
[2025-11-28T02:55:41.592068] [INFO] DEBUG: Возвращено сообщений: 2
[2025-11-28T02:55:42.566522] [INFO] DEBUG: Получение тестовых сообщений для получателя: server_1
[2025-11-28T02:55:42.566522] [INFO] Подключение к базе данных: C:\Users\Vaan\Desktop\qkd_encryption_system\server_user_1\databases\user_1_db.db
[2025-11-28T02:55:46.575329] [INFO] DEBUG: Получение тестовых сообщений для получателя: server_2
[2025-11-28T02:55:46.575329] [INFO] Подключение к базе данных: C:\Users\Vaan\Desktop\qkd_encryption_system\server_user_2\databases\user_2_db.db
[2025-11-28T02:55:46.577328] [INFO] DEBUG: Найдено сообщений в БД: 2
[2025-11-28T02:55:46.578319] [INFO] DEBUG: Возвращено сообщений: 2
[2025-11-28T02:55:47.573336] [INFO] DEBUG: Получение тестовых сообщений для получателя: server_1
[2025-11-28T02:55:47.574333] [INFO] Подключение к базе данных: C:\Users\Vaan\Desktop\qkd_encryption_system\server_user_1\databases\user_1_db.db
[2025-11-28T02:55:51.574619] [INFO] DEBUG: Получение тестовых сообщений для получателя: server_2
[2025-11-28T02:55:51.574619] [INFO] Подключение к базе данных: C:\Users\Vaan\Desktop\qkd_encryption_system\server_user_2\databases\user_2_db.db
[2025-11-28T02:55:51.575584] [INFO] DEBUG: Найдено сообщений в БД: 2
[2025-11-28T02:55:51.576584] [INFO] DEBUG: Возвращено сообщений: 2
[2025-11-28T02:55:52.144663] [INFO] DEBUG: Получение тестовых сообщений для получателя: server_1
[2025-11-28T02:55:52.145167] [INFO] Подключение к базе данных: C:\Users\Vaan\Desktop\qkd_encryption_system\server_user_1\databases\user_1_db.db
[2025-11-28T02:55:56.577891] [INFO] DEBUG: Получение тестовых сообщений для получателя: server_2
[2025-11-28T02:55:56.577891] [INFO] Подключение к базе данных: C:\Users\Vaan\Desktop\qkd_encryption_system\server_user_2\databases\user_2_db.db
[2025-11-28T02:55:56.580888] [INFO] DEBUG: Найдено сообщений в БД: 2
[2025-11-28T02:55:56.582883] [INFO] DEBUG: Возвращено сообщений: 2
[2025-11-28T02:55:57.151666] [INFO] DEBUG: Получение тестовых сообщений для получателя: server_1
[2025-11-28T02:55:57.152663] [INFO] Подключение к базе данных: C:\Users\Vaan\Desktop\qkd_encryption_system\server_user_1\databases\user_1_db.db
[2025-11-28T02:56:01.571523] [INFO] DEBUG: Получение тестовых сообщений для получателя: server_2
[2025-11-28T02:56:01.572488] [INFO] Подключение к базе данных: C:\Users\Vaan\Desktop\qkd_encryption_system\server_user_2\databases\user_2_db.db
[2025-11-28T02:56:01.574493] [INFO] DEBUG: Найдено сообщений в БД: 2
[2025-11-28T02:56:01.575481] [INFO] DEBUG: Возвращено сообщений: 2
[2025-11-28T02:56:02.144857] [INFO] DEBUG: Получение тестовых сообщений для получателя: server_1
[2025-11-28T02:56:02.144857] [INFO] Подключение к базе данных: C:\Users\Vaan\Desktop\qkd_encryption_system\server_user_1\databases\user_1_db.db
[2025-11-28T02:56:06.578320] [INFO] DEBUG: Получение тестовых сообщений для получателя: server_2
[2025-11-28T02:56:06.578320] [INFO] Подключение к базе данных: C:\Users\Vaan\Desktop\qkd_encryption_system\server_user_2\databases\user_2_db.db
[2025-11-28T02:56:06.580314] [INFO] DEBUG: Найдено сообщений в БД: 2
[2025-11-28T02:56:06.580314] [INFO] DEBUG: Возвращено сообщений: 2
[2025-11-28T02:56:07.144577] [INFO] DEBUG: Получение тестовых сообщений для получателя: server_1
[2025-11-28T02:56:07.144577] [INFO] Подключение к базе данных: C:\Users\Vaan\Desktop\qkd_encryption_system\server_user_1\databases\user_1_db.db
[2025-11-28T02:56:11.572342] [INFO] DEBUG: Получение тестовых сообщений для получателя: server_2
[2025-11-28T02:56:11.573350] [INFO] Подключение к базе данных: C:\Users\Vaan\Desktop\qkd_encryption_system\server_user_2\databases\user_2_db.db
[2025-11-28T02:56:11.574336] [INFO] DEBUG: Найдено сообщений в БД: 2
[2025-11-28T02:56:11.575334] [INFO] DEBUG: Возвращено сообщений: 2
[2025-11-28T02:56:12.156779] [INFO] DEBUG: Получение тестовых сообщений для получателя: server_1
[2025-11-28T02:56:12.157776] [INFO] Подключение к базе данных: C:\Users\Vaan\Desktop\qkd_encryption_system\server_user_1\databases\user_1_db.db
[2025-11-28T02:56:16.568631] [INFO] DEBUG: Получение тестовых сообщений для получателя: server_2
[2025-11-28T02:56:16.568631] [INFO] Подключение к базе данных: C:\Users\Vaan\Desktop\qkd_encryption_system\server_user_2\databases\user_2_db.db
[2025-11-28T02:56:16.570458] [INFO] DEBUG: Найдено сообщений в БД: 2
[2025-11-28T02:56:16.571453] [INFO] DEBUG: Возвращено сообщений: 2
[2025-11-28T02:56:17.157615] [INFO] DEBUG: Получение тестовых сообщений для получателя: server_1
[2025-11-28T02:56:17.158613] [INFO] Подключение к базе данных: C:\Users\Vaan\Desktop\qkd_encryption_system\server_user_1\databases\user_1_db.db
[2025-11-28T02:56:21.575522] [INFO] DEBUG: Получение тестовых сообщений для получателя: server_2
[2025-11-28T02:56:21.576518] [INFO] Подключение к базе данных: C:\Users\Vaan\Desktop\qkd_encryption_system\server_user_2\databases\user_2_db.db
[2025-11-28T02:56:21.578512] [INFO] DEBUG: Найдено сообщений в БД: 2
[2025-11-28T02:56:21.578512] [INFO] DEBUG: Возвращено сообщений: 2
[2025-11-28T02:56:22.149552] [INFO] DEBUG: Получение тестовых сообщений для получателя: server_1
[2025-11-28T02:56:22.150549] [INFO] Подключение к базе данных: C:\Users\Vaan\Desktop\qkd_encryption_system\server_user_1\databases\user_1_db.db
[2025-11-28T02:56:26.584585] [INFO] DEBUG: Получение тестовых сообщений для получателя: server_2
[2025-11-28T02:56:26.585582] [INFO] Подключение к базе данных: C:\Users\Vaan\Desktop\qkd_encryption_system\server_user_2\databases\user_2_db.db
[2025-11-28T02:56:26.586581] [INFO] DEBUG: Найдено сообщений в БД: 2
[2025-11-28T02:56:26.587577] [INFO] DEBUG: Возвращено сообщений: 2
[2025-11-28T02:56:27.148731] [INFO] DEBUG: Получение тестовых сообщений для получателя: server_1
[2025-11-28T02:56:27.149728] [INFO] Подключение к базе данных: C:\Users\Vaan\Desktop\qkd_encryption_system\server_user_1\databases\user_1_db.db
[2025-11-28T02:56:32.149968] [INFO] DEBUG: Получение тестовых сообщений для получателя: server_1
[2025-11-28T02:56:32.149968] [INFO] Подключение к базе данных: C:\Users\Vaan\Desktop\qkd_encryption_system\server_user_1\databases\user_1_db.db
[2025-11-28T02:56:37.154696] [INFO] DEBUG: Получение тестовых сообщений для получателя: server_1
[2025-11-28T02:56:37.154696] [INFO] Подключение к базе данных: C:\Users\Vaan\Desktop\qkd_encryption_system\server_user_1\databases\user_1_db.db
[2025-11-28T02:56:42.149066] [INFO] DEBUG: Получение тестовых сообщений для получателя: server_1
[2025-11-28T02:56:42.149066] [INFO] Подключение к базе данных: C:\Users\Vaan\Desktop\qkd_encryption_system\server_user_1\databases\user_1_db.db
[2025-11-28T02:56:47.145006] [INFO] DEBUG: Получение тестовых сообщений для получателя: server_1
[2025-11-28T02:56:47.145006] [INFO] Подключение к базе данных: C:\Users\Vaan\Desktop\qkd_encryption_system\server_user_1\databases\user_1_db.db
[2025-11-28T02:56:52.147136] [INFO] DEBUG: Получение тестовых сообщений для получателя: server_1
[2025-11-28T02:56:52.148101] [INFO] Подключение к базе данных: C:\Users\Vaan\Desktop\qkd_encryption_system\server_user_1\databases\user_1_db.db
[2025-11-28T02:56:53.565345] [INFO] DEBUG: Получение тестовых сообщений для получателя: server_2
[2025-11-28T02:56:53.566342] [INFO] Подключение к базе данных: C:\Users\Vaan\Desktop\qkd_encryption_system\server_user_2\databases\user_2_db.db
[2025-11-28T02:56:53.568338] [INFO] DEBUG: Найдено сообщений в БД: 2
[2025-11-28T02:56:53.568338] [INFO] DEBUG: Возвращено сообщений: 2
[2025-11-28T02:56:57.148678] [INFO] DEBUG: Получение тестовых сообщений для получателя: server_1
[2025-11-28T02:56:57.148678] [INFO] Подключение к базе данных: C:\Users\Vaan\Desktop\qkd_encryption_system\server_user_1\databases\user_1_db.db
[2025-11-28T02:57:02.145076] [INFO] DEBUG: Получение тестовых сообщений для получателя: server_1
[2025-11-28T02:57:02.145076] [INFO] Подключение к базе данных: C:\Users\Vaan\Desktop\qkd_encryption_system\server_user_1\databases\user_1_db.db
[2025-11-28T02:57:05.599080] [INFO] DEBUG: Получение тестовых сообщений для получателя: server_2
[2025-11-28T02:57:05.600078] [INFO] Подключение к базе данных: C:\Users\Vaan\Desktop\qkd_encryption_system\server_user_2\databases\user_2_db.db
[2025-11-28T02:57:05.602072] [INFO] DEBUG: Найдено сообщений в БД: 2
[2025-11-28T02:57:05.602072] [INFO] DEBUG: Возвращено сообщений: 2
[2025-11-28T02:57:07.565144] [INFO] DEBUG: Получение тестовых сообщений для получателя: server_1
[2025-11-28T02:57:07.566142] [INFO] Подключение к базе данных: C:\Users\Vaan\Desktop\qkd_encryption_system\server_user_1\databases\user_1_db.db
[2025-11-28T02:57:11.578960] [INFO] DEBUG: Получение тестовых сообщений для получателя: server_2
[2025-11-28T02:57:11.583947] [INFO] Подключение к базе данных: C:\Users\Vaan\Desktop\qkd_encryption_system\server_user_2\databases\user_2_db.db
[2025-11-28T02:57:11.585941] [INFO] DEBUG: Найдено сообщений в БД: 2
[2025-11-28T02:57:11.586938] [INFO] DEBUG: Возвращено сообщений: 2
[2025-11-28T02:57:12.153337] [INFO] DEBUG: Получение тестовых сообщений для получателя: server_1
[2025-11-28T02:57:12.154334] [INFO] Подключение к базе данных: C:\Users\Vaan\Desktop\qkd_encryption_system\server_user_1\databases\user_1_db.db
[2025-11-28T02:57:16.570343] [INFO] DEBUG: Получение тестовых сообщений для получателя: server_2
[2025-11-28T02:57:16.571340] [INFO] Подключение к базе данных: C:\Users\Vaan\Desktop\qkd_encryption_system\server_user_2\databases\user_2_db.db
[2025-11-28T02:57:16.573335] [INFO] DEBUG: Найдено сообщений в БД: 2
[2025-11-28T02:57:16.573335] [INFO] DEBUG: Возвращено сообщений: 2
[2025-11-28T02:57:17.147583] [INFO] DEBUG: Получение тестовых сообщений для получателя: server_1
[2025-11-28T02:57:17.148576] [INFO] Подключение к базе данных: C:\Users\Vaan\Desktop\qkd_encryption_system\server_user_1\databases\user_1_db.db
[2025-11-28T02:57:21.575925] [INFO] DEBUG: Получение тестовых сообщений для получателя: server_2
[2025-11-28T02:57:21.576924] [INFO] Подключение к базе данных: C:\Users\Vaan\Desktop\qkd_encryption_system\server_user_2\databases\user_2_db.db
[2025-11-28T02:57:21.578918] [INFO] DEBUG: Найдено сообщений в БД: 2
[2025-11-28T02:57:21.578918] [INFO] DEBUG: Возвращено сообщений: 2
[2025-11-28T02:57:22.154885] [INFO] DEBUG: Получение тестовых сообщений для получателя: server_1
[2025-11-28T02:57:22.155841] [INFO] Подключение к базе данных: C:\Users\Vaan\Desktop\qkd_encryption_system\server_user_1\databases\user_1_db.db
[2025-11-28T02:57:25.757875] [INFO] DEBUG: Получение тестовых сообщений для получателя: server_2
[2025-11-28T02:57:25.757875] [INFO] Подключение к базе данных: C:\Users\Vaan\Desktop\qkd_encryption_system\server_user_2\databases\user_2_db.db
[2025-11-28T02:57:25.759876] [INFO] DEBUG: Найдено сообщений в БД: 2
[2025-11-28T02:57:25.759876] [INFO] DEBUG: Возвращено сообщений: 2
[2025-11-28T02:57:27.578428] [INFO] DEBUG: Получение тестовых сообщений для получателя: server_1
[2025-11-28T02:57:27.579426] [INFO] Подключение к базе данных: C:\Users\Vaan\Desktop\qkd_encryption_system\server_user_1\databases\user_1_db.db
[2025-11-28T02:57:30.761681] [INFO] DEBUG: Получение тестовых сообщений для получателя: server_2
[2025-11-28T02:57:30.762677] [INFO] Подключение к базе данных: C:\Users\Vaan\Desktop\qkd_encryption_system\server_user_2\databases\user_2_db.db
[2025-11-28T02:57:30.763677] [INFO] DEBUG: Найдено сообщений в БД: 2
[2025-11-28T02:57:30.763677] [INFO] DEBUG: Возвращено сообщений: 2
[2025-11-28T02:57:32.572522] [INFO] DEBUG: Получение тестовых сообщений для получателя: server_1
[2025-11-28T02:57:32.573482] [INFO] Подключение к базе данных: C:\Users\Vaan\Desktop\qkd_encryption_system\server_user_1\databases\user_1_db.db
[2025-11-28T02:57:35.761591] [INFO] DEBUG: Получение тестовых сообщений для получателя: server_2
[2025-11-28T02:57:35.762589] [INFO] Подключение к базе данных: C:\Users\Vaan\Desktop\qkd_encryption_system\server_user_2\databases\user_2_db.db
[2025-11-28T02:57:35.763587] [INFO] DEBUG: Найдено сообщений в БД: 2
[2025-11-28T02:57:35.764587] [INFO] DEBUG: Возвращено сообщений: 2
[2025-11-28T02:57:37.578617] [INFO] DEBUG: Получение тестовых сообщений для получателя: server_1
[2025-11-28T02:57:37.578617] [INFO] Подключение к базе данных: C:\Users\Vaan\Desktop\qkd_encryption_system\server_user_1\databases\user_1_db.db
[2025-11-28T02:57:40.751435] [INFO] DEBUG: Получение тестовых сообщений для получателя: server_2
[2025-11-28T02:57:40.752431] [INFO] Подключение к базе данных: C:\Users\Vaan\Desktop\qkd_encryption_system\server_user_2\databases\user_2_db.db
[2025-11-28T02:57:40.753443] [INFO] DEBUG: Найдено сообщений в БД: 2
[2025-11-28T02:57:40.754426] [INFO] DEBUG: Возвращено сообщений: 2
[2025-11-28T02:57:42.576840] [INFO] DEBUG: Получение тестовых сообщений для получателя: server_1
[2025-11-28T02:57:42.577845] [INFO] Подключение к базе данных: C:\Users\Vaan\Desktop\qkd_encryption_system\server_user_1\databases\user_1_db.db
[2025-11-28T02:57:45.759833] [INFO] DEBUG: Получение тестовых сообщений для получателя: server_2
[2025-11-28T02:57:45.759833] [INFO] Подключение к базе данных: C:\Users\Vaan\Desktop\qkd_encryption_system\server_user_2\databases\user_2_db.db
[2025-11-28T02:57:45.761878] [INFO] DEBUG: Найдено сообщений в БД: 2
[2025-11-28T02:57:45.761878] [INFO] DEBUG: Возвращено сообщений: 2
[2025-11-28T02:57:47.566210] [INFO] DEBUG: Получение тестовых сообщений для получателя: server_1
[2025-11-28T02:57:47.567215] [INFO] Подключение к базе данных: C:\Users\Vaan\Desktop\qkd_encryption_system\server_user_1\databases\user_1_db.db
[2025-11-28T02:57:50.759836] [INFO] DEBUG: Получение тестовых сообщений для получателя: server_2
[2025-11-28T02:57:50.760857] [INFO] Подключение к базе данных: C:\Users\Vaan\Desktop\qkd_encryption_system\server_user_2\databases\user_2_db.db
[2025-11-28T02:57:50.761829] [INFO] DEBUG: Найдено сообщений в БД: 2
[2025-11-28T02:57:50.762827] [INFO] DEBUG: Возвращено сообщений: 2
[2025-11-28T02:57:52.576246] [INFO] DEBUG: Получение тестовых сообщений для получателя: server_1
[2025-11-28T02:57:52.576246] [INFO] Подключение к базе данных: C:\Users\Vaan\Desktop\qkd_encryption_system\server_user_1\databases\user_1_db.db
[2025-11-28T02:57:55.750563] [INFO] DEBUG: Получение тестовых сообщений для получателя: server_2
[2025-11-28T02:57:55.750563] [INFO] Подключение к базе данных: C:\Users\Vaan\Desktop\qkd_encryption_system\server_user_2\databases\user_2_db.db
[2025-11-28T02:57:55.752559] [INFO] DEBUG: Найдено сообщений в БД: 2
[2025-11-28T02:57:55.752559] [INFO] DEBUG: Возвращено сообщений: 2
[2025-11-28T02:57:57.581088] [INFO] DEBUG: Получение тестовых сообщений для получателя: server_1
[2025-11-28T02:57:57.581088] [INFO] Подключение к базе данных: C:\Users\Vaan\Desktop\qkd_encryption_system\server_user_1\databases\user_1_db.db
[2025-11-28T02:58:01.571029] [INFO] DEBUG: Получение тестовых сообщений для получателя: server_2
[2025-11-28T02:58:01.571029] [INFO] Подключение к базе данных: C:\Users\Vaan\Desktop\qkd_encryption_system\server_user_2\databases\user_2_db.db
[2025-11-28T02:58:01.573050] [INFO] DEBUG: Найдено сообщений в БД: 2
[2025-11-28T02:58:01.573050] [INFO] DEBUG: Возвращено сообщений: 2
[2025-11-28T02:58:02.573420] [INFO] DEBUG: Получение тестовых сообщений для получателя: server_1
[2025-11-28T02:58:02.573420] [INFO] Подключение к базе данных: C:\Users\Vaan\Desktop\qkd_encryption_system\server_user_1\databases\user_1_db.db
[2025-11-28T02:58:06.572236] [INFO] DEBUG: Получение тестовых сообщений для получателя: server_2
[2025-11-28T02:58:06.573198] [INFO] Подключение к базе данных: C:\Users\Vaan\Desktop\qkd_encryption_system\server_user_2\databases\user_2_db.db
[2025-11-28T02:58:06.575192] [INFO] DEBUG: Найдено сообщений в БД: 2
[2025-11-28T02:58:06.575192] [INFO] DEBUG: Возвращено сообщений: 2
[2025-11-28T02:58:07.566439] [INFO] DEBUG: Получение тестовых сообщений для получателя: server_1
[2025-11-28T02:58:07.567435] [INFO] Подключение к базе данных: C:\Users\Vaan\Desktop\qkd_encryption_system\server_user_1\databases\user_1_db.db
[2025-11-28T02:58:11.576142] [INFO] DEBUG: Получение тестовых сообщений для получателя: server_2
[2025-11-28T02:58:11.577138] [INFO] Подключение к базе данных: C:\Users\Vaan\Desktop\qkd_encryption_system\server_user_2\databases\user_2_db.db
[2025-11-28T02:58:11.579133] [INFO] DEBUG: Найдено сообщений в БД: 2
[2025-11-28T02:58:11.579133] [INFO] DEBUG: Возвращено сообщений: 2
[2025-11-28T02:58:12.576560] [INFO] DEBUG: Получение тестовых сообщений для получателя: server_1
[2025-11-28T02:58:12.576560] [INFO] Подключение к базе данных: C:\Users\Vaan\Desktop\qkd_encryption_system\server_user_1\databases\user_1_db.db
[2025-11-28T02:58:16.577820] [INFO] DEBUG: Получение тестовых сообщений для получателя: server_2
[2025-11-28T02:58:16.577820] [INFO] Подключение к базе данных: C:\Users\Vaan\Desktop\qkd_encryption_system\server_user_2\databases\user_2_db.db
[2025-11-28T02:58:16.579820] [INFO] DEBUG: Найдено сообщений в БД: 2
[2025-11-28T02:58:16.580817] [INFO] DEBUG: Возвращено сообщений: 2
[2025-11-28T02:58:17.568116] [INFO] DEBUG: Получение тестовых сообщений для получателя: server_1
[2025-11-28T02:58:17.568116] [INFO] Подключение к базе данных: C:\Users\Vaan\Desktop\qkd_encryption_system\server_user_1\databases\user_1_db.db
[2025-11-28T02:58:21.571453] [INFO] DEBUG: Получение тестовых сообщений для получателя: server_2
[2025-11-28T02:58:21.571453] [INFO] Подключение к базе данных: C:\Users\Vaan\Desktop\qkd_encryption_system\server_user_2\databases\user_2_db.db
[2025-11-28T02:58:21.573448] [INFO] DEBUG: Найдено сообщений в БД: 2
[2025-11-28T02:58:21.573448] [INFO] DEBUG: Возвращено сообщений: 2
[2025-11-28T02:58:26.605303] [INFO] DEBUG: Получение тестовых сообщений для получателя: server_2
[2025-11-28T02:58:26.606300] [INFO] Подключение к базе данных: C:\Users\Vaan\Desktop\qkd_encryption_system\server_user_2\databases\user_2_db.db
[2025-11-28T02:58:26.607297] [INFO] DEBUG: Найдено сообщений в БД: 2
[2025-11-28T02:58:26.608295] [INFO] DEBUG: Возвращено сообщений: 2
[2025-11-28T02:58:31.569125] [INFO] DEBUG: Получение тестовых сообщений для получателя: server_2
[2025-11-28T02:58:31.569125] [INFO] Подключение к базе данных: C:\Users\Vaan\Desktop\qkd_encryption_system\server_user_2\databases\user_2_db.db
[2025-11-28T02:58:31.571099] [INFO] DEBUG: Найдено сообщений в БД: 2
[2025-11-28T02:58:31.571099] [INFO] DEBUG: Возвращено сообщений: 2
[2025-11-28T02:58:36.565636] [INFO] DEBUG: Получение тестовых сообщений для получателя: server_2
[2025-11-28T02:58:36.565636] [INFO] Подключение к базе данных: C:\Users\Vaan\Desktop\qkd_encryption_system\server_user_2\databases\user_2_db.db
[2025-11-28T02:58:36.567636] [INFO] DEBUG: Найдено сообщений в БД: 2
[2025-11-28T02:58:36.568628] [INFO] DEBUG: Возвращено сообщений: 2
[2025-11-28T02:58:41.581834] [INFO] DEBUG: Получение тестовых сообщений для получателя: server_2
[2025-11-28T02:58:41.581834] [INFO] Подключение к базе данных: C:\Users\Vaan\Desktop\qkd_encryption_system\server_user_2\databases\user_2_db.db
[2025-11-28T02:58:41.583828] [INFO] DEBUG: Найдено сообщений в БД: 2
[2025-11-28T02:58:41.583828] [INFO] DEBUG: Возвращено сообщений: 2
[2025-11-28T02:58:46.569166] [INFO] DEBUG: Получение тестовых сообщений для получателя: server_2
[2025-11-28T02:58:46.570162] [INFO] Подключение к базе данных: C:\Users\Vaan\Desktop\qkd_encryption_system\server_user_2\databases\user_2_db.db
[2025-11-28T02:58:46.572157] [INFO] DEBUG: Найдено сообщений в БД: 2
[2025-11-28T02:58:46.572157] [INFO] DEBUG: Возвращено сообщений: 2
[2025-11-28T02:58:51.568121] [INFO] DEBUG: Получение тестовых сообщений для получателя: server_2
[2025-11-28T02:58:51.569120] [INFO] Подключение к базе данных: C:\Users\Vaan\Desktop\qkd_encryption_system\server_user_2\databases\user_2_db.db
[2025-11-28T02:58:51.569120] [INFO] DEBUG: Найдено сообщений в БД: 2
[2025-11-28T02:58:51.570115] [INFO] DEBUG: Возвращено сообщений: 2
[2025-11-28T02:58:53.570013] [INFO] DEBUG: Получение тестовых сообщений для получателя: server_1
[2025-11-28T02:58:53.571050] [INFO] Подключение к базе данных: C:\Users\Vaan\Desktop\qkd_encryption_system\server_user_1\databases\user_1_db.db
[2025-11-28T02:58:56.593269] [INFO] DEBUG: Получение тестовых сообщений для получателя: server_2
[2025-11-28T02:58:56.602244] [INFO] Подключение к базе данных: C:\Users\Vaan\Desktop\qkd_encryption_system\server_user_2\databases\user_2_db.db
[2025-11-28T02:58:56.604239] [INFO] DEBUG: Найдено сообщений в БД: 2
[2025-11-28T02:58:56.605236] [INFO] DEBUG: Возвращено сообщений: 2
[2025-11-28T02:59:53.571888] [INFO] DEBUG: Получение тестовых сообщений для получателя: server_1
[2025-11-28T02:59:53.571888] [INFO] DEBUG: Получение тестовых сообщений для получателя: server_2
[2025-11-28T02:59:53.571888] [INFO] Подключение к базе данных: C:\Users\Vaan\Desktop\qkd_encryption_system\server_user_1\databases\user_1_db.db
[2025-11-28T02:59:53.572885] [INFO] Подключение к базе данных: C:\Users\Vaan\Desktop\qkd_encryption_system\server_user_2\databases\user_2_db.db
[2025-11-28T02:59:53.574888] [INFO] DEBUG: Найдено сообщений в БД: 2
[2025-11-28T02:59:53.575881] [INFO] DEBUG: Возвращено сообщений: 2
[2025-11-28T03:00:20.985222] [INFO] DEBUG: Получение тестовых сообщений для получателя: server_2
[2025-11-28T03:00:20.986219] [INFO] Подключение к базе данных: C:\Users\Vaan\Desktop\qkd_encryption_system\server_user_2\databases\user_2_db.db
[2025-11-28T03:00:20.987216] [INFO] DEBUG: Найдено сообщений в БД: 2
[2025-11-28T03:00:20.988220] [INFO] DEBUG: Возвращено сообщений: 2
[2025-11-28T03:00:26.566511] [INFO] DEBUG: Получение тестовых сообщений для получателя: server_2
[2025-11-28T03:00:26.567501] [INFO] Подключение к базе данных: C:\Users\Vaan\Desktop\qkd_encryption_system\server_user_2\databases\user_2_db.db
[2025-11-28T03:00:26.568496] [INFO] DEBUG: Найдено сообщений в БД: 2
[2025-11-28T03:00:26.569496] [INFO] DEBUG: Возвращено сообщений: 2
[2025-11-28T03:00:31.571696] [INFO] DEBUG: Получение тестовых сообщений для получателя: server_2
[2025-11-28T03:00:31.572693] [INFO] Подключение к базе данных: C:\Users\Vaan\Desktop\qkd_encryption_system\server_user_2\databases\user_2_db.db
[2025-11-28T03:00:31.573725] [INFO] DEBUG: Найдено сообщений в БД: 2
[2025-11-28T03:00:31.573725] [INFO] DEBUG: Возвращено сообщений: 2
[2025-11-28T03:00:36.577011] [INFO] DEBUG: Получение тестовых сообщений для получателя: server_2
[2025-11-28T03:00:36.578010] [INFO] Подключение к базе данных: C:\Users\Vaan\Desktop\qkd_encryption_system\server_user_2\databases\user_2_db.db
[2025-11-28T03:00:36.578010] [INFO] DEBUG: Найдено сообщений в БД: 2
[2025-11-28T03:00:36.579007] [INFO] DEBUG: Возвращено сообщений: 2
[2025-11-28T03:00:41.573965] [INFO] DEBUG: Получение тестовых сообщений для получателя: server_2
[2025-11-28T03:00:41.573965] [INFO] Подключение к базе данных: C:\Users\Vaan\Desktop\qkd_encryption_system\server_user_2\databases\user_2_db.db
[2025-11-28T03:00:41.575939] [INFO] DEBUG: Найдено сообщений в БД: 2
[2025-11-28T03:00:41.575939] [INFO] DEBUG: Возвращено сообщений: 2
[2025-11-28T03:00:46.573997] [INFO] DEBUG: Получение тестовых сообщений для получателя: server_2
[2025-11-28T03:00:46.574993] [INFO] Подключение к базе данных: C:\Users\Vaan\Desktop\qkd_encryption_system\server_user_2\databases\user_2_db.db
[2025-11-28T03:00:46.575991] [INFO] DEBUG: Найдено сообщений в БД: 2
[2025-11-28T03:00:46.577057] [INFO] DEBUG: Возвращено сообщений: 2
[2025-11-28T03:00:51.573963] [INFO] DEBUG: Получение тестовых сообщений для получателя: server_2
[2025-11-28T03:00:51.573963] [INFO] Подключение к базе данных: C:\Users\Vaan\Desktop\qkd_encryption_system\server_user_2\databases\user_2_db.db
[2025-11-28T03:00:51.576927] [INFO] DEBUG: Найдено сообщений в БД: 2
[2025-11-28T03:00:51.576927] [INFO] DEBUG: Возвращено сообщений: 2
[2025-11-28T03:00:53.569173] [INFO] DEBUG: Получение тестовых сообщений для получателя: server_1
[2025-11-28T03:00:53.571169] [INFO] Подключение к базе данных: C:\Users\Vaan\Desktop\qkd_encryption_system\server_user_1\databases\user_1_db.db
[2025-11-28T03:00:56.572748] [INFO] DEBUG: Получение тестовых сообщений для получателя: server_2
[2025-11-28T03:00:56.573746] [INFO] Подключение к базе данных: C:\Users\Vaan\Desktop\qkd_encryption_system\server_user_2\databases\user_2_db.db
[2025-11-28T03:00:56.574743] [INFO] DEBUG: Найдено сообщений в БД: 2
[2025-11-28T03:00:56.574743] [INFO] DEBUG: Возвращено сообщений: 2
[2025-11-28T03:01:01.571322] [INFO] DEBUG: Получение тестовых сообщений для получателя: server_2
[2025-11-28T03:01:01.572318] [INFO] Подключение к базе данных: C:\Users\Vaan\Desktop\qkd_encryption_system\server_user_2\databases\user_2_db.db
[2025-11-28T03:01:01.572318] [INFO] DEBUG: Найдено сообщений в БД: 2
[2025-11-28T03:01:01.573401] [INFO] DEBUG: Возвращено сообщений: 2
[2025-11-28T03:01:06.572058] [INFO] DEBUG: Получение тестовых сообщений для получателя: server_2
[2025-11-28T03:01:06.572058] [INFO] Подключение к базе данных: C:\Users\Vaan\Desktop\qkd_encryption_system\server_user_2\databases\user_2_db.db
[2025-11-28T03:01:06.574055] [INFO] DEBUG: Найдено сообщений в БД: 2
[2025-11-28T03:01:06.575049] [INFO] DEBUG: Возвращено сообщений: 2
[2025-11-28T03:15:16.785040] [INFO] Подключение к базе данных: C:\Users\Vaan\Desktop\qkd_encryption_system\server_user_1\databases\user_1_db.db
[2025-11-28T03:15:16.848869] [INFO] Подключение к базе данных: C:\Users\Vaan\Desktop\qkd_encryption_system\server_user_1\databases\user_1_db.db
[2025-11-28T03:15:16.851864] [INFO] Подключение к базе данных: C:\Users\Vaan\Desktop\qkd_encryption_system\server_user_1\databases\user_1_db.db
[2025-11-28T03:15:17.034374] [INFO] Подключение к базе данных: C:\Users\Vaan\Desktop\qkd_encryption_system\server_user_1\databases\user_1_db.db
[2025-11-28T03:15:17.035371] [INFO] Подключение к базе данных: C:\Users\Vaan\Desktop\qkd_encryption_system\server_user_1\databases\user_1_db.db
[2025-11-28T03:15:17.038363] [INFO] Подключение к базе данных: C:\Users\Vaan\Desktop\qkd_encryption_system\server_user_1\databases\user_1_db.db
[2025-11-28T03:15:17.048337] [INFO] Подключение к базе данных: C:\Users\Vaan\Desktop\qkd_encryption_system\server_user_1\databases\user_1_db.db
[2025-11-28T03:15:17.918105] [INFO] Подключение к базе данных: C:\Users\Vaan\Desktop\qkd_encryption_system\server_user_1\databases\user_1_db.db
[2025-11-28T03:15:17.919104] [INFO] Подключение к базе данных: C:\Users\Vaan\Desktop\qkd_encryption_system\server_user_1\databases\user_1_db.db
[2025-11-28T03:15:17.919104] [INFO] Подключение к базе данных: C:\Users\Vaan\Desktop\qkd_encryption_system\server_user_1\databases\user_1_db.db
[2025-11-28T03:15:17.920101] [INFO] Подключение к базе данных: C:\Users\Vaan\Desktop\qkd_encryption_system\server_user_1\databases\user_1_db.db
[2025-11-28T03:15:17.920101] [INFO] Подключение к базе данных: C:\Users\Vaan\Desktop\qkd_encryption_system\server_user_1\databases\user_1_db.db
[2025-11-28T03:15:17.922096] [INFO] Подключение к базе данных: C:\Users\Vaan\Desktop\qkd_encryption_system\server_user_1\databases\user_1_db.db
[2025-11-28T03:15:17.923092] [INFO] Подключение к базе данных: C:\Users\Vaan\Desktop\qkd_encryption_system\server_user_1\databases\user_1_db.db
[2025-11-28T03:15:21.290477] [INFO] Подключение к базе данных: C:\Users\Vaan\Desktop\qkd_encryption_system\server_user_1\databases\user_1_db.db
[2025-11-28T03:15:22.908886] [INFO] Подключение к базе данных: C:\Users\Vaan\Desktop\qkd_encryption_system\server_user_1\databases\user_1_db.db
[2025-11-28T03:15:29.514283] [INFO] Подключение к базе данных: C:\Users\Vaan\Desktop\qkd_encryption_system\server_user_2\databases\user_2_db.db
[2025-11-28T03:15:29.514283] [INFO] Подключение к базе данных: C:\Users\Vaan\Desktop\qkd_encryption_system\server_user_2\databases\user_2_db.db
[2025-11-28T03:15:29.515281] [INFO] Подключение к базе данных: C:\Users\Vaan\Desktop\qkd_encryption_system\server_user_2\databases\user_2_db.db
[2025-11-28T03:15:29.515281] [INFO] Подключение к базе данных: C:\Users\Vaan\Desktop\qkd_encryption_system\server_user_2\databases\user_2_db.db
[2025-11-28T03:15:29.516279] [INFO] Подключение к базе данных: C:\Users\Vaan\Desktop\qkd_encryption_system\server_user_2\databases\user_2_db.db
[2025-11-28T03:15:29.517276] [INFO] Подключение к базе данных: C:\Users\Vaan\Desktop\qkd_encryption_system\server_user_2\databases\user_2_db.db
[2025-11-28T03:15:29.518274] [INFO] Подключение к базе данных: C:\Users\Vaan\Desktop\qkd_encryption_system\server_user_2\databases\user_2_db.db
[2025-11-28T03:15:29.998972] [INFO] Подключение к базе данных: C:\Users\Vaan\Desktop\qkd_encryption_system\server_user_2\databases\user_2_db.db
[2025-11-28T03:15:29.999970] [INFO] Подключение к базе данных: C:\Users\Vaan\Desktop\qkd_encryption_system\server_user_2\databases\user_2_db.db
[2025-11-28T03:15:29.999970] [INFO] Подключение к базе данных: C:\Users\Vaan\Desktop\qkd_encryption_system\server_user_2\databases\user_2_db.db
[2025-11-28T03:15:29.999970] [INFO] Подключение к базе данных: C:\Users\Vaan\Desktop\qkd_encryption_system\server_user_2\databases\user_2_db.db
[2025-11-28T03:15:30.000967] [INFO] Подключение к базе данных: C:\Users\Vaan\Desktop\qkd_encryption_system\server_user_2\databases\user_2_db.db
[2025-11-28T03:15:30.001964] [INFO] Подключение к базе данных: C:\Users\Vaan\Desktop\qkd_encryption_system\server_user_2\databases\user_2_db.db
[2025-11-28T03:15:30.001964] [INFO] Подключение к базе данных: C:\Users\Vaan\Desktop\qkd_encryption_system\server_user_2\databases\user_2_db.db
[2025-11-28T03:15:31.989139] [INFO] Подключение к базе данных: C:\Users\Vaan\Desktop\qkd_encryption_system\server_user_2\databases\user_2_db.db
[2025-11-28T03:15:33.428880] [INFO] DEBUG: Получение тестовых сообщений для получателя: server_2
[2025-11-28T03:15:33.428880] [INFO] Подключение к базе данных: C:\Users\Vaan\Desktop\qkd_encryption_system\server_user_2\databases\user_2_db.db
[2025-11-28T03:15:33.429877] [INFO] DEBUG: Найдено сообщений в БД: 2
[2025-11-28T03:15:33.430874] [INFO] DEBUG: Возвращено сообщений: 2
[2025-11-28T03:15:37.429824] [INFO] DEBUG: Получение тестовых сообщений для получателя: server_2
[2025-11-28T03:15:37.430823] [INFO] Подключение к базе данных: C:\Users\Vaan\Desktop\qkd_encryption_system\server_user_2\databases\user_2_db.db
[2025-11-28T03:15:37.432820] [INFO] DEBUG: Найдено сообщений в БД: 2
[2025-11-28T03:15:37.432820] [INFO] DEBUG: Возвращено сообщений: 2
[2025-11-28T03:15:42.431415] [INFO] DEBUG: Получение тестовых сообщений для получателя: server_2
[2025-11-28T03:15:42.431415] [INFO] Подключение к базе данных: C:\Users\Vaan\Desktop\qkd_encryption_system\server_user_2\databases\user_2_db.db
[2025-11-28T03:15:42.434409] [INFO] DEBUG: Найдено сообщений в БД: 2
[2025-11-28T03:15:42.434409] [INFO] DEBUG: Возвращено сообщений: 2
[2025-11-28T03:15:47.899145] [INFO] DEBUG: Получение тестовых сообщений для получателя: server_2
[2025-11-28T03:15:48.107588] [INFO] Подключение к базе данных: C:\Users\Vaan\Desktop\qkd_encryption_system\server_user_2\databases\user_2_db.db
[2025-11-28T03:15:48.111577] [INFO] DEBUG: Найдено сообщений в БД: 2
[2025-11-28T03:15:48.112610] [INFO] DEBUG: Возвращено сообщений: 2
[2025-11-28T03:15:52.432026] [INFO] DEBUG: Получение тестовых сообщений для получателя: server_2
[2025-11-28T03:15:52.432026] [INFO] Подключение к базе данных: C:\Users\Vaan\Desktop\qkd_encryption_system\server_user_2\databases\user_2_db.db
[2025-11-28T03:15:52.434027] [INFO] DEBUG: Найдено сообщений в БД: 2
[2025-11-28T03:15:52.434027] [INFO] DEBUG: Возвращено сообщений: 2
[2025-11-28T03:15:57.440132] [INFO] DEBUG: Получение тестовых сообщений для получателя: server_2
[2025-11-28T03:15:57.441129] [INFO] Подключение к базе данных: C:\Users\Vaan\Desktop\qkd_encryption_system\server_user_2\databases\user_2_db.db
[2025-11-28T03:15:57.442129] [INFO] DEBUG: Найдено сообщений в БД: 2
[2025-11-28T03:15:57.442129] [INFO] DEBUG: Возвращено сообщений: 2
[2025-11-28T03:16:02.626751] [INFO] DEBUG: Получение тестовых сообщений для получателя: server_2
[2025-11-28T03:16:02.627747] [INFO] Подключение к базе данных: C:\Users\Vaan\Desktop\qkd_encryption_system\server_user_2\databases\user_2_db.db
[2025-11-28T03:16:02.629742] [INFO] DEBUG: Найдено сообщений в БД: 2
[2025-11-28T03:16:02.629742] [INFO] DEBUG: Возвращено сообщений: 2
[2025-11-28T03:16:07.436096] [INFO] DEBUG: Получение тестовых сообщений для получателя: server_2
[2025-11-28T03:16:07.436096] [INFO] Подключение к базе данных: C:\Users\Vaan\Desktop\qkd_encryption_system\server_user_2\databases\user_2_db.db
[2025-11-28T03:16:07.438093] [INFO] DEBUG: Найдено сообщений в БД: 2
[2025-11-28T03:16:07.438093] [INFO] DEBUG: Возвращено сообщений: 2
[2025-11-28T03:16:12.430427] [INFO] DEBUG: Получение тестовых сообщений для получателя: server_2
[2025-11-28T03:16:12.431425] [INFO] Подключение к базе данных: C:\Users\Vaan\Desktop\qkd_encryption_system\server_user_2\databases\user_2_db.db
[2025-11-28T03:16:12.435445] [INFO] DEBUG: Найдено сообщений в БД: 2
[2025-11-28T03:16:12.435445] [INFO] DEBUG: Возвращено сообщений: 2
[2025-11-28T03:16:17.486175] [INFO] DEBUG: Получение тестовых сообщений для получателя: server_2
[2025-11-28T03:16:17.486175] [INFO] Подключение к базе данных: C:\Users\Vaan\Desktop\qkd_encryption_system\server_user_2\databases\user_2_db.db
[2025-11-28T03:16:17.488170] [INFO] DEBUG: Найдено сообщений в БД: 2
[2025-11-28T03:16:17.488170] [INFO] DEBUG: Возвращено сообщений: 2
[2025-11-28T03:16:22.434179] [INFO] DEBUG: Получение тестовых сообщений для получателя: server_2
[2025-11-28T03:16:22.434179] [INFO] Подключение к базе данных: C:\Users\Vaan\Desktop\qkd_encryption_system\server_user_2\databases\user_2_db.db
[2025-11-28T03:16:22.436208] [INFO] DEBUG: Найдено сообщений в БД: 2
[2025-11-28T03:16:22.436208] [INFO] DEBUG: Возвращено сообщений: 2
[2025-11-28T03:16:27.438866] [INFO] DEBUG: Получение тестовых сообщений для получателя: server_2
[2025-11-28T03:16:27.439869] [INFO] Подключение к базе данных: C:\Users\Vaan\Desktop\qkd_encryption_system\server_user_2\databases\user_2_db.db
[2025-11-28T03:16:27.440876] [INFO] DEBUG: Найдено сообщений в БД: 2
[2025-11-28T03:16:27.440876] [INFO] DEBUG: Возвращено сообщений: 2
[2025-11-28T03:16:32.475319] [INFO] DEBUG: Получение тестовых сообщений для получателя: server_2
[2025-11-28T03:16:32.476316] [INFO] Подключение к базе данных: C:\Users\Vaan\Desktop\qkd_encryption_system\server_user_2\databases\user_2_db.db
[2025-11-28T03:16:32.477313] [INFO] DEBUG: Найдено сообщений в БД: 2
[2025-11-28T03:16:32.478311] [INFO] DEBUG: Возвращено сообщений: 2
[2025-11-28T03:16:37.433349] [INFO] DEBUG: Получение тестовых сообщений для получателя: server_2
[2025-11-28T03:16:37.434353] [INFO] Подключение к базе данных: C:\Users\Vaan\Desktop\qkd_encryption_system\server_user_2\databases\user_2_db.db
[2025-11-28T03:16:37.436354] [INFO] DEBUG: Найдено сообщений в БД: 2
[2025-11-28T03:16:37.436354] [INFO] DEBUG: Возвращено сообщений: 2
[2025-11-28T03:16:42.442334] [INFO] DEBUG: Получение тестовых сообщений для получателя: server_2
[2025-11-28T03:16:42.442334] [INFO] Подключение к базе данных: C:\Users\Vaan\Desktop\qkd_encryption_system\server_user_2\databases\user_2_db.db
[2025-11-28T03:16:42.444365] [INFO] DEBUG: Найдено сообщений в БД: 2
[2025-11-28T03:16:42.444365] [INFO] DEBUG: Возвращено сообщений: 2
[2025-11-28T03:16:47.496279] [INFO] DEBUG: Получение тестовых сообщений для получателя: server_2
[2025-11-28T03:16:47.497276] [INFO] Подключение к базе данных: C:\Users\Vaan\Desktop\qkd_encryption_system\server_user_2\databases\user_2_db.db
[2025-11-28T03:16:47.499271] [INFO] DEBUG: Найдено сообщений в БД: 2
[2025-11-28T03:16:47.501266] [INFO] DEBUG: Возвращено сообщений: 2
[2025-11-28T03:16:52.431079] [INFO] DEBUG: Получение тестовых сообщений для получателя: server_2
[2025-11-28T03:16:52.432076] [INFO] Подключение к базе данных: C:\Users\Vaan\Desktop\qkd_encryption_system\server_user_2\databases\user_2_db.db
[2025-11-28T03:16:52.434070] [INFO] DEBUG: Найдено сообщений в БД: 2
[2025-11-28T03:16:52.434070] [INFO] DEBUG: Возвращено сообщений: 2
[2025-11-28T03:16:57.438006] [INFO] DEBUG: Получение тестовых сообщений для получателя: server_2
[2025-11-28T03:16:57.438006] [INFO] Подключение к базе данных: C:\Users\Vaan\Desktop\qkd_encryption_system\server_user_2\databases\user_2_db.db
[2025-11-28T03:16:57.439004] [INFO] DEBUG: Найдено сообщений в БД: 2
[2025-11-28T03:16:57.440999] [INFO] DEBUG: Возвращено сообщений: 2
[2025-11-28T03:16:57.778668] [INFO] Ключ key_testA_20251128025343 помечен как использованный пользователем 4
[2025-11-28T03:16:57.786858] [INFO] Сообщение зашифровано: key=key_testA_20251128025343, size=7 байт, time=38.81мс
[2025-11-28T03:16:59.860450] [INFO] Сохранено сообщение от Max для receiver_id=1
[2025-11-28T03:16:59.864595] [INFO] Сохранено сообщение от Max для receiver_id=2
[2025-11-28T03:16:59.864595] [INFO] Получено зашифрованное сообщение от Max (key=key_testA_20251128025343)
[2025-11-28T03:17:02.629041] [INFO] DEBUG: Получение тестовых сообщений для получателя: server_2
[2025-11-28T03:17:02.629041] [INFO] Подключение к базе данных: C:\Users\Vaan\Desktop\qkd_encryption_system\server_user_2\databases\user_2_db.db
[2025-11-28T03:17:02.631035] [INFO] DEBUG: Найдено сообщений в БД: 2
[2025-11-28T03:17:02.632033] [INFO] DEBUG: Возвращено сообщений: 2
[2025-11-28T03:17:05.273395] [INFO] Подключение к базе данных: C:\Users\Vaan\Desktop\qkd_encryption_system\server_user_1\databases\user_1_db.db
[2025-11-28T03:17:07.569521] [INFO] DEBUG: Получение тестовых сообщений для получателя: server_2
[2025-11-28T03:17:07.569521] [INFO] Подключение к базе данных: C:\Users\Vaan\Desktop\qkd_encryption_system\server_user_2\databases\user_2_db.db
[2025-11-28T03:17:07.571523] [INFO] DEBUG: Найдено сообщений в БД: 2
[2025-11-28T03:17:07.571523] [INFO] DEBUG: Возвращено сообщений: 2
[2025-11-28T03:17:12.573026] [INFO] DEBUG: Получение тестовых сообщений для получателя: server_2
[2025-11-28T03:17:12.574025] [INFO] Подключение к базе данных: C:\Users\Vaan\Desktop\qkd_encryption_system\server_user_2\databases\user_2_db.db
[2025-11-28T03:17:12.576015] [INFO] DEBUG: Найдено сообщений в БД: 2
[2025-11-28T03:17:12.576015] [INFO] DEBUG: Возвращено сообщений: 2
[2025-11-28T03:17:17.565488] [INFO] DEBUG: Получение тестовых сообщений для получателя: server_2
[2025-11-28T03:17:17.565488] [INFO] Подключение к базе данных: C:\Users\Vaan\Desktop\qkd_encryption_system\server_user_2\databases\user_2_db.db
[2025-11-28T03:17:17.567457] [INFO] DEBUG: Найдено сообщений в БД: 2
[2025-11-28T03:17:17.568450] [INFO] DEBUG: Возвращено сообщений: 2
[2025-11-28T03:17:22.571836] [INFO] DEBUG: Получение тестовых сообщений для получателя: server_2
[2025-11-28T03:17:22.571836] [INFO] Подключение к базе данных: C:\Users\Vaan\Desktop\qkd_encryption_system\server_user_2\databases\user_2_db.db
[2025-11-28T03:17:22.573832] [INFO] DEBUG: Найдено сообщений в БД: 2
[2025-11-28T03:17:22.574826] [INFO] DEBUG: Возвращено сообщений: 2
[2025-11-28T03:17:27.564867] [INFO] DEBUG: Получение тестовых сообщений для получателя: server_2
[2025-11-28T03:17:27.564867] [INFO] Подключение к базе данных: C:\Users\Vaan\Desktop\qkd_encryption_system\server_user_2\databases\user_2_db.db
[2025-11-28T03:17:27.566831] [INFO] DEBUG: Найдено сообщений в БД: 2
[2025-11-28T03:17:27.567827] [INFO] DEBUG: Возвращено сообщений: 2
[2025-11-28T03:17:32.582131] [INFO] DEBUG: Получение тестовых сообщений для получателя: server_2
[2025-11-28T03:17:32.582131] [INFO] Подключение к базе данных: C:\Users\Vaan\Desktop\qkd_encryption_system\server_user_2\databases\user_2_db.db
[2025-11-28T03:17:32.584127] [INFO] DEBUG: Найдено сообщений в БД: 2
[2025-11-28T03:17:32.585118] [INFO] DEBUG: Возвращено сообщений: 2
[2025-11-28T03:17:37.567491] [INFO] DEBUG: Получение тестовых сообщений для получателя: server_2
[2025-11-28T03:17:37.568487] [INFO] Подключение к базе данных: C:\Users\Vaan\Desktop\qkd_encryption_system\server_user_2\databases\user_2_db.db
[2025-11-28T03:17:37.570492] [INFO] DEBUG: Найдено сообщений в БД: 2
[2025-11-28T03:17:37.571480] [INFO] DEBUG: Возвращено сообщений: 2
[2025-11-28T03:17:42.579260] [INFO] DEBUG: Получение тестовых сообщений для получателя: server_2
[2025-11-28T03:17:42.580259] [INFO] Подключение к базе данных: C:\Users\Vaan\Desktop\qkd_encryption_system\server_user_2\databases\user_2_db.db
[2025-11-28T03:17:42.581256] [INFO] DEBUG: Найдено сообщений в БД: 2
[2025-11-28T03:17:42.582254] [INFO] DEBUG: Возвращено сообщений: 2
[2025-11-28T03:17:47.566939] [INFO] DEBUG: Получение тестовых сообщений для получателя: server_2
[2025-11-28T03:17:47.566939] [INFO] Подключение к базе данных: C:\Users\Vaan\Desktop\qkd_encryption_system\server_user_2\databases\user_2_db.db
[2025-11-28T03:17:47.567902] [INFO] DEBUG: Найдено сообщений в БД: 2
[2025-11-28T03:17:47.568899] [INFO] DEBUG: Возвращено сообщений: 2
[2025-11-28T03:17:52.570106] [INFO] DEBUG: Получение тестовых сообщений для получателя: server_2
[2025-11-28T03:17:52.571110] [INFO] Подключение к базе данных: C:\Users\Vaan\Desktop\qkd_encryption_system\server_user_2\databases\user_2_db.db
[2025-11-28T03:17:52.573124] [INFO] DEBUG: Найдено сообщений в БД: 2
[2025-11-28T03:17:52.573124] [INFO] DEBUG: Возвращено сообщений: 2
[2025-11-28T03:17:57.566169] [INFO] DEBUG: Получение тестовых сообщений для получателя: server_2
[2025-11-28T03:17:57.567167] [INFO] Подключение к базе данных: C:\Users\Vaan\Desktop\qkd_encryption_system\server_user_2\databases\user_2_db.db
[2025-11-28T03:17:57.568164] [INFO] DEBUG: Найдено сообщений в БД: 2
[2025-11-28T03:17:57.569164] [INFO] DEBUG: Возвращено сообщений: 2
[2025-11-28T03:18:06.303323] [INFO] DEBUG: Получение тестовых сообщений для получателя: server_2
[2025-11-28T03:18:06.304320] [INFO] Подключение к базе данных: C:\Users\Vaan\Desktop\qkd_encryption_system\server_user_2\databases\user_2_db.db
[2025-11-28T03:18:06.305317] [INFO] DEBUG: Найдено сообщений в БД: 2
[2025-11-28T03:18:06.306314] [INFO] DEBUG: Возвращено сообщений: 2
[2025-11-28T03:18:07.430069] [INFO] DEBUG: Получение тестовых сообщений для получателя: server_2
[2025-11-28T03:18:07.432066] [INFO] Подключение к базе данных: C:\Users\Vaan\Desktop\qkd_encryption_system\server_user_2\databases\user_2_db.db
[2025-11-28T03:18:07.433062] [INFO] DEBUG: Найдено сообщений в БД: 2
[2025-11-28T03:18:07.433062] [INFO] DEBUG: Возвращено сообщений: 2
[2025-11-28T03:18:12.521711] [INFO] DEBUG: Получение тестовых сообщений для получателя: server_2
[2025-11-28T03:18:12.526698] [INFO] Подключение к базе данных: C:\Users\Vaan\Desktop\qkd_encryption_system\server_user_2\databases\user_2_db.db
[2025-11-28T03:18:12.528691] [INFO] DEBUG: Найдено сообщений в БД: 2
[2025-11-28T03:18:12.529690] [INFO] DEBUG: Возвращено сообщений: 2
[2025-11-28T03:18:15.016798] [INFO] Генерация тестовой последовательности. QBER: 5.0%
[2025-11-28T03:18:17.441602] [INFO] DEBUG: Получение тестовых сообщений для получателя: server_2
[2025-11-28T03:18:17.441602] [INFO] Подключение к базе данных: C:\Users\Vaan\Desktop\qkd_encryption_system\server_user_2\databases\user_2_db.db
[2025-11-28T03:18:17.443603] [INFO] DEBUG: Найдено сообщений в БД: 2
[2025-11-28T03:18:17.444597] [INFO] DEBUG: Возвращено сообщений: 2
[2025-11-28T03:18:22.570114] [INFO] DEBUG: Получение тестовых сообщений для получателя: server_2
[2025-11-28T03:18:22.571106] [INFO] Подключение к базе данных: C:\Users\Vaan\Desktop\qkd_encryption_system\server_user_2\databases\user_2_db.db
[2025-11-28T03:18:22.573105] [INFO] DEBUG: Найдено сообщений в БД: 2
[2025-11-28T03:18:22.573105] [INFO] DEBUG: Возвращено сообщений: 2
[2025-11-28T03:18:27.684945] [INFO] DEBUG: Получение тестовых сообщений для получателя: server_2
[2025-11-28T03:18:27.685944] [INFO] Подключение к базе данных: C:\Users\Vaan\Desktop\qkd_encryption_system\server_user_2\databases\user_2_db.db
[2025-11-28T03:18:27.688951] [INFO] DEBUG: Найдено сообщений в БД: 2
[2025-11-28T03:18:27.689931] [INFO] DEBUG: Возвращено сообщений: 2
[2025-11-28T03:18:32.580315] [INFO] DEBUG: Получение тестовых сообщений для получателя: server_2
[2025-11-28T03:18:32.580315] [INFO] Подключение к базе данных: C:\Users\Vaan\Desktop\qkd_encryption_system\server_user_2\databases\user_2_db.db
[2025-11-28T03:18:32.581310] [INFO] DEBUG: Найдено сообщений в БД: 2
[2025-11-28T03:18:32.583307] [INFO] DEBUG: Возвращено сообщений: 2
[2025-11-28T03:18:37.572554] [INFO] DEBUG: Получение тестовых сообщений для получателя: server_2
[2025-11-28T03:18:37.572554] [INFO] Подключение к базе данных: C:\Users\Vaan\Desktop\qkd_encryption_system\server_user_2\databases\user_2_db.db
[2025-11-28T03:18:37.574548] [INFO] DEBUG: Найдено сообщений в БД: 2
[2025-11-28T03:18:37.575547] [INFO] DEBUG: Возвращено сообщений: 2
[2025-11-28T03:18:42.577067] [INFO] DEBUG: Получение тестовых сообщений для получателя: server_2
[2025-11-28T03:18:42.577067] [INFO] Подключение к базе данных: C:\Users\Vaan\Desktop\qkd_encryption_system\server_user_2\databases\user_2_db.db
[2025-11-28T03:18:42.579060] [INFO] DEBUG: Найдено сообщений в БД: 2
[2025-11-28T03:18:42.580058] [INFO] DEBUG: Возвращено сообщений: 2
[2025-11-28T03:18:47.429099] [INFO] DEBUG: Получение тестовых сообщений для получателя: server_2
[2025-11-28T03:18:47.429099] [INFO] Подключение к базе данных: C:\Users\Vaan\Desktop\qkd_encryption_system\server_user_2\databases\user_2_db.db
[2025-11-28T03:18:47.431102] [INFO] DEBUG: Найдено сообщений в БД: 2
[2025-11-28T03:18:47.432091] [INFO] DEBUG: Возвращено сообщений: 2
[2025-11-28T03:18:52.445120] [INFO] Подключение к базе данных: C:\Users\Vaan\Desktop\qkd_encryption_system\server_user_1\databases\user_1_db.db
[2025-11-28T03:18:52.575097] [INFO] DEBUG: Получение тестовых сообщений для получателя: server_2
[2025-11-28T03:18:52.575097] [INFO] Подключение к базе данных: C:\Users\Vaan\Desktop\qkd_encryption_system\server_user_2\databases\user_2_db.db
[2025-11-28T03:18:52.577076] [INFO] DEBUG: Найдено сообщений в БД: 2
[2025-11-28T03:18:52.578059] [INFO] DEBUG: Возвращено сообщений: 2
[2025-11-28T03:18:57.570514] [INFO] DEBUG: Получение тестовых сообщений для получателя: server_2
[2025-11-28T03:18:57.572509] [INFO] Подключение к базе данных: C:\Users\Vaan\Desktop\qkd_encryption_system\server_user_2\databases\user_2_db.db
[2025-11-28T03:18:57.575501] [INFO] DEBUG: Найдено сообщений в БД: 2
[2025-11-28T03:18:57.576498] [INFO] DEBUG: Возвращено сообщений: 2
[2025-11-28T03:19:02.573924] [INFO] DEBUG: Получение тестовых сообщений для получателя: server_2
[2025-11-28T03:19:02.574892] [INFO] Подключение к базе данных: C:\Users\Vaan\Desktop\qkd_encryption_system\server_user_2\databases\user_2_db.db
[2025-11-28T03:19:02.575899] [INFO] DEBUG: Найдено сообщений в БД: 2
[2025-11-28T03:19:02.575899] [INFO] DEBUG: Возвращено сообщений: 2
[2025-11-28T03:19:07.571012] [INFO] DEBUG: Получение тестовых сообщений для получателя: server_2
[2025-11-28T03:19:07.571012] [INFO] Подключение к базе данных: C:\Users\Vaan\Desktop\qkd_encryption_system\server_user_2\databases\user_2_db.db
[2025-11-28T03:19:07.573007] [INFO] DEBUG: Найдено сообщений в БД: 2
[2025-11-28T03:19:07.573007] [INFO] DEBUG: Возвращено сообщений: 2
[2025-11-28T03:19:12.694938] [INFO] DEBUG: Получение тестовых сообщений для получателя: server_2
[2025-11-28T03:19:12.695941] [INFO] Подключение к базе данных: C:\Users\Vaan\Desktop\qkd_encryption_system\server_user_2\databases\user_2_db.db
[2025-11-28T03:19:12.707903] [INFO] DEBUG: Найдено сообщений в БД: 2
[2025-11-28T03:19:12.711892] [INFO] DEBUG: Возвращено сообщений: 2
[2025-11-28T03:19:17.569873] [INFO] DEBUG: Получение тестовых сообщений для получателя: server_2
[2025-11-28T03:19:17.570868] [INFO] Подключение к базе данных: C:\Users\Vaan\Desktop\qkd_encryption_system\server_user_2\databases\user_2_db.db
[2025-11-28T03:19:17.571866] [INFO] DEBUG: Найдено сообщений в БД: 2
[2025-11-28T03:19:17.572864] [INFO] DEBUG: Возвращено сообщений: 2
[2025-11-28T03:19:22.576969] [INFO] DEBUG: Получение тестовых сообщений для получателя: server_2
[2025-11-28T03:19:22.576969] [INFO] Подключение к базе данных: C:\Users\Vaan\Desktop\qkd_encryption_system\server_user_2\databases\user_2_db.db
[2025-11-28T03:19:22.578964] [INFO] DEBUG: Найдено сообщений в БД: 2
[2025-11-28T03:19:22.578964] [INFO] DEBUG: Возвращено сообщений: 2
[2025-11-28T03:19:27.580650] [INFO] DEBUG: Получение тестовых сообщений для получателя: server_2
[2025-11-28T03:19:27.582644] [INFO] Подключение к базе данных: C:\Users\Vaan\Desktop\qkd_encryption_system\server_user_2\databases\user_2_db.db
[2025-11-28T03:19:27.583642] [INFO] DEBUG: Найдено сообщений в БД: 2
[2025-11-28T03:19:27.583642] [INFO] DEBUG: Возвращено сообщений: 2
[2025-11-28T03:19:29.060961] [INFO] Подключение к базе данных: C:\Users\Vaan\Desktop\qkd_encryption_system\server_user_1\databases\user_1_db.db
[2025-11-28T03:19:32.571672] [INFO] DEBUG: Получение тестовых сообщений для получателя: server_2
[2025-11-28T03:19:32.572667] [INFO] Подключение к базе данных: C:\Users\Vaan\Desktop\qkd_encryption_system\server_user_2\databases\user_2_db.db
[2025-11-28T03:19:32.574690] [INFO] DEBUG: Найдено сообщений в БД: 2
[2025-11-28T03:19:32.574690] [INFO] DEBUG: Возвращено сообщений: 2
[2025-11-28T03:19:37.564579] [INFO] DEBUG: Получение тестовых сообщений для получателя: server_2
[2025-11-28T03:19:37.565576] [INFO] Подключение к базе данных: C:\Users\Vaan\Desktop\qkd_encryption_system\server_user_2\databases\user_2_db.db
[2025-11-28T03:19:37.566573] [INFO] DEBUG: Найдено сообщений в БД: 2
[2025-11-28T03:19:37.566573] [INFO] DEBUG: Возвращено сообщений: 2
[2025-11-28T03:19:42.589938] [INFO] DEBUG: Получение тестовых сообщений для получателя: server_2
[2025-11-28T03:19:42.590936] [INFO] Подключение к базе данных: C:\Users\Vaan\Desktop\qkd_encryption_system\server_user_2\databases\user_2_db.db
[2025-11-28T03:19:42.592931] [INFO] DEBUG: Найдено сообщений в БД: 2
[2025-11-28T03:19:42.592931] [INFO] DEBUG: Возвращено сообщений: 2
[2025-11-28T03:19:47.574002] [INFO] DEBUG: Получение тестовых сообщений для получателя: server_2
[2025-11-28T03:19:47.574002] [INFO] Подключение к базе данных: C:\Users\Vaan\Desktop\qkd_encryption_system\server_user_2\databases\user_2_db.db
[2025-11-28T03:19:47.576035] [INFO] DEBUG: Найдено сообщений в БД: 2
[2025-11-28T03:19:47.577025] [INFO] DEBUG: Возвращено сообщений: 2
[2025-11-28T03:19:53.578543] [INFO] DEBUG: Получение тестовых сообщений для получателя: server_2
[2025-11-28T03:19:53.579541] [INFO] Подключение к базе данных: C:\Users\Vaan\Desktop\qkd_encryption_system\server_user_2\databases\user_2_db.db
[2025-11-28T03:19:53.581535] [INFO] DEBUG: Найдено сообщений в БД: 2
[2025-11-28T03:19:53.581535] [INFO] DEBUG: Возвращено сообщений: 2
[2025-11-28T03:20:53.576057] [INFO] DEBUG: Получение тестовых сообщений для получателя: server_2
[2025-11-28T03:20:53.576057] [INFO] Подключение к базе данных: C:\Users\Vaan\Desktop\qkd_encryption_system\server_user_2\databases\user_2_db.db
[2025-11-28T03:20:53.577937] [INFO] DEBUG: Найдено сообщений в БД: 2
[2025-11-28T03:20:53.578935] [INFO] DEBUG: Возвращено сообщений: 2
[2025-11-28T03:21:53.579380] [INFO] DEBUG: Получение тестовых сообщений для получателя: server_2
[2025-11-28T03:21:53.579380] [INFO] Подключение к базе данных: C:\Users\Vaan\Desktop\qkd_encryption_system\server_user_2\databases\user_2_db.db
[2025-11-28T03:21:53.581381] [INFO] DEBUG: Найдено сообщений в БД: 2
[2025-11-28T03:21:53.582371] [INFO] DEBUG: Возвращено сообщений: 2
[2025-11-28T03:22:53.567576] [INFO] DEBUG: Получение тестовых сообщений для получателя: server_2
[2025-11-28T03:22:53.567576] [INFO] Подключение к базе данных: C:\Users\Vaan\Desktop\qkd_encryption_system\server_user_2\databases\user_2_db.db
[2025-11-28T03:22:53.568569] [INFO] DEBUG: Найдено сообщений в БД: 2
[2025-11-28T03:22:53.569566] [INFO] DEBUG: Возвращено сообщений: 2
[2025-11-28T03:23:53.572122] [INFO] DEBUG: Получение тестовых сообщений для получателя: server_2
[2025-11-28T03:23:53.572122] [INFO] Подключение к базе данных: C:\Users\Vaan\Desktop\qkd_encryption_system\server_user_2\databases\user_2_db.db
[2025-11-28T03:23:53.575113] [INFO] DEBUG: Найдено сообщений в БД: 2
[2025-11-28T03:23:53.575113] [INFO] DEBUG: Возвращено сообщений: 2
[2025-11-28T03:24:53.576448] [INFO] DEBUG: Получение тестовых сообщений для получателя: server_2
[2025-11-28T03:24:53.577444] [INFO] Подключение к базе данных: C:\Users\Vaan\Desktop\qkd_encryption_system\server_user_2\databases\user_2_db.db
[2025-11-28T03:24:53.580447] [INFO] DEBUG: Найдено сообщений в БД: 2
[2025-11-28T03:24:53.580447] [INFO] DEBUG: Возвращено сообщений: 2
[2025-11-28T03:25:53.586965] [INFO] DEBUG: Получение тестовых сообщений для получателя: server_2
[2025-11-28T03:25:53.587962] [INFO] Подключение к базе данных: C:\Users\Vaan\Desktop\qkd_encryption_system\server_user_2\databases\user_2_db.db
[2025-11-28T03:25:53.590954] [INFO] DEBUG: Найдено сообщений в БД: 2
[2025-11-28T03:25:53.590954] [INFO] DEBUG: Возвращено сообщений: 2
[2025-11-28T03:26:53.576388] [INFO] DEBUG: Получение тестовых сообщений для получателя: server_2
[2025-11-28T03:26:53.577354] [INFO] Подключение к базе данных: C:\Users\Vaan\Desktop\qkd_encryption_system\server_user_2\databases\user_2_db.db
[2025-11-28T03:26:53.578352] [INFO] DEBUG: Найдено сообщений в БД: 2
[2025-11-28T03:26:53.578352] [INFO] DEBUG: Возвращено сообщений: 2
[2025-11-28T03:27:53.570047] [INFO] DEBUG: Получение тестовых сообщений для получателя: server_2
[2025-11-28T03:27:53.570047] [INFO] Подключение к базе данных: C:\Users\Vaan\Desktop\qkd_encryption_system\server_user_2\databases\user_2_db.db
[2025-11-28T03:27:53.572094] [INFO] DEBUG: Найдено сообщений в БД: 2
[2025-11-28T03:27:53.572094] [INFO] DEBUG: Возвращено сообщений: 2
[2025-11-28T03:28:53.572890] [INFO] DEBUG: Получение тестовых сообщений для получателя: server_2
[2025-11-28T03:28:53.573955] [INFO] Подключение к базе данных: C:\Users\Vaan\Desktop\qkd_encryption_system\server_user_2\databases\user_2_db.db
[2025-11-28T03:28:53.575950] [INFO] DEBUG: Найдено сообщений в БД: 2
[2025-11-28T03:28:53.575950] [INFO] DEBUG: Возвращено сообщений: 2
[2025-11-28T03:29:18.868301] [INFO] DEBUG: Получение тестовых сообщений для получателя: server_2
[2025-11-28T03:29:18.869298] [INFO] Подключение к базе данных: C:\Users\Vaan\Desktop\qkd_encryption_system\server_user_2\databases\user_2_db.db
[2025-11-28T03:29:18.870296] [INFO] DEBUG: Найдено сообщений в БД: 2
[2025-11-28T03:29:18.871292] [INFO] DEBUG: Возвращено сообщений: 2
[2025-11-28T03:29:22.568086] [INFO] DEBUG: Получение тестовых сообщений для получателя: server_2
[2025-11-28T03:29:22.569084] [INFO] Подключение к базе данных: C:\Users\Vaan\Desktop\qkd_encryption_system\server_user_2\databases\user_2_db.db
[2025-11-28T03:29:22.572078] [INFO] DEBUG: Найдено сообщений в БД: 2
[2025-11-28T03:29:22.573149] [INFO] DEBUG: Возвращено сообщений: 2
[2025-11-28T03:29:27.577262] [INFO] DEBUG: Получение тестовых сообщений для получателя: server_2
[2025-11-28T03:29:27.578261] [INFO] Подключение к базе данных: C:\Users\Vaan\Desktop\qkd_encryption_system\server_user_2\databases\user_2_db.db
[2025-11-28T03:29:27.580262] [INFO] DEBUG: Найдено сообщений в БД: 2
[2025-11-28T03:29:27.581253] [INFO] DEBUG: Возвращено сообщений: 2
[2025-11-28T03:29:32.576455] [INFO] DEBUG: Получение тестовых сообщений для получателя: server_2
[2025-11-28T03:29:32.576455] [INFO] Подключение к базе данных: C:\Users\Vaan\Desktop\qkd_encryption_system\server_user_2\databases\user_2_db.db
[2025-11-28T03:29:32.578425] [INFO] DEBUG: Найдено сообщений в БД: 2
[2025-11-28T03:29:32.578425] [INFO] DEBUG: Возвращено сообщений: 2
[2025-11-28T03:29:37.579433] [INFO] DEBUG: Получение тестовых сообщений для получателя: server_2
[2025-11-28T03:29:37.579433] [INFO] Подключение к базе данных: C:\Users\Vaan\Desktop\qkd_encryption_system\server_user_2\databases\user_2_db.db
[2025-11-28T03:29:37.581429] [INFO] DEBUG: Найдено сообщений в БД: 2
[2025-11-28T03:29:37.581429] [INFO] DEBUG: Возвращено сообщений: 2
[2025-11-28T03:29:42.575583] [INFO] DEBUG: Получение тестовых сообщений для получателя: server_2
[2025-11-28T03:29:42.575583] [INFO] Подключение к базе данных: C:\Users\Vaan\Desktop\qkd_encryption_system\server_user_2\databases\user_2_db.db
[2025-11-28T03:29:42.576581] [INFO] DEBUG: Найдено сообщений в БД: 2
[2025-11-28T03:29:42.577578] [INFO] DEBUG: Возвращено сообщений: 2
[2025-11-28T03:29:47.564992] [INFO] DEBUG: Получение тестовых сообщений для получателя: server_2
[2025-11-28T03:29:47.564992] [INFO] Подключение к базе данных: C:\Users\Vaan\Desktop\qkd_encryption_system\server_user_2\databases\user_2_db.db
[2025-11-28T03:29:47.566995] [INFO] DEBUG: Найдено сообщений в БД: 2
[2025-11-28T03:29:47.567951] [INFO] DEBUG: Возвращено сообщений: 2
[2025-11-28T03:29:52.580173] [INFO] DEBUG: Получение тестовых сообщений для получателя: server_2
[2025-11-28T03:29:52.580173] [INFO] Подключение к базе данных: C:\Users\Vaan\Desktop\qkd_encryption_system\server_user_2\databases\user_2_db.db
[2025-11-28T03:29:52.583164] [INFO] DEBUG: Найдено сообщений в БД: 2
[2025-11-28T03:29:52.583164] [INFO] DEBUG: Возвращено сообщений: 2
[2025-11-28T03:29:57.566698] [INFO] DEBUG: Получение тестовых сообщений для получателя: server_2
[2025-11-28T03:29:57.567694] [INFO] Подключение к базе данных: C:\Users\Vaan\Desktop\qkd_encryption_system\server_user_2\databases\user_2_db.db
[2025-11-28T03:29:57.568691] [INFO] DEBUG: Найдено сообщений в БД: 2
[2025-11-28T03:29:57.569721] [INFO] DEBUG: Возвращено сообщений: 2
[2025-11-28T03:30:02.578988] [INFO] DEBUG: Получение тестовых сообщений для получателя: server_2
[2025-11-28T03:30:02.578988] [INFO] Подключение к базе данных: C:\Users\Vaan\Desktop\qkd_encryption_system\server_user_2\databases\user_2_db.db
[2025-11-28T03:30:02.580989] [INFO] DEBUG: Найдено сообщений в БД: 2
[2025-11-28T03:30:02.580989] [INFO] DEBUG: Возвращено сообщений: 2
[2025-11-28T03:30:07.575278] [INFO] DEBUG: Получение тестовых сообщений для получателя: server_2
[2025-11-28T03:30:07.576275] [INFO] Подключение к базе данных: C:\Users\Vaan\Desktop\qkd_encryption_system\server_user_2\databases\user_2_db.db
[2025-11-28T03:30:07.577272] [INFO] DEBUG: Найдено сообщений в БД: 2
[2025-11-28T03:30:07.578270] [INFO] DEBUG: Возвращено сообщений: 2
[2025-11-28T03:30:12.574271] [INFO] DEBUG: Получение тестовых сообщений для получателя: server_2
[2025-11-28T03:30:12.574271] [INFO] Подключение к базе данных: C:\Users\Vaan\Desktop\qkd_encryption_system\server_user_2\databases\user_2_db.db
[2025-11-28T03:30:12.576266] [INFO] DEBUG: Найдено сообщений в БД: 2
[2025-11-28T03:30:12.576266] [INFO] DEBUG: Возвращено сообщений: 2
[2025-11-28T03:30:17.564805] [INFO] DEBUG: Получение тестовых сообщений для получателя: server_2
[2025-11-28T03:30:17.564805] [INFO] Подключение к базе данных: C:\Users\Vaan\Desktop\qkd_encryption_system\server_user_2\databases\user_2_db.db
[2025-11-28T03:30:17.565802] [INFO] DEBUG: Найдено сообщений в БД: 2
[2025-11-28T03:30:17.566798] [INFO] DEBUG: Возвращено сообщений: 2
[2025-11-28T03:30:44.753709] [INFO] DEBUG: Получение тестовых сообщений для получателя: server_2
[2025-11-28T03:30:44.754706] [INFO] Подключение к базе данных: C:\Users\Vaan\Desktop\qkd_encryption_system\server_user_2\databases\user_2_db.db
[2025-11-28T03:30:44.756701] [INFO] DEBUG: Найдено сообщений в БД: 2
[2025-11-28T03:30:44.756701] [INFO] DEBUG: Возвращено сообщений: 2
[2025-11-28T03:30:47.429172] [INFO] DEBUG: Получение тестовых сообщений для получателя: server_2
[2025-11-28T03:30:47.430170] [INFO] Подключение к базе данных: C:\Users\Vaan\Desktop\qkd_encryption_system\server_user_2\databases\user_2_db.db
[2025-11-28T03:30:47.431166] [INFO] DEBUG: Найдено сообщений в БД: 2
[2025-11-28T03:30:47.432163] [INFO] DEBUG: Возвращено сообщений: 2
[2025-11-28T03:30:52.434191] [INFO] DEBUG: Получение тестовых сообщений для получателя: server_2
[2025-11-28T03:30:52.436189] [INFO] Подключение к базе данных: C:\Users\Vaan\Desktop\qkd_encryption_system\server_user_2\databases\user_2_db.db
[2025-11-28T03:30:52.438180] [INFO] DEBUG: Найдено сообщений в БД: 2
[2025-11-28T03:30:52.438180] [INFO] DEBUG: Возвращено сообщений: 2
[2025-11-28T03:30:57.449212] [INFO] DEBUG: Получение тестовых сообщений для получателя: server_2
[2025-11-28T03:30:57.450208] [INFO] Подключение к базе данных: C:\Users\Vaan\Desktop\qkd_encryption_system\server_user_2\databases\user_2_db.db
[2025-11-28T03:30:57.453202] [INFO] DEBUG: Найдено сообщений в БД: 2
[2025-11-28T03:30:57.455196] [INFO] DEBUG: Возвращено сообщений: 2
[2025-11-28T03:31:02.435924] [INFO] DEBUG: Получение тестовых сообщений для получателя: server_2
[2025-11-28T03:31:02.436920] [INFO] Подключение к базе данных: C:\Users\Vaan\Desktop\qkd_encryption_system\server_user_2\databases\user_2_db.db
[2025-11-28T03:31:02.437916] [INFO] DEBUG: Найдено сообщений в БД: 2
[2025-11-28T03:31:02.438913] [INFO] DEBUG: Возвращено сообщений: 2
[2025-11-28T03:31:07.434359] [INFO] DEBUG: Получение тестовых сообщений для получателя: server_2
[2025-11-28T03:31:07.434359] [INFO] Подключение к базе данных: C:\Users\Vaan\Desktop\qkd_encryption_system\server_user_2\databases\user_2_db.db
[2025-11-28T03:31:07.436394] [INFO] DEBUG: Найдено сообщений в БД: 2
[2025-11-28T03:31:07.436394] [INFO] DEBUG: Возвращено сообщений: 2
[2025-11-28T03:31:12.487240] [INFO] DEBUG: Получение тестовых сообщений для получателя: server_2
[2025-11-28T03:31:12.487240] [INFO] Подключение к базе данных: C:\Users\Vaan\Desktop\qkd_encryption_system\server_user_2\databases\user_2_db.db
[2025-11-28T03:31:12.490230] [INFO] DEBUG: Найдено сообщений в БД: 2
[2025-11-28T03:31:12.492225] [INFO] DEBUG: Возвращено сообщений: 2
[2025-11-28T03:31:17.429225] [INFO] DEBUG: Получение тестовых сообщений для получателя: server_2
[2025-11-28T03:31:17.430223] [INFO] Подключение к базе данных: C:\Users\Vaan\Desktop\qkd_encryption_system\server_user_2\databases\user_2_db.db
[2025-11-28T03:31:17.431222] [INFO] DEBUG: Найдено сообщений в БД: 2
[2025-11-28T03:31:17.431222] [INFO] DEBUG: Возвращено сообщений: 2
[2025-11-28T03:31:22.441265] [INFO] DEBUG: Получение тестовых сообщений для получателя: server_2
[2025-11-28T03:31:22.441265] [INFO] Подключение к базе данных: C:\Users\Vaan\Desktop\qkd_encryption_system\server_user_2\databases\user_2_db.db
[2025-11-28T03:31:22.444239] [INFO] DEBUG: Найдено сообщений в БД: 2
[2025-11-28T03:31:22.444239] [INFO] DEBUG: Возвращено сообщений: 2
[2025-11-28T03:31:27.434024] [INFO] DEBUG: Получение тестовых сообщений для получателя: server_2
[2025-11-28T03:31:27.435019] [INFO] Подключение к базе данных: C:\Users\Vaan\Desktop\qkd_encryption_system\server_user_2\databases\user_2_db.db
[2025-11-28T03:31:27.437017] [INFO] DEBUG: Найдено сообщений в БД: 2
[2025-11-28T03:31:27.437017] [INFO] DEBUG: Возвращено сообщений: 2
[2025-11-28T03:31:32.434318] [INFO] DEBUG: Получение тестовых сообщений для получателя: server_2
[2025-11-28T03:31:32.434318] [INFO] Подключение к базе данных: C:\Users\Vaan\Desktop\qkd_encryption_system\server_user_2\databases\user_2_db.db
[2025-11-28T03:31:32.436314] [INFO] DEBUG: Найдено сообщений в БД: 2
[2025-11-28T03:31:32.436314] [INFO] DEBUG: Возвращено сообщений: 2
[2025-11-28T03:31:37.435220] [INFO] DEBUG: Получение тестовых сообщений для получателя: server_2
[2025-11-28T03:31:37.435220] [INFO] Подключение к базе данных: C:\Users\Vaan\Desktop\qkd_encryption_system\server_user_2\databases\user_2_db.db
[2025-11-28T03:31:37.436217] [INFO] DEBUG: Найдено сообщений в БД: 2
[2025-11-28T03:31:37.438213] [INFO] DEBUG: Возвращено сообщений: 2
[2025-11-28T03:31:42.437503] [INFO] DEBUG: Получение тестовых сообщений для получателя: server_2
[2025-11-28T03:31:42.440483] [INFO] Подключение к базе данных: C:\Users\Vaan\Desktop\qkd_encryption_system\server_user_2\databases\user_2_db.db
[2025-11-28T03:31:42.442477] [INFO] DEBUG: Найдено сообщений в БД: 2
[2025-11-28T03:31:42.444473] [INFO] DEBUG: Возвращено сообщений: 2
[2025-11-28T03:31:47.437189] [INFO] DEBUG: Получение тестовых сообщений для получателя: server_2
[2025-11-28T03:31:47.438189] [INFO] Подключение к базе данных: C:\Users\Vaan\Desktop\qkd_encryption_system\server_user_2\databases\user_2_db.db
[2025-11-28T03:31:47.439188] [INFO] DEBUG: Найдено сообщений в БД: 2
[2025-11-28T03:31:47.439188] [INFO] DEBUG: Возвращено сообщений: 2
[2025-11-28T03:31:52.444871] [INFO] DEBUG: Получение тестовых сообщений для получателя: server_2
[2025-11-28T03:31:52.445865] [INFO] Подключение к базе данных: C:\Users\Vaan\Desktop\qkd_encryption_system\server_user_2\databases\user_2_db.db
[2025-11-28T03:31:52.447859] [INFO] DEBUG: Найдено сообщений в БД: 2
[2025-11-28T03:31:52.447859] [INFO] DEBUG: Возвращено сообщений: 2
[2025-11-28T03:31:57.564967] [INFO] DEBUG: Получение тестовых сообщений для получателя: server_2
[2025-11-28T03:31:57.565963] [INFO] Подключение к базе данных: C:\Users\Vaan\Desktop\qkd_encryption_system\server_user_2\databases\user_2_db.db
[2025-11-28T03:31:57.568960] [INFO] DEBUG: Найдено сообщений в БД: 2
[2025-11-28T03:31:57.569955] [INFO] DEBUG: Возвращено сообщений: 2
[2025-11-28T03:32:02.433974] [INFO] DEBUG: Получение тестовых сообщений для получателя: server_2
[2025-11-28T03:32:02.433974] [INFO] Подключение к базе данных: C:\Users\Vaan\Desktop\qkd_encryption_system\server_user_2\databases\user_2_db.db
[2025-11-28T03:32:02.435978] [INFO] DEBUG: Найдено сообщений в БД: 2
[2025-11-28T03:32:02.435978] [INFO] DEBUG: Возвращено сообщений: 2
[2025-11-28T03:32:07.432567] [INFO] DEBUG: Получение тестовых сообщений для получателя: server_2
[2025-11-28T03:32:07.432567] [INFO] Подключение к базе данных: C:\Users\Vaan\Desktop\qkd_encryption_system\server_user_2\databases\user_2_db.db
[2025-11-28T03:32:07.434576] [INFO] DEBUG: Найдено сообщений в БД: 2
[2025-11-28T03:32:07.435594] [INFO] DEBUG: Возвращено сообщений: 2
[2025-11-28T03:32:12.451159] [INFO] DEBUG: Получение тестовых сообщений для получателя: server_2
[2025-11-28T03:32:12.452157] [INFO] Подключение к базе данных: C:\Users\Vaan\Desktop\qkd_encryption_system\server_user_2\databases\user_2_db.db
[2025-11-28T03:32:12.455148] [INFO] DEBUG: Найдено сообщений в БД: 2
[2025-11-28T03:32:12.456145] [INFO] DEBUG: Возвращено сообщений: 2
[2025-11-28T03:32:17.435561] [INFO] DEBUG: Получение тестовых сообщений для получателя: server_2
[2025-11-28T03:32:17.436527] [INFO] Подключение к базе данных: C:\Users\Vaan\Desktop\qkd_encryption_system\server_user_2\databases\user_2_db.db
[2025-11-28T03:32:17.438520] [INFO] DEBUG: Найдено сообщений в БД: 2
[2025-11-28T03:32:17.438520] [INFO] DEBUG: Возвращено сообщений: 2
[2025-11-28T03:32:22.439939] [INFO] DEBUG: Получение тестовых сообщений для получателя: server_2
[2025-11-28T03:32:22.440942] [INFO] Подключение к базе данных: C:\Users\Vaan\Desktop\qkd_encryption_system\server_user_2\databases\user_2_db.db
[2025-11-28T03:32:22.441934] [INFO] DEBUG: Найдено сообщений в БД: 2
[2025-11-28T03:32:22.442939] [INFO] DEBUG: Возвращено сообщений: 2
[2025-11-28T03:32:27.443384] [INFO] DEBUG: Получение тестовых сообщений для получателя: server_2
[2025-11-28T03:32:27.445380] [INFO] Подключение к базе данных: C:\Users\Vaan\Desktop\qkd_encryption_system\server_user_2\databases\user_2_db.db
[2025-11-28T03:32:27.448371] [INFO] DEBUG: Найдено сообщений в БД: 2
[2025-11-28T03:32:27.449369] [INFO] DEBUG: Возвращено сообщений: 2
[2025-11-28T03:32:32.432689] [INFO] DEBUG: Получение тестовых сообщений для получателя: server_2
[2025-11-28T03:32:32.433683] [INFO] Подключение к базе данных: C:\Users\Vaan\Desktop\qkd_encryption_system\server_user_2\databases\user_2_db.db
[2025-11-28T03:32:32.434682] [INFO] DEBUG: Найдено сообщений в БД: 2
[2025-11-28T03:32:32.435712] [INFO] DEBUG: Возвращено сообщений: 2
[2025-11-28T03:32:37.432412] [INFO] DEBUG: Получение тестовых сообщений для получателя: server_2
[2025-11-28T03:32:37.432412] [INFO] Подключение к базе данных: C:\Users\Vaan\Desktop\qkd_encryption_system\server_user_2\databases\user_2_db.db
[2025-11-28T03:32:37.434416] [INFO] DEBUG: Найдено сообщений в БД: 2
[2025-11-28T03:32:37.435404] [INFO] DEBUG: Возвращено сообщений: 2
[2025-11-28T03:32:42.445213] [INFO] DEBUG: Получение тестовых сообщений для получателя: server_2
[2025-11-28T03:32:42.452195] [INFO] Подключение к базе данных: C:\Users\Vaan\Desktop\qkd_encryption_system\server_user_2\databases\user_2_db.db
[2025-11-28T03:32:42.458180] [INFO] DEBUG: Найдено сообщений в БД: 2
[2025-11-28T03:32:42.460174] [INFO] DEBUG: Возвращено сообщений: 2
[2025-11-28T03:32:47.428903] [INFO] DEBUG: Получение тестовых сообщений для получателя: server_2
[2025-11-28T03:32:47.428903] [INFO] Подключение к базе данных: C:\Users\Vaan\Desktop\qkd_encryption_system\server_user_2\databases\user_2_db.db
[2025-11-28T03:32:47.430905] [INFO] DEBUG: Найдено сообщений в БД: 2
[2025-11-28T03:32:47.430905] [INFO] DEBUG: Возвращено сообщений: 2
[2025-11-28T03:32:52.433370] [INFO] DEBUG: Получение тестовых сообщений для получателя: server_2
[2025-11-28T03:32:52.433370] [INFO] Подключение к базе данных: C:\Users\Vaan\Desktop\qkd_encryption_system\server_user_2\databases\user_2_db.db
[2025-11-28T03:32:52.434372] [INFO] DEBUG: Найдено сообщений в БД: 2
[2025-11-28T03:32:52.435365] [INFO] DEBUG: Возвращено сообщений: 2
[2025-11-28T03:32:57.459176] [INFO] DEBUG: Получение тестовых сообщений для получателя: server_2
[2025-11-28T03:32:57.460170] [INFO] Подключение к базе данных: C:\Users\Vaan\Desktop\qkd_encryption_system\server_user_2\databases\user_2_db.db
[2025-11-28T03:32:57.462165] [INFO] DEBUG: Найдено сообщений в БД: 2
[2025-11-28T03:32:57.463160] [INFO] DEBUG: Возвращено сообщений: 2
[2025-11-28T03:33:02.442441] [INFO] DEBUG: Получение тестовых сообщений для получателя: server_2
[2025-11-28T03:33:02.443437] [INFO] Подключение к базе данных: C:\Users\Vaan\Desktop\qkd_encryption_system\server_user_2\databases\user_2_db.db
[2025-11-28T03:33:02.445432] [INFO] DEBUG: Найдено сообщений в БД: 2
[2025-11-28T03:33:02.445432] [INFO] DEBUG: Возвращено сообщений: 2
[2025-11-28T03:33:07.435310] [INFO] DEBUG: Получение тестовых сообщений для получателя: server_2
[2025-11-28T03:33:07.435310] [INFO] Подключение к базе данных: C:\Users\Vaan\Desktop\qkd_encryption_system\server_user_2\databases\user_2_db.db
[2025-11-28T03:33:07.436307] [INFO] DEBUG: Найдено сообщений в БД: 2
[2025-11-28T03:33:07.437303] [INFO] DEBUG: Возвращено сообщений: 2
[2025-11-28T03:33:12.458898] [INFO] DEBUG: Получение тестовых сообщений для получателя: server_2
[2025-11-28T03:33:12.461891] [INFO] Подключение к базе данных: C:\Users\Vaan\Desktop\qkd_encryption_system\server_user_2\databases\user_2_db.db
[2025-11-28T03:33:12.462887] [INFO] DEBUG: Найдено сообщений в БД: 2
[2025-11-28T03:33:12.465879] [INFO] DEBUG: Возвращено сообщений: 2
[2025-11-28T03:33:17.437996] [INFO] DEBUG: Получение тестовых сообщений для получателя: server_2
[2025-11-28T03:33:17.437996] [INFO] Подключение к базе данных: C:\Users\Vaan\Desktop\qkd_encryption_system\server_user_2\databases\user_2_db.db
[2025-11-28T03:33:17.440961] [INFO] DEBUG: Найдено сообщений в БД: 2
[2025-11-28T03:33:17.440961] [INFO] DEBUG: Возвращено сообщений: 2
[2025-11-28T03:33:22.441754] [INFO] DEBUG: Получение тестовых сообщений для получателя: server_2
[2025-11-28T03:33:22.441754] [INFO] Подключение к базе данных: C:\Users\Vaan\Desktop\qkd_encryption_system\server_user_2\databases\user_2_db.db
[2025-11-28T03:33:22.443754] [INFO] DEBUG: Найдено сообщений в БД: 2
[2025-11-28T03:33:22.444745] [INFO] DEBUG: Возвращено сообщений: 2
[2025-11-28T03:33:27.443924] [INFO] DEBUG: Получение тестовых сообщений для получателя: server_2
[2025-11-28T03:33:27.444921] [INFO] Подключение к базе данных: C:\Users\Vaan\Desktop\qkd_encryption_system\server_user_2\databases\user_2_db.db
[2025-11-28T03:33:27.446915] [INFO] DEBUG: Найдено сообщений в БД: 2
[2025-11-28T03:33:27.446915] [INFO] DEBUG: Возвращено сообщений: 2
[2025-11-28T03:33:32.443198] [INFO] DEBUG: Получение тестовых сообщений для получателя: server_2
[2025-11-28T03:33:32.443198] [INFO] Подключение к базе данных: C:\Users\Vaan\Desktop\qkd_encryption_system\server_user_2\databases\user_2_db.db
[2025-11-28T03:33:32.445168] [INFO] DEBUG: Найдено сообщений в БД: 2
[2025-11-28T03:33:32.445168] [INFO] DEBUG: Возвращено сообщений: 2
[2025-11-28T03:33:37.443176] [INFO] DEBUG: Получение тестовых сообщений для получателя: server_2
[2025-11-28T03:33:37.444175] [INFO] Подключение к базе данных: C:\Users\Vaan\Desktop\qkd_encryption_system\server_user_2\databases\user_2_db.db
[2025-11-28T03:33:37.445172] [INFO] DEBUG: Найдено сообщений в БД: 2
[2025-11-28T03:33:37.445172] [INFO] DEBUG: Возвращено сообщений: 2
[2025-11-28T03:33:42.475579] [INFO] DEBUG: Получение тестовых сообщений для получателя: server_2
[2025-11-28T03:33:42.475579] [INFO] Подключение к базе данных: C:\Users\Vaan\Desktop\qkd_encryption_system\server_user_2\databases\user_2_db.db
[2025-11-28T03:33:42.477573] [INFO] DEBUG: Найдено сообщений в БД: 2
[2025-11-28T03:33:42.477573] [INFO] DEBUG: Возвращено сообщений: 2
[2025-11-28T03:33:47.436159] [INFO] DEBUG: Получение тестовых сообщений для получателя: server_2
[2025-11-28T03:33:47.437127] [INFO] Подключение к базе данных: C:\Users\Vaan\Desktop\qkd_encryption_system\server_user_2\databases\user_2_db.db
[2025-11-28T03:33:47.439121] [INFO] DEBUG: Найдено сообщений в БД: 2
[2025-11-28T03:33:47.439121] [INFO] DEBUG: Возвращено сообщений: 2
[2025-11-28T03:33:52.513967] [INFO] DEBUG: Получение тестовых сообщений для получателя: server_2
[2025-11-28T03:33:52.514963] [INFO] Подключение к базе данных: C:\Users\Vaan\Desktop\qkd_encryption_system\server_user_2\databases\user_2_db.db
[2025-11-28T03:33:52.515962] [INFO] DEBUG: Найдено сообщений в БД: 2
[2025-11-28T03:33:52.515962] [INFO] DEBUG: Возвращено сообщений: 2
[2025-11-28T03:33:57.574192] [INFO] DEBUG: Получение тестовых сообщений для получателя: server_2
[2025-11-28T03:33:57.574192] [INFO] Подключение к базе данных: C:\Users\Vaan\Desktop\qkd_encryption_system\server_user_2\databases\user_2_db.db
[2025-11-28T03:33:57.576298] [INFO] DEBUG: Найдено сообщений в БД: 2
[2025-11-28T03:33:57.577299] [INFO] DEBUG: Возвращено сообщений: 2
[2025-11-28T03:34:02.580730] [INFO] DEBUG: Получение тестовых сообщений для получателя: server_2
[2025-11-28T03:34:02.580730] [INFO] Подключение к базе данных: C:\Users\Vaan\Desktop\qkd_encryption_system\server_user_2\databases\user_2_db.db
[2025-11-28T03:34:02.583719] [INFO] DEBUG: Найдено сообщений в БД: 2
[2025-11-28T03:34:02.583719] [INFO] DEBUG: Возвращено сообщений: 2
[2025-11-28T03:34:07.567085] [INFO] DEBUG: Получение тестовых сообщений для получателя: server_2
[2025-11-28T03:34:07.567085] [INFO] Подключение к базе данных: C:\Users\Vaan\Desktop\qkd_encryption_system\server_user_2\databases\user_2_db.db
[2025-11-28T03:34:07.568084] [INFO] DEBUG: Найдено сообщений в БД: 2
[2025-11-28T03:34:07.569082] [INFO] DEBUG: Возвращено сообщений: 2
[2025-11-28T03:34:12.578306] [INFO] DEBUG: Получение тестовых сообщений для получателя: server_2
[2025-11-28T03:34:12.579298] [INFO] Подключение к базе данных: C:\Users\Vaan\Desktop\qkd_encryption_system\server_user_2\databases\user_2_db.db
[2025-11-28T03:34:12.581293] [INFO] DEBUG: Найдено сообщений в БД: 2
[2025-11-28T03:34:12.581293] [INFO] DEBUG: Возвращено сообщений: 2
[2025-11-28T03:34:17.430777] [INFO] DEBUG: Получение тестовых сообщений для получателя: server_2
[2025-11-28T03:34:17.431775] [INFO] Подключение к базе данных: C:\Users\Vaan\Desktop\qkd_encryption_system\server_user_2\databases\user_2_db.db
[2025-11-28T03:34:17.432770] [INFO] DEBUG: Найдено сообщений в БД: 2
[2025-11-28T03:34:17.433857] [INFO] DEBUG: Возвращено сообщений: 2
[2025-11-28T03:34:22.578393] [INFO] DEBUG: Получение тестовых сообщений для получателя: server_2
[2025-11-28T03:34:22.579364] [INFO] Подключение к базе данных: C:\Users\Vaan\Desktop\qkd_encryption_system\server_user_2\databases\user_2_db.db
[2025-11-28T03:34:22.581353] [INFO] DEBUG: Найдено сообщений в БД: 2
[2025-11-28T03:34:22.582372] [INFO] DEBUG: Возвращено сообщений: 2
[2025-11-28T03:34:27.572559] [INFO] DEBUG: Получение тестовых сообщений для получателя: server_2
[2025-11-28T03:34:27.572559] [INFO] Подключение к базе данных: C:\Users\Vaan\Desktop\qkd_encryption_system\server_user_2\databases\user_2_db.db
[2025-11-28T03:34:27.574560] [INFO] DEBUG: Найдено сообщений в БД: 2
[2025-11-28T03:34:27.574560] [INFO] DEBUG: Возвращено сообщений: 2
[2025-11-28T03:34:32.573578] [INFO] DEBUG: Получение тестовых сообщений для получателя: server_2
[2025-11-28T03:34:32.574577] [INFO] Подключение к базе данных: C:\Users\Vaan\Desktop\qkd_encryption_system\server_user_2\databases\user_2_db.db
[2025-11-28T03:34:32.576570] [INFO] DEBUG: Найдено сообщений в БД: 2
[2025-11-28T03:34:32.576570] [INFO] DEBUG: Возвращено сообщений: 2
[2025-11-28T03:34:37.571681] [INFO] DEBUG: Получение тестовых сообщений для получателя: server_2
[2025-11-28T03:34:37.571681] [INFO] Подключение к базе данных: C:\Users\Vaan\Desktop\qkd_encryption_system\server_user_2\databases\user_2_db.db
[2025-11-28T03:34:37.573650] [INFO] DEBUG: Найдено сообщений в БД: 2
[2025-11-28T03:34:37.573650] [INFO] DEBUG: Возвращено сообщений: 2
[2025-11-28T03:34:42.576880] [INFO] DEBUG: Получение тестовых сообщений для получателя: server_2
[2025-11-28T03:34:42.576880] [INFO] Подключение к базе данных: C:\Users\Vaan\Desktop\qkd_encryption_system\server_user_2\databases\user_2_db.db
[2025-11-28T03:34:42.577897] [INFO] DEBUG: Найдено сообщений в БД: 2
[2025-11-28T03:34:42.577897] [INFO] DEBUG: Возвращено сообщений: 2
[2025-11-28T03:34:47.571968] [INFO] DEBUG: Получение тестовых сообщений для получателя: server_2
[2025-11-28T03:34:47.572960] [INFO] Подключение к базе данных: C:\Users\Vaan\Desktop\qkd_encryption_system\server_user_2\databases\user_2_db.db
[2025-11-28T03:34:47.574964] [INFO] DEBUG: Найдено сообщений в БД: 2
[2025-11-28T03:34:47.574964] [INFO] DEBUG: Возвращено сообщений: 2
[2025-11-28T03:34:52.577707] [INFO] DEBUG: Получение тестовых сообщений для получателя: server_2
[2025-11-28T03:34:52.578705] [INFO] Подключение к базе данных: C:\Users\Vaan\Desktop\qkd_encryption_system\server_user_2\databases\user_2_db.db
[2025-11-28T03:34:52.580734] [INFO] DEBUG: Найдено сообщений в БД: 2
[2025-11-28T03:34:52.580734] [INFO] DEBUG: Возвращено сообщений: 2
[2025-11-28T03:34:57.572014] [INFO] DEBUG: Получение тестовых сообщений для получателя: server_2
[2025-11-28T03:34:57.572014] [INFO] Подключение к базе данных: C:\Users\Vaan\Desktop\qkd_encryption_system\server_user_2\databases\user_2_db.db
[2025-11-28T03:34:57.574007] [INFO] DEBUG: Найдено сообщений в БД: 2
[2025-11-28T03:34:57.574007] [INFO] DEBUG: Возвращено сообщений: 2
[2025-11-28T03:35:02.566237] [INFO] DEBUG: Получение тестовых сообщений для получателя: server_2
[2025-11-28T03:35:02.567233] [INFO] Подключение к базе данных: C:\Users\Vaan\Desktop\qkd_encryption_system\server_user_2\databases\user_2_db.db
[2025-11-28T03:35:02.568274] [INFO] DEBUG: Найдено сообщений в БД: 2
[2025-11-28T03:35:02.568274] [INFO] DEBUG: Возвращено сообщений: 2
[2025-11-28T03:35:07.568175] [INFO] DEBUG: Получение тестовых сообщений для получателя: server_2
[2025-11-28T03:35:07.569172] [INFO] Подключение к базе данных: C:\Users\Vaan\Desktop\qkd_encryption_system\server_user_2\databases\user_2_db.db
[2025-11-28T03:35:07.570169] [INFO] DEBUG: Найдено сообщений в БД: 2
[2025-11-28T03:35:07.571167] [INFO] DEBUG: Возвращено сообщений: 2
[2025-11-28T03:35:12.579965] [INFO] DEBUG: Получение тестовых сообщений для получателя: server_2
[2025-11-28T03:35:12.580962] [INFO] Подключение к базе данных: C:\Users\Vaan\Desktop\qkd_encryption_system\server_user_2\databases\user_2_db.db
[2025-11-28T03:35:12.582956] [INFO] DEBUG: Найдено сообщений в БД: 2
[2025-11-28T03:35:12.582956] [INFO] DEBUG: Возвращено сообщений: 2
[2025-11-28T03:35:17.566339] [INFO] DEBUG: Получение тестовых сообщений для получателя: server_2
[2025-11-28T03:35:17.566339] [INFO] Подключение к базе данных: C:\Users\Vaan\Desktop\qkd_encryption_system\server_user_2\databases\user_2_db.db
[2025-11-28T03:35:17.568339] [INFO] DEBUG: Найдено сообщений в БД: 2
[2025-11-28T03:35:17.569330] [INFO] DEBUG: Возвращено сообщений: 2
[2025-11-28T03:35:53.569061] [INFO] DEBUG: Получение тестовых сообщений для получателя: server_2
[2025-11-28T03:35:53.570058] [INFO] Подключение к базе данных: C:\Users\Vaan\Desktop\qkd_encryption_system\server_user_2\databases\user_2_db.db
[2025-11-28T03:35:53.575045] [INFO] DEBUG: Найдено сообщений в БД: 2
[2025-11-28T03:35:53.575045] [INFO] DEBUG: Возвращено сообщений: 2
[2025-11-28T03:36:30.757565] [INFO] Подключение к базе данных: C:\Users\Vaan\Desktop\qkd_encryption_system\server_user_1\databases\user_1_db.db
[2025-11-28T03:36:30.758563] [INFO] Подключение к базе данных: C:\Users\Vaan\Desktop\qkd_encryption_system\server_user_1\databases\user_1_db.db
[2025-11-28T03:36:30.758563] [INFO] Подключение к базе данных: C:\Users\Vaan\Desktop\qkd_encryption_system\server_user_1\databases\user_1_db.db
[2025-11-28T03:36:30.758563] [INFO] Подключение к базе данных: C:\Users\Vaan\Desktop\qkd_encryption_system\server_user_1\databases\user_1_db.db
[2025-11-28T03:36:30.759559] [INFO] Подключение к базе данных: C:\Users\Vaan\Desktop\qkd_encryption_system\server_user_1\databases\user_1_db.db
[2025-11-28T03:36:30.760557] [INFO] Подключение к базе данных: C:\Users\Vaan\Desktop\qkd_encryption_system\server_user_1\databases\user_1_db.db
[2025-11-28T03:36:30.761554] [INFO] Подключение к базе данных: C:\Users\Vaan\Desktop\qkd_encryption_system\server_user_1\databases\user_1_db.db
[2025-11-28T03:36:30.774520] [INFO] Подключение к базе данных: C:\Users\Vaan\Desktop\qkd_encryption_system\server_user_2\databases\user_2_db.db
[2025-11-28T03:36:30.774520] [INFO] Подключение к базе данных: C:\Users\Vaan\Desktop\qkd_encryption_system\server_user_2\databases\user_2_db.db
[2025-11-28T03:36:30.774520] [INFO] Подключение к базе данных: C:\Users\Vaan\Desktop\qkd_encryption_system\server_user_2\databases\user_2_db.db
[2025-11-28T03:36:30.775517] [INFO] Подключение к базе данных: C:\Users\Vaan\Desktop\qkd_encryption_system\server_user_2\databases\user_2_db.db
[2025-11-28T03:36:30.775517] [INFO] Подключение к базе данных: C:\Users\Vaan\Desktop\qkd_encryption_system\server_user_2\databases\user_2_db.db
[2025-11-28T03:36:30.776515] [INFO] Подключение к базе данных: C:\Users\Vaan\Desktop\qkd_encryption_system\server_user_2\databases\user_2_db.db
[2025-11-28T03:36:30.777512] [INFO] Подключение к базе данных: C:\Users\Vaan\Desktop\qkd_encryption_system\server_user_2\databases\user_2_db.db
[2025-11-28T03:36:34.709199] [INFO] Подключение к базе данных: C:\Users\Vaan\Desktop\qkd_encryption_system\server_user_1\databases\user_1_db.db
[2025-11-28T03:36:34.709199] [INFO] Подключение к базе данных: C:\Users\Vaan\Desktop\qkd_encryption_system\server_user_1\databases\user_1_db.db
[2025-11-28T03:36:34.710195] [INFO] Подключение к базе данных: C:\Users\Vaan\Desktop\qkd_encryption_system\server_user_1\databases\user_1_db.db
[2025-11-28T03:36:34.710195] [INFO] Подключение к базе данных: C:\Users\Vaan\Desktop\qkd_encryption_system\server_user_1\databases\user_1_db.db
[2025-11-28T03:36:34.710195] [INFO] Подключение к базе данных: C:\Users\Vaan\Desktop\qkd_encryption_system\server_user_1\databases\user_1_db.db
[2025-11-28T03:36:34.711193] [INFO] Подключение к базе данных: C:\Users\Vaan\Desktop\qkd_encryption_system\server_user_1\databases\user_1_db.db
[2025-11-28T03:36:34.712190] [INFO] Подключение к базе данных: C:\Users\Vaan\Desktop\qkd_encryption_system\server_user_1\databases\user_1_db.db
[2025-11-28T03:36:34.712190] [INFO] Подключение к базе данных: C:\Users\Vaan\Desktop\qkd_encryption_system\server_user_2\databases\user_2_db.db
[2025-11-28T03:36:34.712190] [INFO] Подключение к базе данных: C:\Users\Vaan\Desktop\qkd_encryption_system\server_user_2\databases\user_2_db.db
[2025-11-28T03:36:34.713187] [INFO] Подключение к базе данных: C:\Users\Vaan\Desktop\qkd_encryption_system\server_user_2\databases\user_2_db.db
[2025-11-28T03:36:34.713187] [INFO] Подключение к базе данных: C:\Users\Vaan\Desktop\qkd_encryption_system\server_user_2\databases\user_2_db.db
[2025-11-28T03:36:34.714185] [INFO] Подключение к базе данных: C:\Users\Vaan\Desktop\qkd_encryption_system\server_user_2\databases\user_2_db.db
[2025-11-28T03:36:34.716194] [INFO] Подключение к базе данных: C:\Users\Vaan\Desktop\qkd_encryption_system\server_user_2\databases\user_2_db.db
[2025-11-28T03:36:34.717180] [INFO] Подключение к базе данных: C:\Users\Vaan\Desktop\qkd_encryption_system\server_user_2\databases\user_2_db.db
[2025-11-28T03:36:49.557653] [INFO] Подключение к базе данных: C:\Users\Vaan\Desktop\qkd_encryption_system\server_user_1\databases\user_1_db.db
[2025-11-28T03:36:49.558651] [INFO] Подключение к базе данных: C:\Users\Vaan\Desktop\qkd_encryption_system\server_user_2\databases\user_2_db.db
[2025-11-28T03:36:49.558651] [INFO] Подключение к базе данных: C:\Users\Vaan\Desktop\qkd_encryption_system\server_user_1\databases\user_1_db.db
[2025-11-28T03:36:49.558651] [INFO] Подключение к базе данных: C:\Users\Vaan\Desktop\qkd_encryption_system\server_user_2\databases\user_2_db.db
[2025-11-28T03:36:49.558651] [INFO] Подключение к базе данных: C:\Users\Vaan\Desktop\qkd_encryption_system\server_user_1\databases\user_1_db.db
[2025-11-28T03:36:49.559649] [INFO] Подключение к базе данных: C:\Users\Vaan\Desktop\qkd_encryption_system\server_user_2\databases\user_2_db.db
[2025-11-28T03:36:49.559649] [INFO] Подключение к базе данных: C:\Users\Vaan\Desktop\qkd_encryption_system\server_user_1\databases\user_1_db.db
[2025-11-28T03:36:49.559649] [INFO] Подключение к базе данных: C:\Users\Vaan\Desktop\qkd_encryption_system\server_user_2\databases\user_2_db.db
[2025-11-28T03:36:49.559649] [INFO] Подключение к базе данных: C:\Users\Vaan\Desktop\qkd_encryption_system\server_user_1\databases\user_1_db.db
[2025-11-28T03:36:49.559649] [INFO] Подключение к базе данных: C:\Users\Vaan\Desktop\qkd_encryption_system\server_user_2\databases\user_2_db.db
[2025-11-28T03:36:49.561642] [INFO] Подключение к базе данных: C:\Users\Vaan\Desktop\qkd_encryption_system\server_user_1\databases\user_1_db.db
[2025-11-28T03:36:49.561642] [INFO] Подключение к базе данных: C:\Users\Vaan\Desktop\qkd_encryption_system\server_user_2\databases\user_2_db.db
[2025-11-28T03:36:49.561642] [INFO] Подключение к базе данных: C:\Users\Vaan\Desktop\qkd_encryption_system\server_user_1\databases\user_1_db.db
[2025-11-28T03:36:49.561642] [INFO] Подключение к базе данных: C:\Users\Vaan\Desktop\qkd_encryption_system\server_user_2\databases\user_2_db.db
[2025-11-28T03:36:53.687684] [INFO] Подключение к базе данных: C:\Users\Vaan\Desktop\qkd_encryption_system\server_user_1\databases\user_1_db.db
[2025-11-28T03:36:53.687684] [INFO] Подключение к базе данных: C:\Users\Vaan\Desktop\qkd_encryption_system\server_user_1\databases\user_1_db.db
[2025-11-28T03:36:53.687684] [INFO] Подключение к базе данных: C:\Users\Vaan\Desktop\qkd_encryption_system\server_user_1\databases\user_1_db.db
[2025-11-28T03:36:53.687684] [INFO] Подключение к базе данных: C:\Users\Vaan\Desktop\qkd_encryption_system\server_user_1\databases\user_1_db.db
[2025-11-28T03:36:53.688682] [INFO] Подключение к базе данных: C:\Users\Vaan\Desktop\qkd_encryption_system\server_user_1\databases\user_1_db.db
[2025-11-28T03:36:53.689678] [INFO] Подключение к базе данных: C:\Users\Vaan\Desktop\qkd_encryption_system\server_user_2\databases\user_2_db.db
[2025-11-28T03:36:53.689678] [INFO] Подключение к базе данных: C:\Users\Vaan\Desktop\qkd_encryption_system\server_user_1\databases\user_1_db.db
[2025-11-28T03:36:53.689678] [INFO] Подключение к базе данных: C:\Users\Vaan\Desktop\qkd_encryption_system\server_user_2\databases\user_2_db.db
[2025-11-28T03:36:53.690676] [INFO] Подключение к базе данных: C:\Users\Vaan\Desktop\qkd_encryption_system\server_user_1\databases\user_1_db.db
[2025-11-28T03:36:53.690676] [INFO] Подключение к базе данных: C:\Users\Vaan\Desktop\qkd_encryption_system\server_user_2\databases\user_2_db.db
[2025-11-28T03:36:53.690676] [INFO] Подключение к базе данных: C:\Users\Vaan\Desktop\qkd_encryption_system\server_user_2\databases\user_2_db.db
[2025-11-28T03:36:53.691673] [INFO] Подключение к базе данных: C:\Users\Vaan\Desktop\qkd_encryption_system\server_user_2\databases\user_2_db.db
[2025-11-28T03:36:53.692671] [INFO] Подключение к базе данных: C:\Users\Vaan\Desktop\qkd_encryption_system\server_user_2\databases\user_2_db.db
[2025-11-28T03:36:53.693669] [INFO] Подключение к базе данных: C:\Users\Vaan\Desktop\qkd_encryption_system\server_user_2\databases\user_2_db.db
[2025-11-28T03:36:53.758143] [INFO] DEBUG: Получение тестовых сообщений для получателя: server_2
[2025-11-28T03:36:53.759141] [INFO] Подключение к базе данных: C:\Users\Vaan\Desktop\qkd_encryption_system\server_user_2\databases\user_2_db.db
[2025-11-28T03:36:53.761134] [INFO] DEBUG: Найдено сообщений в БД: 2
[2025-11-28T03:36:53.761134] [INFO] DEBUG: Возвращено сообщений: 2
[2025-11-28T03:37:53.567253] [INFO] DEBUG: Получение тестовых сообщений для получателя: server_2
[2025-11-28T03:37:53.568250] [INFO] Подключение к базе данных: C:\Users\Vaan\Desktop\qkd_encryption_system\server_user_2\databases\user_2_db.db
[2025-11-28T03:37:53.569248] [INFO] DEBUG: Найдено сообщений в БД: 2
[2025-11-28T03:37:53.569248] [INFO] DEBUG: Возвращено сообщений: 2
[2025-11-28T03:38:53.566988] [INFO] DEBUG: Получение тестовых сообщений для получателя: server_2
[2025-11-28T03:38:53.567938] [INFO] Подключение к базе данных: C:\Users\Vaan\Desktop\qkd_encryption_system\server_user_2\databases\user_2_db.db
[2025-11-28T03:38:53.569934] [INFO] DEBUG: Найдено сообщений в БД: 2
[2025-11-28T03:38:53.569934] [INFO] DEBUG: Возвращено сообщений: 2
[2025-11-28T03:40:13.421773] [INFO] Подключение к базе данных: C:\Users\Vaan\Desktop\qkd_encryption_system\server_user_1\databases\user_1_db.db
[2025-11-28T03:40:13.422749] [INFO] Подключение к базе данных: C:\Users\Vaan\Desktop\qkd_encryption_system\server_user_1\databases\user_1_db.db
[2025-11-28T03:40:13.422749] [INFO] Подключение к базе данных: C:\Users\Vaan\Desktop\qkd_encryption_system\server_user_1\databases\user_1_db.db
[2025-11-28T03:40:13.422749] [INFO] Подключение к базе данных: C:\Users\Vaan\Desktop\qkd_encryption_system\server_user_1\databases\user_1_db.db
[2025-11-28T03:40:13.423741] [INFO] Подключение к базе данных: C:\Users\Vaan\Desktop\qkd_encryption_system\server_user_1\databases\user_1_db.db
[2025-11-28T03:40:13.424738] [INFO] Подключение к базе данных: C:\Users\Vaan\Desktop\qkd_encryption_system\server_user_1\databases\user_1_db.db
[2025-11-28T03:40:13.424738] [INFO] Подключение к базе данных: C:\Users\Vaan\Desktop\qkd_encryption_system\server_user_1\databases\user_1_db.db
[2025-11-28T03:40:13.773134] [INFO] Подключение к базе данных: C:\Users\Vaan\Desktop\qkd_encryption_system\server_user_1\databases\user_1_db.db
[2025-11-28T03:40:13.773134] [INFO] Подключение к базе данных: C:\Users\Vaan\Desktop\qkd_encryption_system\server_user_1\databases\user_1_db.db
[2025-11-28T03:40:13.773134] [INFO] Подключение к базе данных: C:\Users\Vaan\Desktop\qkd_encryption_system\server_user_1\databases\user_1_db.db
[2025-11-28T03:40:13.774094] [INFO] Подключение к базе данных: C:\Users\Vaan\Desktop\qkd_encryption_system\server_user_1\databases\user_1_db.db
[2025-11-28T03:40:13.774094] [INFO] Подключение к базе данных: C:\Users\Vaan\Desktop\qkd_encryption_system\server_user_1\databases\user_1_db.db
[2025-11-28T03:40:13.775186] [INFO] Подключение к базе данных: C:\Users\Vaan\Desktop\qkd_encryption_system\server_user_1\databases\user_1_db.db
[2025-11-28T03:40:13.775186] [INFO] Подключение к базе данных: C:\Users\Vaan\Desktop\qkd_encryption_system\server_user_1\databases\user_1_db.db
[2025-11-28T03:40:15.190438] [INFO] Подключение к базе данных: C:\Users\Vaan\Desktop\qkd_encryption_system\server_user_2\databases\user_2_db.db
[2025-11-28T03:40:15.190438] [INFO] Подключение к базе данных: C:\Users\Vaan\Desktop\qkd_encryption_system\server_user_2\databases\user_2_db.db
[2025-11-28T03:40:15.190438] [INFO] Подключение к базе данных: C:\Users\Vaan\Desktop\qkd_encryption_system\server_user_2\databases\user_2_db.db
[2025-11-28T03:40:15.191436] [INFO] Подключение к базе данных: C:\Users\Vaan\Desktop\qkd_encryption_system\server_user_2\databases\user_2_db.db
[2025-11-28T03:40:15.191436] [INFO] Подключение к базе данных: C:\Users\Vaan\Desktop\qkd_encryption_system\server_user_2\databases\user_2_db.db
[2025-11-28T03:40:15.192434] [INFO] Подключение к базе данных: C:\Users\Vaan\Desktop\qkd_encryption_system\server_user_2\databases\user_2_db.db
[2025-11-28T03:40:15.193430] [INFO] Подключение к базе данных: C:\Users\Vaan\Desktop\qkd_encryption_system\server_user_2\databases\user_2_db.db
[2025-11-28T03:40:15.528566] [INFO] Подключение к базе данных: C:\Users\Vaan\Desktop\qkd_encryption_system\server_user_2\databases\user_2_db.db
[2025-11-28T03:40:15.528566] [INFO] Подключение к базе данных: C:\Users\Vaan\Desktop\qkd_encryption_system\server_user_2\databases\user_2_db.db
[2025-11-28T03:40:15.529531] [INFO] Подключение к базе данных: C:\Users\Vaan\Desktop\qkd_encryption_system\server_user_2\databases\user_2_db.db
[2025-11-28T03:40:15.529531] [INFO] Подключение к базе данных: C:\Users\Vaan\Desktop\qkd_encryption_system\server_user_2\databases\user_2_db.db
[2025-11-28T03:40:15.529531] [INFO] Подключение к базе данных: C:\Users\Vaan\Desktop\qkd_encryption_system\server_user_2\databases\user_2_db.db
[2025-11-28T03:40:15.530529] [INFO] Подключение к базе данных: C:\Users\Vaan\Desktop\qkd_encryption_system\server_user_2\databases\user_2_db.db
[2025-11-28T03:40:15.531526] [INFO] Подключение к базе данных: C:\Users\Vaan\Desktop\qkd_encryption_system\server_user_2\databases\user_2_db.db
[2025-11-28T03:40:17.571257] [INFO] DEBUG: Получение тестовых сообщений для получателя: server_2
[2025-11-28T03:40:17.572256] [INFO] Подключение к базе данных: C:\Users\Vaan\Desktop\qkd_encryption_system\server_user_2\databases\user_2_db.db
[2025-11-28T03:40:17.574248] [INFO] DEBUG: Найдено сообщений в БД: 2
[2025-11-28T03:40:17.574248] [INFO] DEBUG: Возвращено сообщений: 2
[2025-11-28T03:40:18.550233] [INFO] Подключение к базе данных: C:\Users\Vaan\Desktop\qkd_encryption_system\server_user_1\databases\user_1_db.db
[2025-11-28T03:40:18.644978] [INFO] Подключение к базе данных: C:\Users\Vaan\Desktop\qkd_encryption_system\server_user_1\databases\user_1_db.db
[2025-11-28T03:40:19.967864] [INFO] DEBUG: Получение тестовых сообщений для получателя: server_1
[2025-11-28T03:40:19.968861] [INFO] Подключение к базе данных: C:\Users\Vaan\Desktop\qkd_encryption_system\server_user_1\databases\user_1_db.db
[2025-11-28T03:40:20.046018] [INFO] DEBUG: Получение тестовых сообщений для получателя: server_1
[2025-11-28T03:40:20.046018] [INFO] Подключение к базе данных: C:\Users\Vaan\Desktop\qkd_encryption_system\server_user_1\databases\user_1_db.db
[2025-11-28T03:40:29.861798] [INFO] Подключение к базе данных: C:\Users\Vaan\Desktop\qkd_encryption_system\server_user_2\databases\user_2_db.db
[2025-11-28T03:40:31.243000] [INFO] DEBUG: Получение тестовых сообщений для получателя: server_2
[2025-11-28T03:40:31.243000] [INFO] Подключение к базе данных: C:\Users\Vaan\Desktop\qkd_encryption_system\server_user_2\databases\user_2_db.db
[2025-11-28T03:40:31.243998] [INFO] DEBUG: Найдено сообщений в БД: 2
[2025-11-28T03:40:31.243998] [INFO] DEBUG: Возвращено сообщений: 2
[2025-11-28T03:40:35.571643] [INFO] DEBUG: Получение тестовых сообщений для получателя: server_2
[2025-11-28T03:40:35.572641] [INFO] Подключение к базе данных: C:\Users\Vaan\Desktop\qkd_encryption_system\server_user_2\databases\user_2_db.db
[2025-11-28T03:40:35.574638] [INFO] DEBUG: Найдено сообщений в БД: 2
[2025-11-28T03:40:35.574638] [INFO] DEBUG: Возвращено сообщений: 2
[2025-11-28T03:40:37.837040] [INFO] Подключение к базе данных: C:\Users\Vaan\Desktop\qkd_encryption_system\server_user_1\databases\user_1_db.db
[2025-11-28T03:40:37.936725] [INFO] Подключение к базе данных: C:\Users\Vaan\Desktop\qkd_encryption_system\server_user_1\databases\user_1_db.db
[2025-11-28T03:40:39.248590] [INFO] DEBUG: Получение тестовых сообщений для получателя: server_1
[2025-11-28T03:40:39.248590] [INFO] Подключение к базе данных: C:\Users\Vaan\Desktop\qkd_encryption_system\server_user_1\databases\user_1_db.db
[2025-11-28T03:40:39.279355] [INFO] DEBUG: Получение тестовых сообщений для получателя: server_1
[2025-11-28T03:40:39.279355] [INFO] Подключение к базе данных: C:\Users\Vaan\Desktop\qkd_encryption_system\server_user_1\databases\user_1_db.db
[2025-11-28T03:40:40.252159] [INFO] DEBUG: Получение тестовых сообщений для получателя: server_2
[2025-11-28T03:40:40.253152] [INFO] Подключение к базе данных: C:\Users\Vaan\Desktop\qkd_encryption_system\server_user_2\databases\user_2_db.db
[2025-11-28T03:40:40.254144] [INFO] DEBUG: Найдено сообщений в БД: 2
[2025-11-28T03:40:40.254144] [INFO] DEBUG: Возвращено сообщений: 2
[2025-11-28T03:40:43.277588] [INFO] DEBUG: Получение тестовых сообщений для получателя: server_1
[2025-11-28T03:40:43.277588] [INFO] Подключение к базе данных: C:\Users\Vaan\Desktop\qkd_encryption_system\server_user_1\databases\user_1_db.db
[2025-11-28T03:40:45.576110] [INFO] DEBUG: Получение тестовых сообщений для получателя: server_2
[2025-11-28T03:40:45.576110] [INFO] Подключение к базе данных: C:\Users\Vaan\Desktop\qkd_encryption_system\server_user_2\databases\user_2_db.db
[2025-11-28T03:40:45.577108] [INFO] DEBUG: Найдено сообщений в БД: 2
[2025-11-28T03:40:45.578105] [INFO] DEBUG: Возвращено сообщений: 2
[2025-11-28T03:40:48.283126] [INFO] DEBUG: Получение тестовых сообщений для получателя: server_1
[2025-11-28T03:40:48.283126] [INFO] Подключение к базе данных: C:\Users\Vaan\Desktop\qkd_encryption_system\server_user_1\databases\user_1_db.db
[2025-11-28T03:40:50.593864] [INFO] DEBUG: Получение тестовых сообщений для получателя: server_2
[2025-11-28T03:40:50.594857] [INFO] Подключение к базе данных: C:\Users\Vaan\Desktop\qkd_encryption_system\server_user_2\databases\user_2_db.db
[2025-11-28T03:40:50.596858] [INFO] DEBUG: Найдено сообщений в БД: 2
[2025-11-28T03:40:50.597852] [INFO] DEBUG: Возвращено сообщений: 2
[2025-11-28T03:40:53.662962] [INFO] DEBUG: Получение тестовых сообщений для получателя: server_1
[2025-11-28T03:40:53.664958] [INFO] Подключение к базе данных: C:\Users\Vaan\Desktop\qkd_encryption_system\server_user_1\databases\user_1_db.db
[2025-11-28T03:40:55.244154] [INFO] DEBUG: Получение тестовых сообщений для получателя: server_2
[2025-11-28T03:40:55.244154] [INFO] Подключение к базе данных: C:\Users\Vaan\Desktop\qkd_encryption_system\server_user_2\databases\user_2_db.db
[2025-11-28T03:40:55.246149] [INFO] DEBUG: Найдено сообщений в БД: 2
[2025-11-28T03:40:55.246149] [INFO] DEBUG: Возвращено сообщений: 2
[2025-11-28T03:40:58.571551] [INFO] DEBUG: Получение тестовых сообщений для получателя: server_1
[2025-11-28T03:40:58.572516] [INFO] Подключение к базе данных: C:\Users\Vaan\Desktop\qkd_encryption_system\server_user_1\databases\user_1_db.db
[2025-11-28T03:41:00.255478] [INFO] DEBUG: Получение тестовых сообщений для получателя: server_2
[2025-11-28T03:41:00.255478] [INFO] Подключение к базе данных: C:\Users\Vaan\Desktop\qkd_encryption_system\server_user_2\databases\user_2_db.db
[2025-11-28T03:41:00.257475] [INFO] DEBUG: Найдено сообщений в БД: 2
[2025-11-28T03:41:00.257475] [INFO] DEBUG: Возвращено сообщений: 2
[2025-11-28T03:41:03.267206] [INFO] DEBUG: Получение тестовых сообщений для получателя: server_1
[2025-11-28T03:41:03.267206] [INFO] Подключение к базе данных: C:\Users\Vaan\Desktop\qkd_encryption_system\server_user_1\databases\user_1_db.db
[2025-11-28T03:41:05.574458] [INFO] DEBUG: Получение тестовых сообщений для получателя: server_2
[2025-11-28T03:41:05.575456] [INFO] Подключение к базе данных: C:\Users\Vaan\Desktop\qkd_encryption_system\server_user_2\databases\user_2_db.db
[2025-11-28T03:41:05.575456] [INFO] DEBUG: Найдено сообщений в БД: 2
[2025-11-28T03:41:05.576454] [INFO] DEBUG: Возвращено сообщений: 2
[2025-11-28T03:41:08.313947] [INFO] DEBUG: Получение тестовых сообщений для получателя: server_1
[2025-11-28T03:41:08.316938] [INFO] Подключение к базе данных: C:\Users\Vaan\Desktop\qkd_encryption_system\server_user_1\databases\user_1_db.db
[2025-11-28T03:41:10.573970] [INFO] DEBUG: Получение тестовых сообщений для получателя: server_2
[2025-11-28T03:41:10.575931] [INFO] Подключение к базе данных: C:\Users\Vaan\Desktop\qkd_encryption_system\server_user_2\databases\user_2_db.db
[2025-11-28T03:41:10.577925] [INFO] DEBUG: Найдено сообщений в БД: 2
[2025-11-28T03:41:10.577925] [INFO] DEBUG: Возвращено сообщений: 2
[2025-11-28T03:41:13.575017] [INFO] DEBUG: Получение тестовых сообщений для получателя: server_1
[2025-11-28T03:41:13.576012] [INFO] Подключение к базе данных: C:\Users\Vaan\Desktop\qkd_encryption_system\server_user_1\databases\user_1_db.db
[2025-11-28T03:41:15.249005] [INFO] DEBUG: Получение тестовых сообщений для получателя: server_2
[2025-11-28T03:41:15.249969] [INFO] Подключение к базе данных: C:\Users\Vaan\Desktop\qkd_encryption_system\server_user_2\databases\user_2_db.db
[2025-11-28T03:41:15.251964] [INFO] DEBUG: Найдено сообщений в БД: 2
[2025-11-28T03:41:15.251964] [INFO] DEBUG: Возвращено сообщений: 2
[2025-11-28T03:41:18.573887] [INFO] DEBUG: Получение тестовых сообщений для получателя: server_1
[2025-11-28T03:41:18.573887] [INFO] Подключение к базе данных: C:\Users\Vaan\Desktop\qkd_encryption_system\server_user_1\databases\user_1_db.db
[2025-11-28T03:41:20.071904] [WARNING] Ключ key_testA_20251128025343 недоступен (статус: Использован)
[2025-11-28T03:41:23.588217] [INFO] DEBUG: Получение тестовых сообщений для получателя: server_2
[2025-11-28T03:41:23.589205] [INFO] Подключение к базе данных: C:\Users\Vaan\Desktop\qkd_encryption_system\server_user_2\databases\user_2_db.db
[2025-11-28T03:41:23.596187] [INFO] DEBUG: Найдено сообщений в БД: 2
[2025-11-28T03:41:23.605163] [INFO] DEBUG: Возвращено сообщений: 2
[2025-11-28T03:41:23.725841] [INFO] DEBUG: Получение тестовых сообщений для получателя: server_1
[2025-11-28T03:41:23.739803] [INFO] Подключение к базе данных: C:\Users\Vaan\Desktop\qkd_encryption_system\server_user_1\databases\user_1_db.db
[2025-11-28T03:41:25.258337] [INFO] DEBUG: Получение тестовых сообщений для получателя: server_2
[2025-11-28T03:41:25.258337] [INFO] Подключение к базе данных: C:\Users\Vaan\Desktop\qkd_encryption_system\server_user_2\databases\user_2_db.db
[2025-11-28T03:41:25.260301] [INFO] DEBUG: Найдено сообщений в БД: 2
[2025-11-28T03:41:25.260301] [INFO] DEBUG: Возвращено сообщений: 2
[2025-11-28T03:41:28.574493] [INFO] DEBUG: Получение тестовых сообщений для получателя: server_1
[2025-11-28T03:41:28.575490] [INFO] Подключение к базе данных: C:\Users\Vaan\Desktop\qkd_encryption_system\server_user_1\databases\user_1_db.db
[2025-11-28T03:41:30.245230] [INFO] DEBUG: Получение тестовых сообщений для получателя: server_2
[2025-11-28T03:41:30.246230] [INFO] Подключение к базе данных: C:\Users\Vaan\Desktop\qkd_encryption_system\server_user_2\databases\user_2_db.db
[2025-11-28T03:41:30.248221] [INFO] DEBUG: Найдено сообщений в БД: 2
[2025-11-28T03:41:30.248221] [INFO] DEBUG: Возвращено сообщений: 2
[2025-11-28T03:41:33.271470] [INFO] DEBUG: Получение тестовых сообщений для получателя: server_1
[2025-11-28T03:41:33.271470] [INFO] Подключение к базе данных: C:\Users\Vaan\Desktop\qkd_encryption_system\server_user_1\databases\user_1_db.db
[2025-11-28T03:41:35.578535] [INFO] DEBUG: Получение тестовых сообщений для получателя: server_2
[2025-11-28T03:41:35.579533] [INFO] Подключение к базе данных: C:\Users\Vaan\Desktop\qkd_encryption_system\server_user_2\databases\user_2_db.db
[2025-11-28T03:41:35.581535] [INFO] DEBUG: Найдено сообщений в БД: 2
[2025-11-28T03:41:35.582526] [INFO] DEBUG: Возвращено сообщений: 2
[2025-11-28T03:41:38.330989] [INFO] DEBUG: Получение тестовых сообщений для получателя: server_1
[2025-11-28T03:41:38.331986] [INFO] Подключение к базе данных: C:\Users\Vaan\Desktop\qkd_encryption_system\server_user_1\databases\user_1_db.db
[2025-11-28T03:41:40.571469] [INFO] DEBUG: Получение тестовых сообщений для получателя: server_2
[2025-11-28T03:41:40.572459] [INFO] Подключение к базе данных: C:\Users\Vaan\Desktop\qkd_encryption_system\server_user_2\databases\user_2_db.db
[2025-11-28T03:41:40.573456] [INFO] DEBUG: Найдено сообщений в БД: 2
[2025-11-28T03:41:40.573456] [INFO] DEBUG: Возвращено сообщений: 2
[2025-11-28T03:41:43.243946] [WARNING] Ключ key_testB_20251128021247 недоступен (статус: Использован)
[2025-11-28T03:41:45.566315] [INFO] DEBUG: Получение тестовых сообщений для получателя: server_2
[2025-11-28T03:41:45.566315] [INFO] Подключение к базе данных: C:\Users\Vaan\Desktop\qkd_encryption_system\server_user_2\databases\user_2_db.db
[2025-11-28T03:41:45.568275] [INFO] DEBUG: Найдено сообщений в БД: 2
[2025-11-28T03:41:45.569273] [INFO] DEBUG: Возвращено сообщений: 2
[2025-11-28T03:41:47.008359] [INFO] DEBUG: Получение тестовых сообщений для получателя: server_1
[2025-11-28T03:41:47.010355] [INFO] Подключение к базе данных: C:\Users\Vaan\Desktop\qkd_encryption_system\server_user_1\databases\user_1_db.db
[2025-11-28T03:41:48.278360] [INFO] DEBUG: Получение тестовых сообщений для получателя: server_1
[2025-11-28T03:41:48.279322] [INFO] Подключение к базе данных: C:\Users\Vaan\Desktop\qkd_encryption_system\server_user_1\databases\user_1_db.db
[2025-11-28T03:41:50.245561] [INFO] DEBUG: Получение тестовых сообщений для получателя: server_2
[2025-11-28T03:41:50.246559] [INFO] Подключение к базе данных: C:\Users\Vaan\Desktop\qkd_encryption_system\server_user_2\databases\user_2_db.db
[2025-11-28T03:41:50.249554] [INFO] DEBUG: Найдено сообщений в БД: 2
[2025-11-28T03:41:50.249554] [INFO] DEBUG: Возвращено сообщений: 2
[2025-11-28T03:41:54.473238] [INFO] DEBUG: Получение тестовых сообщений для получателя: server_1
[2025-11-28T03:41:54.494183] [INFO] Подключение к базе данных: C:\Users\Vaan\Desktop\qkd_encryption_system\server_user_1\databases\user_1_db.db
[2025-11-28T03:41:55.244336] [INFO] DEBUG: Получение тестовых сообщений для получателя: server_2
[2025-11-28T03:41:55.245334] [INFO] Подключение к базе данных: C:\Users\Vaan\Desktop\qkd_encryption_system\server_user_2\databases\user_2_db.db
[2025-11-28T03:41:55.247329] [INFO] DEBUG: Найдено сообщений в БД: 2
[2025-11-28T03:41:55.248327] [INFO] DEBUG: Возвращено сообщений: 2
[2025-11-28T03:41:58.275649] [INFO] DEBUG: Получение тестовых сообщений для получателя: server_1
[2025-11-28T03:41:58.275649] [INFO] Подключение к базе данных: C:\Users\Vaan\Desktop\qkd_encryption_system\server_user_1\databases\user_1_db.db
[2025-11-28T03:42:00.244950] [INFO] DEBUG: Получение тестовых сообщений для получателя: server_2
[2025-11-28T03:42:00.244950] [INFO] Подключение к базе данных: C:\Users\Vaan\Desktop\qkd_encryption_system\server_user_2\databases\user_2_db.db
[2025-11-28T03:42:00.247057] [INFO] DEBUG: Найдено сообщений в БД: 2
[2025-11-28T03:42:00.247057] [INFO] DEBUG: Возвращено сообщений: 2
[2025-11-28T03:42:03.272947] [INFO] DEBUG: Получение тестовых сообщений для получателя: server_1
[2025-11-28T03:42:03.273943] [INFO] Подключение к базе данных: C:\Users\Vaan\Desktop\qkd_encryption_system\server_user_1\databases\user_1_db.db
[2025-11-28T03:42:03.752506] [INFO] Генерация тестовой последовательности. QBER: 2.0%
[2025-11-28T03:42:05.242823] [INFO] DEBUG: Получение тестовых сообщений для получателя: server_2
[2025-11-28T03:42:05.243791] [INFO] Подключение к базе данных: C:\Users\Vaan\Desktop\qkd_encryption_system\server_user_2\databases\user_2_db.db
[2025-11-28T03:42:05.244788] [INFO] DEBUG: Найдено сообщений в БД: 2
[2025-11-28T03:42:05.244788] [INFO] DEBUG: Возвращено сообщений: 2
[2025-11-28T03:42:08.289384] [INFO] DEBUG: Получение тестовых сообщений для получателя: server_1
[2025-11-28T03:42:08.290381] [INFO] Подключение к базе данных: C:\Users\Vaan\Desktop\qkd_encryption_system\server_user_1\databases\user_1_db.db
[2025-11-28T03:42:10.245729] [INFO] DEBUG: Получение тестовых сообщений для получателя: server_2
[2025-11-28T03:42:10.246721] [INFO] Подключение к базе данных: C:\Users\Vaan\Desktop\qkd_encryption_system\server_user_2\databases\user_2_db.db
[2025-11-28T03:42:10.248724] [INFO] DEBUG: Найдено сообщений в БД: 2
[2025-11-28T03:42:10.248724] [INFO] DEBUG: Возвращено сообщений: 2
[2025-11-28T03:42:13.267336] [INFO] DEBUG: Получение тестовых сообщений для получателя: server_1
[2025-11-28T03:42:13.267336] [INFO] Подключение к базе данных: C:\Users\Vaan\Desktop\qkd_encryption_system\server_user_1\databases\user_1_db.db
[2025-11-28T03:42:15.245936] [INFO] DEBUG: Получение тестовых сообщений для получателя: server_2
[2025-11-28T03:42:15.245936] [INFO] Подключение к базе данных: C:\Users\Vaan\Desktop\qkd_encryption_system\server_user_2\databases\user_2_db.db
[2025-11-28T03:42:15.247931] [INFO] DEBUG: Найдено сообщений в БД: 2
[2025-11-28T03:42:15.247931] [INFO] DEBUG: Возвращено сообщений: 2
[2025-11-28T03:42:18.268282] [INFO] DEBUG: Получение тестовых сообщений для получателя: server_1
[2025-11-28T03:42:18.269279] [INFO] Подключение к базе данных: C:\Users\Vaan\Desktop\qkd_encryption_system\server_user_1\databases\user_1_db.db
[2025-11-28T03:42:20.253982] [INFO] DEBUG: Получение тестовых сообщений для получателя: server_2
[2025-11-28T03:42:20.253982] [INFO] Подключение к базе данных: C:\Users\Vaan\Desktop\qkd_encryption_system\server_user_2\databases\user_2_db.db
[2025-11-28T03:42:20.255977] [INFO] DEBUG: Найдено сообщений в БД: 2
[2025-11-28T03:42:20.256969] [INFO] DEBUG: Возвращено сообщений: 2
[2025-11-28T03:42:23.280323] [INFO] DEBUG: Получение тестовых сообщений для получателя: server_1
[2025-11-28T03:42:23.280323] [INFO] Подключение к базе данных: C:\Users\Vaan\Desktop\qkd_encryption_system\server_user_1\databases\user_1_db.db
[2025-11-28T03:42:25.252214] [INFO] DEBUG: Получение тестовых сообщений для получателя: server_2
[2025-11-28T03:42:25.252214] [INFO] Подключение к базе данных: C:\Users\Vaan\Desktop\qkd_encryption_system\server_user_2\databases\user_2_db.db
[2025-11-28T03:42:25.254214] [INFO] DEBUG: Найдено сообщений в БД: 2
[2025-11-28T03:42:25.254214] [INFO] DEBUG: Возвращено сообщений: 2
[2025-11-28T03:42:28.268213] [INFO] DEBUG: Получение тестовых сообщений для получателя: server_1
[2025-11-28T03:42:28.269412] [INFO] Подключение к базе данных: C:\Users\Vaan\Desktop\qkd_encryption_system\server_user_1\databases\user_1_db.db
[2025-11-28T03:42:30.202041] [DEBUG] Блок 1/1: исправлено 0 ошибок, время 1.4мс
[2025-11-28T03:42:30.202041] [DEBUG] Блок 1/1: исправлено 0 ошибок, время 0.7мс
[2025-11-28T03:42:30.202041] [INFO] Восстановление ключа testA_20251128034208: 100.0% блоков верифицировано, 0 ошибок исправлено, время 4.2мс, хэш совпадает
[2025-11-28T03:42:30.203039] [INFO] Восстановление ключа testA_20251128034208: 100.0% блоков верифицировано, 0 ошибок исправлено, время 3.6мс, хэш совпадает
[2025-11-28T03:42:30.203039] [INFO] Подключение к базе данных: C:\Users\Vaan\Desktop\qkd_encryption_system\server_user_1\databases\user_1_db.db
[2025-11-28T03:42:30.203039] [INFO] Подключение к базе данных: C:\Users\Vaan\Desktop\qkd_encryption_system\server_user_1\databases\user_1_db.db
[2025-11-28T03:42:30.217417] [INFO] Ключ key_testA_20251128034208 сохранён в защищённое хранилище
[2025-11-28T03:42:30.221398] [INFO] Ключ key_testA_20251128034208 сохранён в защищённое хранилище
[2025-11-28T03:42:30.236388] [INFO] Ключ key_testA_20251128034208 сохранён в защищённое хранилище
[2025-11-28T03:42:30.240008] [INFO] Ключ key_testA_20251128034208 сохранён в защищённое хранилище
[2025-11-28T03:42:30.250489] [INFO] DEBUG: Получение тестовых сообщений для получателя: server_2
[2025-11-28T03:42:30.251487] [INFO] Подключение к базе данных: C:\Users\Vaan\Desktop\qkd_encryption_system\server_user_2\databases\user_2_db.db
[2025-11-28T03:42:30.253489] [INFO] DEBUG: Найдено сообщений в БД: 2
[2025-11-28T03:42:30.254479] [INFO] DEBUG: Возвращено сообщений: 2
[2025-11-28T03:42:32.244927] [INFO] Подключение к базе данных: C:\Users\Vaan\Desktop\qkd_encryption_system\server_user_2\databases\user_2_db.db
[2025-11-28T03:42:32.245924] [INFO] Подключение к базе данных: C:\Users\Vaan\Desktop\qkd_encryption_system\server_user_2\databases\user_2_db.db
[2025-11-28T03:42:32.257892] [INFO] Ключ key_testA_20251128034208 сохранён в защищённое хранилище
[2025-11-28T03:42:32.261880] [INFO] Ключ key_testA_20251128034208 сохранён в защищённое хранилище
[2025-11-28T03:42:32.264872] [INFO] Ключ key_testA_20251128034208 сохранён в защищённое хранилище
[2025-11-28T03:42:32.277839] [INFO] Ключ key_testA_20251128034208 сохранён в защищённое хранилище
[2025-11-28T03:42:33.770734] [INFO] DEBUG: Получение тестовых сообщений для получателя: server_1
[2025-11-28T03:42:33.771687] [INFO] Подключение к базе данных: C:\Users\Vaan\Desktop\qkd_encryption_system\server_user_1\databases\user_1_db.db
[2025-11-28T03:42:35.246294] [INFO] DEBUG: Получение тестовых сообщений для получателя: server_2
[2025-11-28T03:42:35.247289] [INFO] Подключение к базе данных: C:\Users\Vaan\Desktop\qkd_encryption_system\server_user_2\databases\user_2_db.db
[2025-11-28T03:42:35.249290] [INFO] DEBUG: Найдено сообщений в БД: 2
[2025-11-28T03:42:35.250282] [INFO] DEBUG: Возвращено сообщений: 2
[2025-11-28T03:42:36.005662] [INFO] Подключение к базе данных: C:\Users\Vaan\Desktop\qkd_encryption_system\server_user_1\databases\user_1_db.db
[2025-11-28T03:42:37.031605] [INFO] DEBUG: Получение тестовых сообщений для получателя: server_1
[2025-11-28T03:42:37.031605] [INFO] Подключение к базе данных: C:\Users\Vaan\Desktop\qkd_encryption_system\server_user_1\databases\user_1_db.db
[2025-11-28T03:42:40.245079] [INFO] DEBUG: Получение тестовых сообщений для получателя: server_2
[2025-11-28T03:42:40.246078] [INFO] Подключение к базе данных: C:\Users\Vaan\Desktop\qkd_encryption_system\server_user_2\databases\user_2_db.db
[2025-11-28T03:42:40.248072] [INFO] DEBUG: Найдено сообщений в БД: 2
[2025-11-28T03:42:40.249074] [INFO] DEBUG: Возвращено сообщений: 2
[2025-11-28T03:42:41.034589] [INFO] DEBUG: Получение тестовых сообщений для получателя: server_1
[2025-11-28T03:42:41.035546] [INFO] Подключение к базе данных: C:\Users\Vaan\Desktop\qkd_encryption_system\server_user_1\databases\user_1_db.db
[2025-11-28T03:42:44.628275] [INFO] Ключ key_testA_20251128034208 помечен как использованный пользователем 4
[2025-11-28T03:42:44.637743] [INFO] Сообщение зашифровано: key=key_testA_20251128034208, size=7 байт, time=35.67мс
[2025-11-28T03:42:45.258092] [INFO] DEBUG: Получение тестовых сообщений для получателя: server_2
[2025-11-28T03:42:45.259089] [INFO] Подключение к базе данных: C:\Users\Vaan\Desktop\qkd_encryption_system\server_user_2\databases\user_2_db.db
[2025-11-28T03:42:45.260124] [INFO] DEBUG: Найдено сообщений в БД: 2
[2025-11-28T03:42:45.261155] [INFO] DEBUG: Возвращено сообщений: 2
[2025-11-28T03:42:46.034920] [INFO] DEBUG: Получение тестовых сообщений для получателя: server_1
[2025-11-28T03:42:46.034920] [INFO] Подключение к базе данных: C:\Users\Vaan\Desktop\qkd_encryption_system\server_user_1\databases\user_1_db.db
[2025-11-28T03:42:46.711321] [INFO] Сохранено сообщение от Max для receiver_id=1
[2025-11-28T03:42:46.716284] [INFO] Сохранено сообщение от Max для receiver_id=2
[2025-11-28T03:42:46.720273] [INFO] Сохранено сообщение от Max для receiver_id=4
[2025-11-28T03:42:46.722268] [INFO] Получено зашифрованное сообщение от Max (key=key_testA_20251128034208)
[2025-11-28T03:42:50.246622] [INFO] DEBUG: Получение тестовых сообщений для получателя: server_2
[2025-11-28T03:42:50.247619] [INFO] Подключение к базе данных: C:\Users\Vaan\Desktop\qkd_encryption_system\server_user_2\databases\user_2_db.db
[2025-11-28T03:42:50.248615] [INFO] DEBUG: Найдено сообщений в БД: 2
[2025-11-28T03:42:50.249614] [INFO] DEBUG: Возвращено сообщений: 2
[2025-11-28T03:42:51.040942] [INFO] DEBUG: Получение тестовых сообщений для получателя: server_1
[2025-11-28T03:42:51.040942] [INFO] Подключение к базе данных: C:\Users\Vaan\Desktop\qkd_encryption_system\server_user_1\databases\user_1_db.db
[2025-11-28T03:42:52.406597] [ERROR] Ошибка уничтожения ключа key_testA_20251128034208: no such column: destroyed_at
[2025-11-28T03:42:52.406597] [INFO] Сообщение дешифровано: key=key_testA_20251128034208, size=7 байт, time=16.57мс, hash_ok=True
[2025-11-28T03:42:55.244035] [INFO] DEBUG: Получение тестовых сообщений для получателя: server_2
[2025-11-28T03:42:55.244035] [INFO] Подключение к базе данных: C:\Users\Vaan\Desktop\qkd_encryption_system\server_user_2\databases\user_2_db.db
[2025-11-28T03:42:55.246030] [INFO] DEBUG: Найдено сообщений в БД: 2
[2025-11-28T03:42:55.247027] [INFO] DEBUG: Возвращено сообщений: 2
[2025-11-28T03:42:56.043821] [INFO] DEBUG: Получение тестовых сообщений для получателя: server_1
[2025-11-28T03:42:56.044814] [INFO] Подключение к базе данных: C:\Users\Vaan\Desktop\qkd_encryption_system\server_user_1\databases\user_1_db.db
[2025-11-28T03:43:00.252160] [INFO] DEBUG: Получение тестовых сообщений для получателя: server_2
[2025-11-28T03:43:00.253163] [INFO] Подключение к базе данных: C:\Users\Vaan\Desktop\qkd_encryption_system\server_user_2\databases\user_2_db.db
[2025-11-28T03:43:00.254167] [INFO] DEBUG: Найдено сообщений в БД: 2
[2025-11-28T03:43:00.254167] [INFO] DEBUG: Возвращено сообщений: 2
[2025-11-28T03:43:01.041110] [INFO] DEBUG: Получение тестовых сообщений для получателя: server_1
[2025-11-28T03:43:01.042077] [INFO] Подключение к базе данных: C:\Users\Vaan\Desktop\qkd_encryption_system\server_user_1\databases\user_1_db.db
[2025-11-28T03:43:05.249715] [INFO] DEBUG: Получение тестовых сообщений для получателя: server_2
[2025-11-28T03:43:05.250712] [INFO] Подключение к базе данных: C:\Users\Vaan\Desktop\qkd_encryption_system\server_user_2\databases\user_2_db.db
[2025-11-28T03:43:05.251710] [INFO] DEBUG: Найдено сообщений в БД: 2
[2025-11-28T03:43:05.252711] [INFO] DEBUG: Возвращено сообщений: 2
[2025-11-28T03:43:06.040763] [INFO] DEBUG: Получение тестовых сообщений для получателя: server_1
[2025-11-28T03:43:06.041754] [INFO] Подключение к базе данных: C:\Users\Vaan\Desktop\qkd_encryption_system\server_user_1\databases\user_1_db.db
[2025-11-28T03:43:09.401229] [WARNING] Ключ key_testA_20251128025343 недоступен (статус: Использован)
[2025-11-28T03:43:11.047358] [INFO] DEBUG: Получение тестовых сообщений для получателя: server_1
[2025-11-28T03:43:11.048354] [INFO] Подключение к базе данных: C:\Users\Vaan\Desktop\qkd_encryption_system\server_user_1\databases\user_1_db.db
[2025-11-28T03:43:11.915820] [INFO] DEBUG: Получение тестовых сообщений для получателя: server_2
[2025-11-28T03:43:11.918850] [INFO] Подключение к базе данных: C:\Users\Vaan\Desktop\qkd_encryption_system\server_user_2\databases\user_2_db.db
[2025-11-28T03:43:11.919808] [INFO] DEBUG: Найдено сообщений в БД: 2
[2025-11-28T03:43:11.920805] [INFO] DEBUG: Возвращено сообщений: 2
[2025-11-28T03:43:15.249885] [INFO] DEBUG: Получение тестовых сообщений для получателя: server_2
[2025-11-28T03:43:15.249885] [INFO] Подключение к базе данных: C:\Users\Vaan\Desktop\qkd_encryption_system\server_user_2\databases\user_2_db.db
[2025-11-28T03:43:15.251882] [INFO] DEBUG: Найдено сообщений в БД: 2
[2025-11-28T03:43:15.251882] [INFO] DEBUG: Возвращено сообщений: 2
[2025-11-28T03:43:16.042936] [INFO] DEBUG: Получение тестовых сообщений для получателя: server_1
[2025-11-28T03:43:16.042936] [INFO] Подключение к базе данных: C:\Users\Vaan\Desktop\qkd_encryption_system\server_user_1\databases\user_1_db.db
[2025-11-28T03:43:20.246070] [INFO] DEBUG: Получение тестовых сообщений для получателя: server_2
[2025-11-28T03:43:20.246070] [INFO] Подключение к базе данных: C:\Users\Vaan\Desktop\qkd_encryption_system\server_user_2\databases\user_2_db.db
[2025-11-28T03:43:20.249059] [INFO] DEBUG: Найдено сообщений в БД: 2
[2025-11-28T03:43:20.249059] [INFO] DEBUG: Возвращено сообщений: 2
[2025-11-28T03:43:21.034247] [INFO] DEBUG: Получение тестовых сообщений для получателя: server_1
[2025-11-28T03:43:21.035245] [INFO] Подключение к базе данных: C:\Users\Vaan\Desktop\qkd_encryption_system\server_user_1\databases\user_1_db.db
[2025-11-28T03:43:23.165219] [DEBUG] Блок 1/1: исправлено 0 ошибок, время 0.5мс
[2025-11-28T03:43:23.166215] [INFO] Восстановление ключа testB_20251128034208: 100.0% блоков верифицировано, 0 ошибок исправлено, время 1.5мс, хэш совпадает
[2025-11-28T03:43:23.166215] [INFO] Подключение к базе данных: C:\Users\Vaan\Desktop\qkd_encryption_system\server_user_2\databases\user_2_db.db
[2025-11-28T03:43:23.173873] [INFO] Ключ key_testB_20251128034208 сохранён в защищённое хранилище
[2025-11-28T03:43:23.177901] [INFO] Ключ key_testB_20251128034208 сохранён в защищённое хранилище
[2025-11-28T03:43:25.194305] [INFO] Подключение к базе данных: C:\Users\Vaan\Desktop\qkd_encryption_system\server_user_1\databases\user_1_db.db
[2025-11-28T03:43:25.200287] [INFO] Ключ key_testB_20251128034208 сохранён в защищённое хранилище
[2025-11-28T03:43:25.204275] [INFO] Ключ key_testB_20251128034208 сохранён в защищённое хранилище
[2025-11-28T03:43:26.040285] [INFO] DEBUG: Получение тестовых сообщений для получателя: server_1
[2025-11-28T03:43:26.041281] [INFO] Подключение к базе данных: C:\Users\Vaan\Desktop\qkd_encryption_system\server_user_1\databases\user_1_db.db
[2025-11-28T03:43:26.337275] [INFO] DEBUG: Получение тестовых сообщений для получателя: server_2
[2025-11-28T03:43:26.338449] [INFO] Подключение к базе данных: C:\Users\Vaan\Desktop\qkd_encryption_system\server_user_2\databases\user_2_db.db
[2025-11-28T03:43:26.340449] [INFO] DEBUG: Найдено сообщений в БД: 2
[2025-11-28T03:43:26.341444] [INFO] DEBUG: Возвращено сообщений: 2
[2025-11-28T03:43:27.352450] [INFO] Подключение к базе данных: C:\Users\Vaan\Desktop\qkd_encryption_system\server_user_2\databases\user_2_db.db
[2025-11-28T03:43:28.388768] [INFO] DEBUG: Получение тестовых сообщений для получателя: server_2
[2025-11-28T03:43:28.388768] [INFO] Подключение к базе данных: C:\Users\Vaan\Desktop\qkd_encryption_system\server_user_2\databases\user_2_db.db
[2025-11-28T03:43:28.389765] [INFO] DEBUG: Найдено сообщений в БД: 2
[2025-11-28T03:43:28.389765] [INFO] DEBUG: Возвращено сообщений: 2
[2025-11-28T03:43:31.041756] [INFO] DEBUG: Получение тестовых сообщений для получателя: server_1
[2025-11-28T03:43:31.042742] [INFO] Подключение к базе данных: C:\Users\Vaan\Desktop\qkd_encryption_system\server_user_1\databases\user_1_db.db
[2025-11-28T03:43:32.391823] [INFO] DEBUG: Получение тестовых сообщений для получателя: server_2
[2025-11-28T03:43:32.392821] [INFO] Подключение к базе данных: C:\Users\Vaan\Desktop\qkd_encryption_system\server_user_2\databases\user_2_db.db
[2025-11-28T03:43:32.393818] [INFO] DEBUG: Найдено сообщений в БД: 2
[2025-11-28T03:43:32.394818] [INFO] DEBUG: Возвращено сообщений: 2
[2025-11-28T03:43:36.014500] [INFO] Ключ key_testB_20251128034208 помечен как использованный пользователем 4
[2025-11-28T03:43:36.022481] [INFO] Сообщение зашифровано: key=key_testB_20251128034208, size=10 байт, time=29.85мс
[2025-11-28T03:43:36.037682] [INFO] DEBUG: Получение тестовых сообщений для получателя: server_1
[2025-11-28T03:43:36.038673] [INFO] Подключение к базе данных: C:\Users\Vaan\Desktop\qkd_encryption_system\server_user_1\databases\user_1_db.db
[2025-11-28T03:43:37.391587] [INFO] DEBUG: Получение тестовых сообщений для получателя: server_2
[2025-11-28T03:43:37.392543] [INFO] Подключение к базе данных: C:\Users\Vaan\Desktop\qkd_encryption_system\server_user_2\databases\user_2_db.db
[2025-11-28T03:43:37.393543] [INFO] DEBUG: Найдено сообщений в БД: 2
[2025-11-28T03:43:37.394550] [INFO] DEBUG: Возвращено сообщений: 2
[2025-11-28T03:43:38.079606] [INFO] Сохранено сообщение от Max для receiver_id=1
[2025-11-28T03:43:38.083103] [INFO] Сохранено сообщение от Max для receiver_id=2
[2025-11-28T03:43:38.086646] [INFO] Сохранено сообщение от Max для receiver_id=4
[2025-11-28T03:43:38.086646] [INFO] Получено зашифрованное сообщение от Max (key=key_testB_20251128034208)
[2025-11-28T03:43:41.033390] [INFO] DEBUG: Получение тестовых сообщений для получателя: server_1
[2025-11-28T03:43:41.033390] [INFO] Подключение к базе данных: C:\Users\Vaan\Desktop\qkd_encryption_system\server_user_1\databases\user_1_db.db
[2025-11-28T03:43:41.325301] [INFO] Подключение к базе данных: C:\Users\Vaan\Desktop\qkd_encryption_system\server_user_1\databases\user_1_db.db
[2025-11-28T03:43:42.349629] [INFO] DEBUG: Получение тестовых сообщений для получателя: server_1
[2025-11-28T03:43:42.349629] [INFO] Подключение к базе данных: C:\Users\Vaan\Desktop\qkd_encryption_system\server_user_1\databases\user_1_db.db
[2025-11-28T03:43:42.384169] [INFO] DEBUG: Получение тестовых сообщений для получателя: server_2
[2025-11-28T03:43:42.385133] [INFO] Подключение к базе данных: C:\Users\Vaan\Desktop\qkd_encryption_system\server_user_2\databases\user_2_db.db
[2025-11-28T03:43:42.386131] [INFO] DEBUG: Найдено сообщений в БД: 2
[2025-11-28T03:43:42.387130] [INFO] DEBUG: Возвращено сообщений: 2
[2025-11-28T03:43:42.527291] [ERROR] Ошибка уничтожения ключа key_testB_20251128034208: no such column: destroyed_at
[2025-11-28T03:43:42.527291] [INFO] Сообщение дешифровано: key=key_testB_20251128034208, size=10 байт, time=19.58мс, hash_ok=True
[2025-11-28T03:43:46.362482] [INFO] DEBUG: Получение тестовых сообщений для получателя: server_1
[2025-11-28T03:43:46.362482] [INFO] Подключение к базе данных: C:\Users\Vaan\Desktop\qkd_encryption_system\server_user_1\databases\user_1_db.db
[2025-11-28T03:43:47.386157] [INFO] DEBUG: Получение тестовых сообщений для получателя: server_2
[2025-11-28T03:43:47.387113] [INFO] Подключение к базе данных: C:\Users\Vaan\Desktop\qkd_encryption_system\server_user_2\databases\user_2_db.db
[2025-11-28T03:43:47.388112] [INFO] DEBUG: Найдено сообщений в БД: 2
[2025-11-28T03:43:47.389110] [INFO] DEBUG: Возвращено сообщений: 2
[2025-11-28T03:43:51.352522] [INFO] DEBUG: Получение тестовых сообщений для получателя: server_1
[2025-11-28T03:43:51.353518] [INFO] Подключение к базе данных: C:\Users\Vaan\Desktop\qkd_encryption_system\server_user_1\databases\user_1_db.db
[2025-11-28T03:43:52.384079] [INFO] DEBUG: Получение тестовых сообщений для получателя: server_2
[2025-11-28T03:43:52.384079] [INFO] Подключение к базе данных: C:\Users\Vaan\Desktop\qkd_encryption_system\server_user_2\databases\user_2_db.db
[2025-11-28T03:43:52.386040] [INFO] DEBUG: Найдено сообщений в БД: 2
[2025-11-28T03:43:52.386040] [INFO] DEBUG: Возвращено сообщений: 2
[2025-11-28T03:43:56.360984] [INFO] DEBUG: Получение тестовых сообщений для получателя: server_1
[2025-11-28T03:43:56.361982] [INFO] Подключение к базе данных: C:\Users\Vaan\Desktop\qkd_encryption_system\server_user_1\databases\user_1_db.db
[2025-11-28T03:43:57.397107] [INFO] DEBUG: Получение тестовых сообщений для получателя: server_2
[2025-11-28T03:43:57.397107] [INFO] Подключение к базе данных: C:\Users\Vaan\Desktop\qkd_encryption_system\server_user_2\databases\user_2_db.db
[2025-11-28T03:43:57.399109] [INFO] DEBUG: Найдено сообщений в БД: 2
[2025-11-28T03:43:57.400102] [INFO] DEBUG: Возвращено сообщений: 2
[2025-11-28T03:44:01.365394] [INFO] DEBUG: Получение тестовых сообщений для получателя: server_1
[2025-11-28T03:44:01.365394] [INFO] Подключение к базе данных: C:\Users\Vaan\Desktop\qkd_encryption_system\server_user_1\databases\user_1_db.db
[2025-11-28T03:44:01.572084] [DEBUG] Блок 1/1: исправлено 0 ошибок, время 0.5мс
[2025-11-28T03:44:01.573073] [INFO] Восстановление ключа testB_20251128031819: 100.0% блоков верифицировано, 0 ошибок исправлено, время 1.8мс, хэш совпадает
[2025-11-28T03:44:01.573073] [INFO] Подключение к базе данных: C:\Users\Vaan\Desktop\qkd_encryption_system\server_user_2\databases\user_2_db.db
[2025-11-28T03:44:01.582256] [INFO] Ключ key_testB_20251128031819 сохранён в защищённое хранилище
[2025-11-28T03:44:01.587257] [INFO] Ключ key_testB_20251128031819 сохранён в защищённое хранилище
[2025-11-28T03:44:02.390228] [INFO] DEBUG: Получение тестовых сообщений для получателя: server_2
[2025-11-28T03:44:02.391228] [INFO] Подключение к базе данных: C:\Users\Vaan\Desktop\qkd_encryption_system\server_user_2\databases\user_2_db.db
[2025-11-28T03:44:02.393227] [INFO] DEBUG: Найдено сообщений в БД: 2
[2025-11-28T03:44:02.393227] [INFO] DEBUG: Возвращено сообщений: 2
[2025-11-28T03:44:03.610667] [INFO] Подключение к базе данных: C:\Users\Vaan\Desktop\qkd_encryption_system\server_user_1\databases\user_1_db.db
[2025-11-28T03:44:03.619895] [INFO] Ключ key_testB_20251128031819 сохранён в защищённое хранилище
[2025-11-28T03:44:03.623941] [INFO] Ключ key_testB_20251128031819 сохранён в защищённое хранилище
[2025-11-28T03:44:05.969994] [INFO] Подключение к базе данных: C:\Users\Vaan\Desktop\qkd_encryption_system\server_user_2\databases\user_2_db.db
[2025-11-28T03:44:06.363491] [INFO] DEBUG: Получение тестовых сообщений для получателя: server_1
[2025-11-28T03:44:06.364487] [INFO] Подключение к базе данных: C:\Users\Vaan\Desktop\qkd_encryption_system\server_user_1\databases\user_1_db.db
[2025-11-28T03:44:06.997314] [INFO] DEBUG: Получение тестовых сообщений для получателя: server_2
[2025-11-28T03:44:06.997314] [INFO] Подключение к базе данных: C:\Users\Vaan\Desktop\qkd_encryption_system\server_user_2\databases\user_2_db.db
[2025-11-28T03:44:06.998311] [INFO] DEBUG: Найдено сообщений в БД: 2
[2025-11-28T03:44:06.998311] [INFO] DEBUG: Возвращено сообщений: 2
[2025-11-28T03:44:10.999176] [INFO] DEBUG: Получение тестовых сообщений для получателя: server_2
[2025-11-28T03:44:11.000145] [INFO] Подключение к базе данных: C:\Users\Vaan\Desktop\qkd_encryption_system\server_user_2\databases\user_2_db.db
[2025-11-28T03:44:11.002145] [INFO] DEBUG: Найдено сообщений в БД: 2
[2025-11-28T03:44:11.002145] [INFO] DEBUG: Возвращено сообщений: 2
[2025-11-28T03:44:11.361456] [INFO] DEBUG: Получение тестовых сообщений для получателя: server_1
[2025-11-28T03:44:11.361456] [INFO] Подключение к базе данных: C:\Users\Vaan\Desktop\qkd_encryption_system\server_user_1\databases\user_1_db.db
[2025-11-28T03:44:16.001098] [INFO] DEBUG: Получение тестовых сообщений для получателя: server_2
[2025-11-28T03:44:16.002097] [INFO] Подключение к базе данных: C:\Users\Vaan\Desktop\qkd_encryption_system\server_user_2\databases\user_2_db.db
[2025-11-28T03:44:16.003093] [INFO] DEBUG: Найдено сообщений в БД: 2
[2025-11-28T03:44:16.004091] [INFO] DEBUG: Возвращено сообщений: 2
[2025-11-28T03:44:16.359689] [INFO] DEBUG: Получение тестовых сообщений для получателя: server_1
[2025-11-28T03:44:16.359689] [INFO] Подключение к базе данных: C:\Users\Vaan\Desktop\qkd_encryption_system\server_user_1\databases\user_1_db.db
[2025-11-28T03:44:17.879633] [INFO] Ключ key_testB_20251128031819 помечен как использованный пользователем 4
[2025-11-28T03:44:17.887552] [INFO] Файл зашифрован: туториал cursor free vip.txt, key=key_testB_20251128031819, size=2079 байт, time=440.81мс
[2025-11-28T03:44:19.966802] [INFO] Сохранено сообщение от Max для receiver_id=1
[2025-11-28T03:44:19.972704] [INFO] Сохранено сообщение от Max для receiver_id=2
[2025-11-28T03:44:19.977711] [INFO] Сохранено сообщение от Max для receiver_id=4
[2025-11-28T03:44:19.977711] [INFO] Получено зашифрованное сообщение от Max (key=key_testB_20251128031819)
[2025-11-28T03:44:21.002217] [INFO] DEBUG: Получение тестовых сообщений для получателя: server_2
[2025-11-28T03:44:21.003215] [INFO] Подключение к базе данных: C:\Users\Vaan\Desktop\qkd_encryption_system\server_user_2\databases\user_2_db.db
[2025-11-28T03:44:21.004213] [INFO] DEBUG: Найдено сообщений в БД: 2
[2025-11-28T03:44:21.005211] [INFO] DEBUG: Возвращено сообщений: 2
[2025-11-28T03:44:21.354339] [INFO] DEBUG: Получение тестовых сообщений для получателя: server_1
[2025-11-28T03:44:21.354339] [INFO] Подключение к базе данных: C:\Users\Vaan\Desktop\qkd_encryption_system\server_user_1\databases\user_1_db.db
[2025-11-28T03:44:26.012723] [INFO] DEBUG: Получение тестовых сообщений для получателя: server_2
[2025-11-28T03:44:26.013688] [INFO] Подключение к базе данных: C:\Users\Vaan\Desktop\qkd_encryption_system\server_user_2\databases\user_2_db.db
[2025-11-28T03:44:26.014685] [INFO] DEBUG: Найдено сообщений в БД: 2
[2025-11-28T03:44:26.015683] [INFO] DEBUG: Возвращено сообщений: 2
[2025-11-28T03:44:26.349297] [INFO] DEBUG: Получение тестовых сообщений для получателя: server_1
[2025-11-28T03:44:26.350272] [INFO] Подключение к базе данных: C:\Users\Vaan\Desktop\qkd_encryption_system\server_user_1\databases\user_1_db.db
[2025-11-28T03:44:31.001338] [INFO] DEBUG: Получение тестовых сообщений для получателя: server_2
[2025-11-28T03:44:31.002338] [INFO] Подключение к базе данных: C:\Users\Vaan\Desktop\qkd_encryption_system\server_user_2\databases\user_2_db.db
[2025-11-28T03:44:31.004334] [INFO] DEBUG: Найдено сообщений в БД: 2
[2025-11-28T03:44:31.004334] [INFO] DEBUG: Возвращено сообщений: 2
[2025-11-28T03:44:31.352413] [INFO] DEBUG: Получение тестовых сообщений для получателя: server_1
[2025-11-28T03:44:31.352413] [INFO] Подключение к базе данных: C:\Users\Vaan\Desktop\qkd_encryption_system\server_user_1\databases\user_1_db.db
[2025-11-28T03:44:32.499061] [INFO] Подключение к базе данных: C:\Users\Vaan\Desktop\qkd_encryption_system\server_user_1\databases\user_1_db.db
[2025-11-28T03:44:33.535725] [INFO] DEBUG: Получение тестовых сообщений для получателя: server_1
[2025-11-28T03:44:33.535725] [INFO] Подключение к базе данных: C:\Users\Vaan\Desktop\qkd_encryption_system\server_user_1\databases\user_1_db.db
[2025-11-28T03:44:36.014071] [INFO] DEBUG: Получение тестовых сообщений для получателя: server_2
[2025-11-28T03:44:36.016065] [INFO] Подключение к базе данных: C:\Users\Vaan\Desktop\qkd_encryption_system\server_user_2\databases\user_2_db.db
[2025-11-28T03:44:36.017064] [INFO] DEBUG: Найдено сообщений в БД: 2
[2025-11-28T03:44:36.018060] [INFO] DEBUG: Возвращено сообщений: 2
[2025-11-28T03:44:37.522007] [INFO] DEBUG: Получение тестовых сообщений для получателя: server_1
[2025-11-28T03:44:37.522007] [INFO] Подключение к базе данных: C:\Users\Vaan\Desktop\qkd_encryption_system\server_user_1\databases\user_1_db.db
[2025-11-28T03:44:41.004356] [INFO] DEBUG: Получение тестовых сообщений для получателя: server_2
[2025-11-28T03:44:41.004356] [INFO] Подключение к базе данных: C:\Users\Vaan\Desktop\qkd_encryption_system\server_user_2\databases\user_2_db.db
[2025-11-28T03:44:41.005321] [INFO] DEBUG: Найдено сообщений в БД: 2
[2025-11-28T03:44:41.006345] [INFO] DEBUG: Возвращено сообщений: 2
[2025-11-28T03:44:42.525076] [INFO] DEBUG: Получение тестовых сообщений для получателя: server_1
[2025-11-28T03:44:42.525076] [INFO] Подключение к базе данных: C:\Users\Vaan\Desktop\qkd_encryption_system\server_user_1\databases\user_1_db.db
[2025-11-28T03:44:46.013288] [INFO] DEBUG: Получение тестовых сообщений для получателя: server_2
[2025-11-28T03:44:46.013288] [INFO] Подключение к базе данных: C:\Users\Vaan\Desktop\qkd_encryption_system\server_user_2\databases\user_2_db.db
[2025-11-28T03:44:46.015281] [INFO] DEBUG: Найдено сообщений в БД: 2
[2025-11-28T03:44:46.015281] [INFO] DEBUG: Возвращено сообщений: 2
[2025-11-28T03:44:47.458386] [DEBUG] Блок 1/1: исправлено 0 ошибок, время 0.5мс
[2025-11-28T03:44:47.459380] [DEBUG] Блок 1/1: исправлено 0 ошибок, время 0.5мс
[2025-11-28T03:44:47.459380] [INFO] Восстановление ключа testA_20251128031819: 100.0% блоков верифицировано, 0 ошибок исправлено, время 2.6мс, хэш совпадает
[2025-11-28T03:44:47.459380] [INFO] Восстановление ключа testA_20251128031819: 100.0% блоков верифицировано, 0 ошибок исправлено, время 2.1мс, хэш совпадает
[2025-11-28T03:44:47.460346] [INFO] Подключение к базе данных: C:\Users\Vaan\Desktop\qkd_encryption_system\server_user_1\databases\user_1_db.db
[2025-11-28T03:44:47.460346] [INFO] Подключение к базе данных: C:\Users\Vaan\Desktop\qkd_encryption_system\server_user_1\databases\user_1_db.db
[2025-11-28T03:44:47.465368] [INFO] Ключ key_testA_20251128031819 сохранён в защищённое хранилище
[2025-11-28T03:44:47.469317] [INFO] Ключ key_testA_20251128031819 сохранён в защищённое хранилище
[2025-11-28T03:44:47.475104] [INFO] Ключ key_testA_20251128031819 сохранён в защищённое хранилище
[2025-11-28T03:44:47.478941] [INFO] Ключ key_testA_20251128031819 сохранён в защищённое хранилище
[2025-11-28T03:44:47.535623] [INFO] DEBUG: Получение тестовых сообщений для получателя: server_1
[2025-11-28T03:44:47.535623] [INFO] Подключение к базе данных: C:\Users\Vaan\Desktop\qkd_encryption_system\server_user_1\databases\user_1_db.db
[2025-11-28T03:44:49.495180] [INFO] Подключение к базе данных: C:\Users\Vaan\Desktop\qkd_encryption_system\server_user_2\databases\user_2_db.db
[2025-11-28T03:44:49.503764] [INFO] Ключ key_testA_20251128031819 сохранён в защищённое хранилище
[2025-11-28T03:44:49.508723] [INFO] Ключ key_testA_20251128031819 сохранён в защищённое хранилище
[2025-11-28T03:44:49.511824] [INFO] Подключение к базе данных: C:\Users\Vaan\Desktop\qkd_encryption_system\server_user_2\databases\user_2_db.db
[2025-11-28T03:44:49.517803] [INFO] Ключ key_testA_20251128031819 сохранён в защищённое хранилище
[2025-11-28T03:44:49.521795] [INFO] Ключ key_testA_20251128031819 сохранён в защищённое хранилище
[2025-11-28T03:44:51.007407] [INFO] DEBUG: Получение тестовых сообщений для получателя: server_2
[2025-11-28T03:44:51.007407] [INFO] Подключение к базе данных: C:\Users\Vaan\Desktop\qkd_encryption_system\server_user_2\databases\user_2_db.db
[2025-11-28T03:44:51.009403] [INFO] DEBUG: Найдено сообщений в БД: 2
[2025-11-28T03:44:51.009403] [INFO] DEBUG: Возвращено сообщений: 2
[2025-11-28T03:44:52.348125] [INFO] Подключение к базе данных: C:\Users\Vaan\Desktop\qkd_encryption_system\server_user_1\databases\user_1_db.db
[2025-11-28T03:44:53.385558] [INFO] DEBUG: Получение тестовых сообщений для получателя: server_1
[2025-11-28T03:44:53.386559] [INFO] Подключение к базе данных: C:\Users\Vaan\Desktop\qkd_encryption_system\server_user_1\databases\user_1_db.db
[2025-11-28T03:44:56.011197] [INFO] DEBUG: Получение тестовых сообщений для получателя: server_2
[2025-11-28T03:44:56.011197] [INFO] Подключение к базе данных: C:\Users\Vaan\Desktop\qkd_encryption_system\server_user_2\databases\user_2_db.db
[2025-11-28T03:44:56.013191] [INFO] DEBUG: Найдено сообщений в БД: 2
[2025-11-28T03:44:56.013191] [INFO] DEBUG: Возвращено сообщений: 2
[2025-11-28T03:44:57.393120] [INFO] DEBUG: Получение тестовых сообщений для получателя: server_1
[2025-11-28T03:44:57.393120] [INFO] Подключение к базе данных: C:\Users\Vaan\Desktop\qkd_encryption_system\server_user_1\databases\user_1_db.db
[2025-11-28T03:45:01.010267] [INFO] DEBUG: Получение тестовых сообщений для получателя: server_2
[2025-11-28T03:45:01.010267] [INFO] Подключение к базе данных: C:\Users\Vaan\Desktop\qkd_encryption_system\server_user_2\databases\user_2_db.db
[2025-11-28T03:45:01.012236] [INFO] DEBUG: Найдено сообщений в БД: 2
[2025-11-28T03:45:01.013225] [INFO] DEBUG: Возвращено сообщений: 2
[2025-11-28T03:45:02.392910] [INFO] DEBUG: Получение тестовых сообщений для получателя: server_1
[2025-11-28T03:45:02.393911] [INFO] Подключение к базе данных: C:\Users\Vaan\Desktop\qkd_encryption_system\server_user_1\databases\user_1_db.db
[2025-11-28T03:45:03.859187] [INFO] Ключ key_testA_20251128031819 помечен как использованный пользователем 4
[2025-11-28T03:45:03.865320] [INFO] Файл зашифрован: туториал cursor free vip.txt, key=key_testA_20251128031819, size=2079 байт, time=298.21мс
[2025-11-28T03:45:05.941706] [INFO] Сохранено сообщение от Max для receiver_id=1
[2025-11-28T03:45:05.946942] [INFO] Сохранено сообщение от Max для receiver_id=2
[2025-11-28T03:45:05.949935] [INFO] Сохранено сообщение от Max для receiver_id=4
[2025-11-28T03:45:05.951929] [INFO] Получено зашифрованное сообщение от Max (key=key_testA_20251128031819)
[2025-11-28T03:45:06.002195] [INFO] DEBUG: Получение тестовых сообщений для получателя: server_2
[2025-11-28T03:45:06.002195] [INFO] Подключение к базе данных: C:\Users\Vaan\Desktop\qkd_encryption_system\server_user_2\databases\user_2_db.db
[2025-11-28T03:45:06.005181] [INFO] DEBUG: Найдено сообщений в БД: 2
[2025-11-28T03:45:06.005181] [INFO] DEBUG: Возвращено сообщений: 2
[2025-11-28T03:45:07.779363] [INFO] DEBUG: Получение тестовых сообщений для получателя: server_1
[2025-11-28T03:45:07.779363] [INFO] Подключение к базе данных: C:\Users\Vaan\Desktop\qkd_encryption_system\server_user_1\databases\user_1_db.db
[2025-11-28T03:45:11.035453] [ERROR] Ошибка уничтожения ключа key_testA_20251128031819: no such column: destroyed_at
[2025-11-28T03:45:11.035453] [INFO] DEBUG: Получение тестовых сообщений для получателя: server_2
[2025-11-28T03:45:11.036447] [INFO] Файл дешифрован: key=key_testA_20251128031819, size=2079 байт, time=265.13мс, hash_ok=False
[2025-11-28T03:45:11.036447] [INFO] Подключение к базе данных: C:\Users\Vaan\Desktop\qkd_encryption_system\server_user_2\databases\user_2_db.db
[2025-11-28T03:45:11.038440] [INFO] DEBUG: Найдено сообщений в БД: 2
[2025-11-28T03:45:11.038440] [INFO] DEBUG: Возвращено сообщений: 2
[2025-11-28T03:45:12.401224] [INFO] DEBUG: Получение тестовых сообщений для получателя: server_1
[2025-11-28T03:45:12.402214] [INFO] Подключение к базе данных: C:\Users\Vaan\Desktop\qkd_encryption_system\server_user_1\databases\user_1_db.db
[2025-11-28T03:45:14.028642] [ERROR] Ошибка уничтожения ключа key_testA_20251128031819: no such column: destroyed_at
[2025-11-28T03:45:14.029639] [INFO] Файл дешифрован: key=key_testA_20251128031819, size=2079 байт, time=264.02мс, hash_ok=False
[2025-11-28T03:45:15.999717] [INFO] DEBUG: Получение тестовых сообщений для получателя: server_2
[2025-11-28T03:45:16.000942] [INFO] Подключение к базе данных: C:\Users\Vaan\Desktop\qkd_encryption_system\server_user_2\databases\user_2_db.db
[2025-11-28T03:45:16.002712] [INFO] DEBUG: Найдено сообщений в БД: 2
[2025-11-28T03:45:16.003705] [INFO] DEBUG: Возвращено сообщений: 2
[2025-11-28T03:45:17.397746] [INFO] DEBUG: Получение тестовых сообщений для получателя: server_1
[2025-11-28T03:45:17.398743] [INFO] Подключение к базе данных: C:\Users\Vaan\Desktop\qkd_encryption_system\server_user_1\databases\user_1_db.db
[2025-11-28T03:45:18.792665] [ERROR] Ошибка уничтожения ключа key_testA_20251128031819: no such column: destroyed_at
[2025-11-28T03:45:18.792665] [INFO] Файл дешифрован: key=key_testA_20251128031819, size=2079 байт, time=262.61мс, hash_ok=False
[2025-11-28T03:45:21.008020] [INFO] DEBUG: Получение тестовых сообщений для получателя: server_2
[2025-11-28T03:45:21.009017] [INFO] Подключение к базе данных: C:\Users\Vaan\Desktop\qkd_encryption_system\server_user_2\databases\user_2_db.db
[2025-11-28T03:45:21.010017] [INFO] DEBUG: Найдено сообщений в БД: 2
[2025-11-28T03:45:21.011012] [INFO] DEBUG: Возвращено сообщений: 2
[2025-11-28T03:45:22.391809] [INFO] DEBUG: Получение тестовых сообщений для получателя: server_1
[2025-11-28T03:45:22.393803] [INFO] Подключение к базе данных: C:\Users\Vaan\Desktop\qkd_encryption_system\server_user_1\databases\user_1_db.db
[2025-11-28T03:45:26.582120] [INFO] DEBUG: Получение тестовых сообщений для получателя: server_2
[2025-11-28T03:45:26.582120] [INFO] Подключение к базе данных: C:\Users\Vaan\Desktop\qkd_encryption_system\server_user_2\databases\user_2_db.db
[2025-11-28T03:45:26.583116] [INFO] DEBUG: Найдено сообщений в БД: 2
[2025-11-28T03:45:26.584145] [INFO] DEBUG: Возвращено сообщений: 2
[2025-11-28T03:45:27.573758] [INFO] DEBUG: Получение тестовых сообщений для получателя: server_1
[2025-11-28T03:45:27.574724] [INFO] Подключение к базе данных: C:\Users\Vaan\Desktop\qkd_encryption_system\server_user_1\databases\user_1_db.db
[2025-11-28T03:45:31.567936] [INFO] DEBUG: Получение тестовых сообщений для получателя: server_2
[2025-11-28T03:45:31.568933] [INFO] Подключение к базе данных: C:\Users\Vaan\Desktop\qkd_encryption_system\server_user_2\databases\user_2_db.db
[2025-11-28T03:45:31.569930] [INFO] DEBUG: Найдено сообщений в БД: 2
[2025-11-28T03:45:31.570930] [INFO] DEBUG: Возвращено сообщений: 2
[2025-11-28T03:45:32.578545] [INFO] DEBUG: Получение тестовых сообщений для получателя: server_1
[2025-11-28T03:45:32.579548] [INFO] Подключение к базе данных: C:\Users\Vaan\Desktop\qkd_encryption_system\server_user_1\databases\user_1_db.db
[2025-11-28T03:45:36.580023] [INFO] DEBUG: Получение тестовых сообщений для получателя: server_2
[2025-11-28T03:45:36.581024] [INFO] Подключение к базе данных: C:\Users\Vaan\Desktop\qkd_encryption_system\server_user_2\databases\user_2_db.db
[2025-11-28T03:45:36.583047] [INFO] DEBUG: Найдено сообщений в БД: 2
[2025-11-28T03:45:36.583047] [INFO] DEBUG: Возвращено сообщений: 2
[2025-11-28T03:45:37.573263] [INFO] DEBUG: Получение тестовых сообщений для получателя: server_1
[2025-11-28T03:45:37.574261] [INFO] Подключение к базе данных: C:\Users\Vaan\Desktop\qkd_encryption_system\server_user_1\databases\user_1_db.db
[2025-11-28T03:45:41.570376] [INFO] DEBUG: Получение тестовых сообщений для получателя: server_2
[2025-11-28T03:45:41.571335] [INFO] Подключение к базе данных: C:\Users\Vaan\Desktop\qkd_encryption_system\server_user_2\databases\user_2_db.db
[2025-11-28T03:45:41.573328] [INFO] DEBUG: Найдено сообщений в БД: 2
[2025-11-28T03:45:41.573328] [INFO] DEBUG: Возвращено сообщений: 2
[2025-11-28T03:45:42.568447] [INFO] DEBUG: Получение тестовых сообщений для получателя: server_1
[2025-11-28T03:45:42.568447] [INFO] Подключение к базе данных: C:\Users\Vaan\Desktop\qkd_encryption_system\server_user_1\databases\user_1_db.db
[2025-11-28T03:45:46.582212] [INFO] DEBUG: Получение тестовых сообщений для получателя: server_2
[2025-11-28T03:45:46.582212] [INFO] Подключение к базе данных: C:\Users\Vaan\Desktop\qkd_encryption_system\server_user_2\databases\user_2_db.db
[2025-11-28T03:45:46.584201] [INFO] DEBUG: Найдено сообщений в БД: 2
[2025-11-28T03:45:46.584201] [INFO] DEBUG: Возвращено сообщений: 2
[2025-11-28T03:45:47.569247] [INFO] DEBUG: Получение тестовых сообщений для получателя: server_1
[2025-11-28T03:45:47.569247] [INFO] Подключение к базе данных: C:\Users\Vaan\Desktop\qkd_encryption_system\server_user_1\databases\user_1_db.db
[2025-11-28T03:45:51.573693] [INFO] DEBUG: Получение тестовых сообщений для получателя: server_2
[2025-11-28T03:45:51.573693] [INFO] Подключение к базе данных: C:\Users\Vaan\Desktop\qkd_encryption_system\server_user_2\databases\user_2_db.db
[2025-11-28T03:45:51.575657] [INFO] DEBUG: Найдено сообщений в БД: 2
[2025-11-28T03:45:51.576663] [INFO] DEBUG: Возвращено сообщений: 2
[2025-11-28T03:45:52.572195] [INFO] DEBUG: Получение тестовых сообщений для получателя: server_1
[2025-11-28T03:45:52.572195] [INFO] Подключение к базе данных: C:\Users\Vaan\Desktop\qkd_encryption_system\server_user_1\databases\user_1_db.db
[2025-11-28T03:45:56.569112] [INFO] DEBUG: Получение тестовых сообщений для получателя: server_2
[2025-11-28T03:45:56.570111] [INFO] Подключение к базе данных: C:\Users\Vaan\Desktop\qkd_encryption_system\server_user_2\databases\user_2_db.db
[2025-11-28T03:45:56.571107] [INFO] DEBUG: Найдено сообщений в БД: 2
[2025-11-28T03:45:56.571107] [INFO] DEBUG: Возвращено сообщений: 2
[2025-11-28T03:45:57.578995] [INFO] DEBUG: Получение тестовых сообщений для получателя: server_1
[2025-11-28T03:45:57.578995] [INFO] Подключение к базе данных: C:\Users\Vaan\Desktop\qkd_encryption_system\server_user_1\databases\user_1_db.db
[2025-11-28T03:46:01.566334] [INFO] DEBUG: Получение тестовых сообщений для получателя: server_2
[2025-11-28T03:46:01.566979] [INFO] Подключение к базе данных: C:\Users\Vaan\Desktop\qkd_encryption_system\server_user_2\databases\user_2_db.db
[2025-11-28T03:46:01.567979] [INFO] DEBUG: Найдено сообщений в БД: 2
[2025-11-28T03:46:01.569013] [INFO] DEBUG: Возвращено сообщений: 2
[2025-11-28T03:46:02.577586] [INFO] DEBUG: Получение тестовых сообщений для получателя: server_1
[2025-11-28T03:46:02.579578] [INFO] Подключение к базе данных: C:\Users\Vaan\Desktop\qkd_encryption_system\server_user_1\databases\user_1_db.db
[2025-11-28T03:46:06.576436] [INFO] DEBUG: Получение тестовых сообщений для получателя: server_2
[2025-11-28T03:46:06.577432] [INFO] Подключение к базе данных: C:\Users\Vaan\Desktop\qkd_encryption_system\server_user_2\databases\user_2_db.db
[2025-11-28T03:46:06.579462] [INFO] DEBUG: Найдено сообщений в БД: 2
[2025-11-28T03:46:06.579462] [INFO] DEBUG: Возвращено сообщений: 2
[2025-11-28T03:46:07.566468] [INFO] DEBUG: Получение тестовых сообщений для получателя: server_1
[2025-11-28T03:46:07.567462] [INFO] Подключение к базе данных: C:\Users\Vaan\Desktop\qkd_encryption_system\server_user_1\databases\user_1_db.db
[2025-11-28T03:46:11.578444] [INFO] DEBUG: Получение тестовых сообщений для получателя: server_2
[2025-11-28T03:46:11.579441] [INFO] Подключение к базе данных: C:\Users\Vaan\Desktop\qkd_encryption_system\server_user_2\databases\user_2_db.db
[2025-11-28T03:46:11.580440] [INFO] DEBUG: Найдено сообщений в БД: 2
[2025-11-28T03:46:11.581437] [INFO] DEBUG: Возвращено сообщений: 2
[2025-11-28T03:46:12.573209] [INFO] DEBUG: Получение тестовых сообщений для получателя: server_1
[2025-11-28T03:46:12.576201] [INFO] Подключение к базе данных: C:\Users\Vaan\Desktop\qkd_encryption_system\server_user_1\databases\user_1_db.db
[2025-11-28T03:46:16.621538] [INFO] DEBUG: Получение тестовых сообщений для получателя: server_2
[2025-11-28T03:46:16.622538] [INFO] Подключение к базе данных: C:\Users\Vaan\Desktop\qkd_encryption_system\server_user_2\databases\user_2_db.db
[2025-11-28T03:46:16.623531] [INFO] DEBUG: Найдено сообщений в БД: 2
[2025-11-28T03:46:16.624526] [INFO] DEBUG: Возвращено сообщений: 2
[2025-11-28T03:46:17.569381] [INFO] DEBUG: Получение тестовых сообщений для получателя: server_1
[2025-11-28T03:46:17.569381] [INFO] Подключение к базе данных: C:\Users\Vaan\Desktop\qkd_encryption_system\server_user_1\databases\user_1_db.db
[2025-11-28T03:46:21.577222] [INFO] DEBUG: Получение тестовых сообщений для получателя: server_2
[2025-11-28T03:46:21.577222] [INFO] Подключение к базе данных: C:\Users\Vaan\Desktop\qkd_encryption_system\server_user_2\databases\user_2_db.db
[2025-11-28T03:46:21.579218] [INFO] DEBUG: Найдено сообщений в БД: 2
[2025-11-28T03:46:21.579218] [INFO] DEBUG: Возвращено сообщений: 2
[2025-11-28T03:46:22.572391] [INFO] DEBUG: Получение тестовых сообщений для получателя: server_1
[2025-11-28T03:46:22.572391] [INFO] Подключение к базе данных: C:\Users\Vaan\Desktop\qkd_encryption_system\server_user_1\databases\user_1_db.db
[2025-11-28T03:46:53.593175] [INFO] DEBUG: Получение тестовых сообщений для получателя: server_1
[2025-11-28T03:46:53.594214] [INFO] Подключение к базе данных: C:\Users\Vaan\Desktop\qkd_encryption_system\server_user_1\databases\user_1_db.db
[2025-11-28T03:46:53.595169] [INFO] Подключение к базе данных: C:\Users\Vaan\Desktop\qkd_encryption_system\server_user_2\databases\user_2_db.db
[2025-11-28T03:46:53.597170] [INFO] DEBUG: Найдено сообщений в БД: 2
[2025-11-28T03:46:53.598165] [INFO] DEBUG: Возвращено сообщений: 2
[2025-11-28T03:47:32.999465] [INFO] DEBUG: Получение тестовых сообщений для получателя: server_2
[2025-11-28T03:47:33.000456] [INFO] DEBUG: Получение тестовых сообщений для получателя: server_1
[2025-11-28T03:47:33.002452] [INFO] Подключение к базе данных: C:\Users\Vaan\Desktop\qkd_encryption_system\server_user_2\databases\user_2_db.db
[2025-11-28T03:47:33.002452] [INFO] Подключение к базе данных: C:\Users\Vaan\Desktop\qkd_encryption_system\server_user_1\databases\user_1_db.db
[2025-11-28T03:47:33.009432] [INFO] DEBUG: Найдено сообщений в БД: 2
[2025-11-28T03:47:33.010433] [INFO] DEBUG: Возвращено сообщений: 2
[2025-11-28T03:47:36.003209] [INFO] DEBUG: Получение тестовых сообщений для получателя: server_2
[2025-11-28T03:47:36.005202] [INFO] Подключение к базе данных: C:\Users\Vaan\Desktop\qkd_encryption_system\server_user_2\databases\user_2_db.db
[2025-11-28T03:47:36.005202] [INFO] DEBUG: Найдено сообщений в БД: 2
[2025-11-28T03:47:36.006201] [INFO] DEBUG: Возвращено сообщений: 2
[2025-11-28T03:47:37.387246] [INFO] DEBUG: Получение тестовых сообщений для получателя: server_1
[2025-11-28T03:47:37.387246] [INFO] Подключение к базе данных: C:\Users\Vaan\Desktop\qkd_encryption_system\server_user_1\databases\user_1_db.db
[2025-11-28T03:47:41.580642] [INFO] DEBUG: Получение тестовых сообщений для получателя: server_2
[2025-11-28T03:47:41.580642] [INFO] Подключение к базе данных: C:\Users\Vaan\Desktop\qkd_encryption_system\server_user_2\databases\user_2_db.db
[2025-11-28T03:47:41.582640] [INFO] DEBUG: Найдено сообщений в БД: 2
[2025-11-28T03:47:41.583632] [INFO] DEBUG: Возвращено сообщений: 2
[2025-11-28T03:47:42.566465] [INFO] DEBUG: Получение тестовых сообщений для получателя: server_1
[2025-11-28T03:47:42.566465] [INFO] Подключение к базе данных: C:\Users\Vaan\Desktop\qkd_encryption_system\server_user_1\databases\user_1_db.db
[2025-11-28T03:47:46.605222] [INFO] DEBUG: Получение тестовых сообщений для получателя: server_2
[2025-11-28T03:47:46.605222] [INFO] Подключение к базе данных: C:\Users\Vaan\Desktop\qkd_encryption_system\server_user_2\databases\user_2_db.db
[2025-11-28T03:47:46.605222] [INFO] DEBUG: Найдено сообщений в БД: 2
[2025-11-28T03:47:46.605222] [INFO] DEBUG: Возвращено сообщений: 2
[2025-11-28T03:47:47.573500] [INFO] DEBUG: Получение тестовых сообщений для получателя: server_1
[2025-11-28T03:47:47.573500] [INFO] Подключение к базе данных: C:\Users\Vaan\Desktop\qkd_encryption_system\server_user_1\databases\user_1_db.db
[2025-11-28T03:47:51.567724] [INFO] DEBUG: Получение тестовых сообщений для получателя: server_2
[2025-11-28T03:47:51.568721] [INFO] Подключение к базе данных: C:\Users\Vaan\Desktop\qkd_encryption_system\server_user_2\databases\user_2_db.db
[2025-11-28T03:47:51.569734] [INFO] DEBUG: Найдено сообщений в БД: 2
[2025-11-28T03:47:51.569734] [INFO] DEBUG: Возвращено сообщений: 2
[2025-11-28T03:47:52.567266] [INFO] DEBUG: Получение тестовых сообщений для получателя: server_1
[2025-11-28T03:47:52.567266] [INFO] Подключение к базе данных: C:\Users\Vaan\Desktop\qkd_encryption_system\server_user_1\databases\user_1_db.db
[2025-11-28T03:47:56.353504] [INFO] DEBUG: Получение тестовых сообщений для получателя: server_2
[2025-11-28T03:47:56.356497] [INFO] Подключение к базе данных: C:\Users\Vaan\Desktop\qkd_encryption_system\server_user_2\databases\user_2_db.db
[2025-11-28T03:47:56.363476] [INFO] DEBUG: Найдено сообщений в БД: 2
[2025-11-28T03:47:56.364474] [INFO] DEBUG: Возвращено сообщений: 2
[2025-11-28T03:47:57.489185] [INFO] DEBUG: Получение тестовых сообщений для получателя: server_1
[2025-11-28T03:47:57.489185] [INFO] Подключение к базе данных: C:\Users\Vaan\Desktop\qkd_encryption_system\server_user_1\databases\user_1_db.db
[2025-11-28T03:48:01.569507] [INFO] DEBUG: Получение тестовых сообщений для получателя: server_2
[2025-11-28T03:48:01.570503] [INFO] Подключение к базе данных: C:\Users\Vaan\Desktop\qkd_encryption_system\server_user_2\databases\user_2_db.db
[2025-11-28T03:48:01.572499] [INFO] DEBUG: Найдено сообщений в БД: 2
[2025-11-28T03:48:01.573495] [INFO] DEBUG: Возвращено сообщений: 2
[2025-11-28T03:48:02.572318] [INFO] DEBUG: Получение тестовых сообщений для получателя: server_1
[2025-11-28T03:48:02.572318] [INFO] Подключение к базе данных: C:\Users\Vaan\Desktop\qkd_encryption_system\server_user_1\databases\user_1_db.db
[2025-11-28T03:48:06.580458] [INFO] DEBUG: Получение тестовых сообщений для получателя: server_2
[2025-11-28T03:48:06.580458] [INFO] Подключение к базе данных: C:\Users\Vaan\Desktop\qkd_encryption_system\server_user_2\databases\user_2_db.db
[2025-11-28T03:48:06.582452] [INFO] DEBUG: Найдено сообщений в БД: 2
[2025-11-28T03:48:06.583448] [INFO] DEBUG: Возвращено сообщений: 2
[2025-11-28T03:48:07.574533] [INFO] DEBUG: Получение тестовых сообщений для получателя: server_1
[2025-11-28T03:48:07.575532] [INFO] Подключение к базе данных: C:\Users\Vaan\Desktop\qkd_encryption_system\server_user_1\databases\user_1_db.db
[2025-11-28T03:48:11.569618] [INFO] DEBUG: Получение тестовых сообщений для получателя: server_2
[2025-11-28T03:48:11.569618] [INFO] Подключение к базе данных: C:\Users\Vaan\Desktop\qkd_encryption_system\server_user_2\databases\user_2_db.db
[2025-11-28T03:48:11.570615] [INFO] DEBUG: Найдено сообщений в БД: 2
[2025-11-28T03:48:11.571613] [INFO] DEBUG: Возвращено сообщений: 2
[2025-11-28T03:48:12.581219] [INFO] DEBUG: Получение тестовых сообщений для получателя: server_1
[2025-11-28T03:48:12.582216] [INFO] Подключение к базе данных: C:\Users\Vaan\Desktop\qkd_encryption_system\server_user_1\databases\user_1_db.db
[2025-11-28T03:48:16.579562] [INFO] DEBUG: Получение тестовых сообщений для получателя: server_2
[2025-11-28T03:48:16.579562] [INFO] Подключение к базе данных: C:\Users\Vaan\Desktop\qkd_encryption_system\server_user_2\databases\user_2_db.db
[2025-11-28T03:48:16.581525] [INFO] DEBUG: Найдено сообщений в БД: 2
[2025-11-28T03:48:16.581525] [INFO] DEBUG: Возвращено сообщений: 2
[2025-11-28T03:48:17.570049] [INFO] DEBUG: Получение тестовых сообщений для получателя: server_1
[2025-11-28T03:48:17.570049] [INFO] Подключение к базе данных: C:\Users\Vaan\Desktop\qkd_encryption_system\server_user_1\databases\user_1_db.db
[2025-11-28T03:48:21.572544] [INFO] DEBUG: Получение тестовых сообщений для получателя: server_2
[2025-11-28T03:48:21.572544] [INFO] Подключение к базе данных: C:\Users\Vaan\Desktop\qkd_encryption_system\server_user_2\databases\user_2_db.db
[2025-11-28T03:48:21.574555] [INFO] DEBUG: Найдено сообщений в БД: 2
[2025-11-28T03:48:21.575536] [INFO] DEBUG: Возвращено сообщений: 2
[2025-11-28T03:48:22.576434] [INFO] DEBUG: Получение тестовых сообщений для получателя: server_1
[2025-11-28T03:48:22.576434] [INFO] Подключение к базе данных: C:\Users\Vaan\Desktop\qkd_encryption_system\server_user_1\databases\user_1_db.db
[2025-11-28T03:48:26.568687] [INFO] DEBUG: Получение тестовых сообщений для получателя: server_2
[2025-11-28T03:48:26.568687] [INFO] Подключение к базе данных: C:\Users\Vaan\Desktop\qkd_encryption_system\server_user_2\databases\user_2_db.db
[2025-11-28T03:48:26.571680] [INFO] DEBUG: Найдено сообщений в БД: 2
[2025-11-28T03:48:26.571680] [INFO] DEBUG: Возвращено сообщений: 2
[2025-11-28T03:48:27.565602] [INFO] DEBUG: Получение тестовых сообщений для получателя: server_1
[2025-11-28T03:48:27.566600] [INFO] Подключение к базе данных: C:\Users\Vaan\Desktop\qkd_encryption_system\server_user_1\databases\user_1_db.db
[2025-11-28T03:48:31.568975] [INFO] DEBUG: Получение тестовых сообщений для получателя: server_2
[2025-11-28T03:48:31.569971] [INFO] Подключение к базе данных: C:\Users\Vaan\Desktop\qkd_encryption_system\server_user_2\databases\user_2_db.db
[2025-11-28T03:48:31.571965] [INFO] DEBUG: Найдено сообщений в БД: 2
[2025-11-28T03:48:31.571965] [INFO] DEBUG: Возвращено сообщений: 2
[2025-11-28T03:48:32.566269] [INFO] DEBUG: Получение тестовых сообщений для получателя: server_1
[2025-11-28T03:48:32.567251] [INFO] Подключение к базе данных: C:\Users\Vaan\Desktop\qkd_encryption_system\server_user_1\databases\user_1_db.db
[2025-11-28T03:48:36.575689] [INFO] DEBUG: Получение тестовых сообщений для получателя: server_2
[2025-11-28T03:48:36.576649] [INFO] Подключение к базе данных: C:\Users\Vaan\Desktop\qkd_encryption_system\server_user_2\databases\user_2_db.db
[2025-11-28T03:48:36.578647] [INFO] DEBUG: Найдено сообщений в БД: 2
[2025-11-28T03:48:36.578647] [INFO] DEBUG: Возвращено сообщений: 2
[2025-11-28T03:48:37.570760] [INFO] DEBUG: Получение тестовых сообщений для получателя: server_1
[2025-11-28T03:48:37.570760] [INFO] Подключение к базе данных: C:\Users\Vaan\Desktop\qkd_encryption_system\server_user_1\databases\user_1_db.db
[2025-11-28T03:48:41.576373] [INFO] DEBUG: Получение тестовых сообщений для получателя: server_2
[2025-11-28T03:48:41.577371] [INFO] Подключение к базе данных: C:\Users\Vaan\Desktop\qkd_encryption_system\server_user_2\databases\user_2_db.db
[2025-11-28T03:48:41.578368] [INFO] DEBUG: Найдено сообщений в БД: 2
[2025-11-28T03:48:41.578368] [INFO] DEBUG: Возвращено сообщений: 2
[2025-11-28T03:48:42.575653] [INFO] DEBUG: Получение тестовых сообщений для получателя: server_1
[2025-11-28T03:48:42.576649] [INFO] Подключение к базе данных: C:\Users\Vaan\Desktop\qkd_encryption_system\server_user_1\databases\user_1_db.db
[2025-11-28T03:48:46.571382] [INFO] DEBUG: Получение тестовых сообщений для получателя: server_2
[2025-11-28T03:48:46.572378] [INFO] Подключение к базе данных: C:\Users\Vaan\Desktop\qkd_encryption_system\server_user_2\databases\user_2_db.db
[2025-11-28T03:48:46.574375] [INFO] DEBUG: Найдено сообщений в БД: 2
[2025-11-28T03:48:46.574375] [INFO] DEBUG: Возвращено сообщений: 2
[2025-11-28T03:48:47.565599] [INFO] DEBUG: Получение тестовых сообщений для получателя: server_1
[2025-11-28T03:48:47.565599] [INFO] Подключение к базе данных: C:\Users\Vaan\Desktop\qkd_encryption_system\server_user_1\databases\user_1_db.db
[2025-11-28T03:48:51.571981] [INFO] DEBUG: Получение тестовых сообщений для получателя: server_2
[2025-11-28T03:48:51.572981] [INFO] Подключение к базе данных: C:\Users\Vaan\Desktop\qkd_encryption_system\server_user_2\databases\user_2_db.db
[2025-11-28T03:48:51.573979] [INFO] DEBUG: Найдено сообщений в БД: 2
[2025-11-28T03:48:51.573979] [INFO] DEBUG: Возвращено сообщений: 2
[2025-11-28T03:48:52.575663] [INFO] DEBUG: Получение тестовых сообщений для получателя: server_1
[2025-11-28T03:48:52.575663] [INFO] Подключение к базе данных: C:\Users\Vaan\Desktop\qkd_encryption_system\server_user_1\databases\user_1_db.db
[2025-11-28T03:48:56.569567] [INFO] DEBUG: Получение тестовых сообщений для получателя: server_2
[2025-11-28T03:48:56.570564] [INFO] Подключение к базе данных: C:\Users\Vaan\Desktop\qkd_encryption_system\server_user_2\databases\user_2_db.db
[2025-11-28T03:48:56.571562] [INFO] DEBUG: Найдено сообщений в БД: 2
[2025-11-28T03:48:56.572593] [INFO] DEBUG: Возвращено сообщений: 2
[2025-11-28T03:48:57.574483] [INFO] DEBUG: Получение тестовых сообщений для получателя: server_1
[2025-11-28T03:48:57.575478] [INFO] Подключение к базе данных: C:\Users\Vaan\Desktop\qkd_encryption_system\server_user_1\databases\user_1_db.db
[2025-11-28T03:49:53.574316] [INFO] DEBUG: Получение тестовых сообщений для получателя: server_2
[2025-11-28T03:49:53.574316] [INFO] DEBUG: Получение тестовых сообщений для получателя: server_1
[2025-11-28T03:49:53.576319] [INFO] Подключение к базе данных: C:\Users\Vaan\Desktop\qkd_encryption_system\server_user_2\databases\user_2_db.db
[2025-11-28T03:49:53.576319] [INFO] Подключение к базе данных: C:\Users\Vaan\Desktop\qkd_encryption_system\server_user_1\databases\user_1_db.db
[2025-11-28T03:49:53.578306] [INFO] DEBUG: Найдено сообщений в БД: 2
[2025-11-28T03:49:53.579305] [INFO] DEBUG: Возвращено сообщений: 2
[2025-11-28T03:50:53.576952] [INFO] DEBUG: Получение тестовых сообщений для получателя: server_1
[2025-11-28T03:50:53.577951] [INFO] DEBUG: Получение тестовых сообщений для получателя: server_2
ser_1\databases\user_1_db.db
[2025-11-28T03:50:53.578946] [INFO] Подключение к базе данных: C:\Users\Vaan\Desktop\qkd_encryption_system\server_user_2\databases\user_2_db.db
[2025-11-28T03:50:53.580942] [INFO] DEBUG: Найдено сообщений в БД: 2
[2025-11-28T03:50:53.580942] [INFO] DEBUG: Возвращено сообщений: 2
[2025-11-28T03:51:08.598400] [INFO] Подключение к базе данных: C:\Users\Vaan\Desktop\qkd_encryption_system\server_user_2\databases\user_2_db.db
[2025-11-28T03:51:08.598400] [INFO] Подключение к базе данных: C:\Users\Vaan\Desktop\qkd_encryption_system\server_user_2\databases\user_2_db.db
[2025-11-28T03:51:08.598400] [INFO] Подключение к базе данных: C:\Users\Vaan\Desktop\qkd_encryption_system\server_user_2\databases\user_2_db.db
[2025-11-28T03:51:08.599396] [INFO] Подключение к базе данных: C:\Users\Vaan\Desktop\qkd_encryption_system\server_user_2\databases\user_2_db.db
[2025-11-28T03:51:08.599396] [INFO] Подключение к базе данных: C:\Users\Vaan\Desktop\qkd_encryption_system\server_user_2\databases\user_2_db.db
[2025-11-28T03:51:08.600394] [INFO] Подключение к базе данных: C:\Users\Vaan\Desktop\qkd_encryption_system\server_user_2\databases\user_2_db.db
[2025-11-28T03:51:08.600394] [INFO] Подключение к базе данных: C:\Users\Vaan\Desktop\qkd_encryption_system\server_user_2\databases\user_2_db.db
[2025-11-28T03:51:08.673200] [INFO] Подключение к базе данных: C:\Users\Vaan\Desktop\qkd_encryption_system\server_user_1\databases\user_1_db.db
[2025-11-28T03:51:08.673200] [INFO] Подключение к базе данных: C:\Users\Vaan\Desktop\qkd_encryption_system\server_user_1\databases\user_1_db.db
[2025-11-28T03:51:08.674197] [INFO] Подключение к базе данных: C:\Users\Vaan\Desktop\qkd_encryption_system\server_user_1\databases\user_1_db.db
[2025-11-28T03:51:08.674197] [INFO] Подключение к базе данных: C:\Users\Vaan\Desktop\qkd_encryption_system\server_user_1\databases\user_1_db.db
[2025-11-28T03:51:08.674197] [INFO] Подключение к базе данных: C:\Users\Vaan\Desktop\qkd_encryption_system\server_user_1\databases\user_1_db.db
[2025-11-28T03:51:08.675195] [INFO] Подключение к базе данных: C:\Users\Vaan\Desktop\qkd_encryption_system\server_user_1\databases\user_1_db.db
[2025-11-28T03:51:08.675195] [INFO] Подключение к базе данных: C:\Users\Vaan\Desktop\qkd_encryption_system\server_user_1\databases\user_1_db.db
[2025-11-28T03:51:15.299684] [INFO] Подключение к базе данных: C:\Users\Vaan\Desktop\qkd_encryption_system\server_user_2\databases\user_2_db.db
[2025-11-28T03:51:15.299684] [INFO] Подключение к базе данных: C:\Users\Vaan\Desktop\qkd_encryption_system\server_user_2\databases\user_2_db.db
[2025-11-28T03:51:15.300681] [INFO] Подключение к базе данных: C:\Users\Vaan\Desktop\qkd_encryption_system\server_user_2\databases\user_2_db.db
[2025-11-28T03:51:15.300681] [INFO] Подключение к базе данных: C:\Users\Vaan\Desktop\qkd_encryption_system\server_user_2\databases\user_2_db.db
[2025-11-28T03:51:15.301678] [INFO] Подключение к базе данных: C:\Users\Vaan\Desktop\qkd_encryption_system\server_user_2\databases\user_2_db.db
[2025-11-28T03:51:15.302676] [INFO] Подключение к базе данных: C:\Users\Vaan\Desktop\qkd_encryption_system\server_user_2\databases\user_2_db.db
[2025-11-28T03:51:15.303674] [INFO] Подключение к базе данных: C:\Users\Vaan\Desktop\qkd_encryption_system\server_user_2\databases\user_2_db.db
[2025-11-28T03:51:16.936015] [INFO] Подключение к базе данных: C:\Users\Vaan\Desktop\qkd_encryption_system\server_user_1\databases\user_1_db.db
[2025-11-28T03:51:16.937011] [INFO] Подключение к базе данных: C:\Users\Vaan\Desktop\qkd_encryption_system\server_user_1\databases\user_1_db.db
[2025-11-28T03:51:16.938009] [INFO] Подключение к базе данных: C:\Users\Vaan\Desktop\qkd_encryption_system\server_user_1\databases\user_1_db.db
[2025-11-28T03:51:16.939007] [INFO] Подключение к базе данных: C:\Users\Vaan\Desktop\qkd_encryption_system\server_user_1\databases\user_1_db.db
[2025-11-28T03:51:16.940004] [INFO] Подключение к базе данных: C:\Users\Vaan\Desktop\qkd_encryption_system\server_user_1\databases\user_1_db.db
[2025-11-28T03:51:16.944011] [INFO] Подключение к базе данных: C:\Users\Vaan\Desktop\qkd_encryption_system\server_user_1\databases\user_1_db.db
[2025-11-28T03:51:16.944991] [INFO] Подключение к базе данных: C:\Users\Vaan\Desktop\qkd_encryption_system\server_user_1\databases\user_1_db.db
[2025-11-28T03:51:20.034729] [INFO] Подключение к базе данных: C:\Users\Vaan\Desktop\qkd_encryption_system\server_user_2\databases\user_2_db.db
[2025-11-28T03:51:20.035670] [INFO] Подключение к базе данных: C:\Users\Vaan\Desktop\qkd_encryption_system\server_user_2\databases\user_2_db.db
[2025-11-28T03:51:20.035670] [INFO] Подключение к базе данных: C:\Users\Vaan\Desktop\qkd_encryption_system\server_user_2\databases\user_2_db.db
[2025-11-28T03:51:20.035670] [INFO] Подключение к базе данных: C:\Users\Vaan\Desktop\qkd_encryption_system\server_user_2\databases\user_2_db.db
[2025-11-28T03:51:20.036668] [INFO] Подключение к базе данных: C:\Users\Vaan\Desktop\qkd_encryption_system\server_user_2\databases\user_2_db.db
[2025-11-28T03:51:20.038665] [INFO] Подключение к базе данных: C:\Users\Vaan\Desktop\qkd_encryption_system\server_user_2\databases\user_2_db.db
[2025-11-28T03:51:20.039670] [INFO] Подключение к базе данных: C:\Users\Vaan\Desktop\qkd_encryption_system\server_user_2\databases\user_2_db.db
[2025-11-28T03:51:20.577231] [INFO] Подключение к базе данных: C:\Users\Vaan\Desktop\qkd_encryption_system\server_user_1\databases\user_1_db.db
[2025-11-28T03:51:20.578228] [INFO] Подключение к базе данных: C:\Users\Vaan\Desktop\qkd_encryption_system\server_user_1\databases\user_1_db.db
[2025-11-28T03:51:20.578228] [INFO] Подключение к базе данных: C:\Users\Vaan\Desktop\qkd_encryption_system\server_user_1\databases\user_1_db.db
[2025-11-28T03:51:20.578228] [INFO] Подключение к базе данных: C:\Users\Vaan\Desktop\qkd_encryption_system\server_user_1\databases\user_1_db.db
[2025-11-28T03:51:20.579226] [INFO] Подключение к базе данных: C:\Users\Vaan\Desktop\qkd_encryption_system\server_user_1\databases\user_1_db.db
[2025-11-28T03:51:20.580224] [INFO] Подключение к базе данных: C:\Users\Vaan\Desktop\qkd_encryption_system\server_user_1\databases\user_1_db.db
[2025-11-28T03:51:20.580224] [INFO] Подключение к базе данных: C:\Users\Vaan\Desktop\qkd_encryption_system\server_user_1\databases\user_1_db.db
[2025-11-28T03:51:26.502266] [INFO] Подключение к базе данных: C:\Users\Vaan\Desktop\qkd_encryption_system\server_user_1\databases\user_1_db.db
[2025-11-28T03:51:26.503264] [INFO] Подключение к базе данных: C:\Users\Vaan\Desktop\qkd_encryption_system\server_user_1\databases\user_1_db.db
[2025-11-28T03:51:26.504272] [INFO] Подключение к базе данных: C:\Users\Vaan\Desktop\qkd_encryption_system\server_user_1\databases\user_1_db.db
[2025-11-28T03:51:26.507260] [INFO] Подключение к базе данных: C:\Users\Vaan\Desktop\qkd_encryption_system\server_user_1\databases\user_1_db.db
[2025-11-28T03:51:26.508251] [INFO] Подключение к базе данных: C:\Users\Vaan\Desktop\qkd_encryption_system\server_user_1\databases\user_1_db.db
[2025-11-28T03:51:26.510245] [INFO] Подключение к базе данных: C:\Users\Vaan\Desktop\qkd_encryption_system\server_user_1\databases\user_1_db.db
[2025-11-28T03:51:26.511243] [INFO] Подключение к базе данных: C:\Users\Vaan\Desktop\qkd_encryption_system\server_user_1\databases\user_1_db.db
[2025-11-28T03:51:26.834392] [INFO] Подключение к базе данных: C:\Users\Vaan\Desktop\qkd_encryption_system\server_user_2\databases\user_2_db.db
[2025-11-28T03:51:26.835376] [INFO] Подключение к базе данных: C:\Users\Vaan\Desktop\qkd_encryption_system\server_user_2\databases\user_2_db.db
[2025-11-28T03:51:26.835376] [INFO] Подключение к базе данных: C:\Users\Vaan\Desktop\qkd_encryption_system\server_user_2\databases\user_2_db.db
[2025-11-28T03:51:26.836372] [INFO] Подключение к базе данных: C:\Users\Vaan\Desktop\qkd_encryption_system\server_user_2\databases\user_2_db.db
[2025-11-28T03:51:26.836372] [INFO] Подключение к базе данных: C:\Users\Vaan\Desktop\qkd_encryption_system\server_user_2\databases\user_2_db.db
[2025-11-28T03:51:26.838382] [INFO] Подключение к базе данных: C:\Users\Vaan\Desktop\qkd_encryption_system\server_user_2\databases\user_2_db.db
[2025-11-28T03:51:26.840374] [INFO] Подключение к базе данных: C:\Users\Vaan\Desktop\qkd_encryption_system\server_user_2\databases\user_2_db.db
[2025-11-28T03:51:53.574446] [INFO] DEBUG: Получение тестовых сообщений для получателя: server_1
[2025-11-28T03:51:53.575443] [INFO] DEBUG: Получение тестовых сообщений для получателя: server_2
[2025-11-28T03:51:53.576440] [INFO] Подключение к базе данных: C:\Users\Vaan\Desktop\qkd_encryption_system\server_user_1\databases\user_1_db.db
[2025-11-28T03:51:53.576440] [INFO] Подключение к базе данных: C:\Users\Vaan\Desktop\qkd_encryption_system\server_user_2\databases\user_2_db.db
[2025-11-28T03:51:53.578435] [INFO] DEBUG: Найдено сообщений в БД: 2
[2025-11-28T03:51:53.580440] [INFO] DEBUG: Возвращено сообщений: 2
[2025-11-28T03:52:12.433815] [INFO] Подключение к базе данных: C:\Users\Vaan\Desktop\qkd_encryption_system\server_user_2\databases\user_2_db.db
[2025-11-28T03:52:12.434812] [INFO] Подключение к базе данных: C:\Users\Vaan\Desktop\qkd_encryption_system\server_user_2\databases\user_2_db.db
[2025-11-28T03:52:12.434812] [INFO] Подключение к базе данных: C:\Users\Vaan\Desktop\qkd_encryption_system\server_user_2\databases\user_2_db.db
[2025-11-28T03:52:12.434812] [INFO] Подключение к базе данных: C:\Users\Vaan\Desktop\qkd_encryption_system\server_user_2\databases\user_2_db.db
[2025-11-28T03:52:12.435809] [INFO] Подключение к базе данных: C:\Users\Vaan\Desktop\qkd_encryption_system\server_user_2\databases\user_2_db.db
[2025-11-28T03:52:12.436806] [INFO] Подключение к базе данных: C:\Users\Vaan\Desktop\qkd_encryption_system\server_user_2\databases\user_2_db.db
[2025-11-28T03:52:12.437804] [INFO] Подключение к базе данных: C:\Users\Vaan\Desktop\qkd_encryption_system\server_user_2\databases\user_2_db.db
[2025-11-28T03:52:12.453761] [INFO] Подключение к базе данных: C:\Users\Vaan\Desktop\qkd_encryption_system\server_user_1\databases\user_1_db.db
[2025-11-28T03:52:12.454759] [INFO] Подключение к базе данных: C:\Users\Vaan\Desktop\qkd_encryption_system\server_user_1\databases\user_1_db.db
[2025-11-28T03:52:12.454759] [INFO] Подключение к базе данных: C:\Users\Vaan\Desktop\qkd_encryption_system\server_user_1\databases\user_1_db.db
[2025-11-28T03:52:12.454759] [INFO] Подключение к базе данных: C:\Users\Vaan\Desktop\qkd_encryption_system\server_user_1\databases\user_1_db.db
[2025-11-28T03:52:12.455756] [INFO] Подключение к базе данных: C:\Users\Vaan\Desktop\qkd_encryption_system\server_user_1\databases\user_1_db.db
[2025-11-28T03:52:12.456753] [INFO] Подключение к базе данных: C:\Users\Vaan\Desktop\qkd_encryption_system\server_user_1\databases\user_1_db.db
[2025-11-28T03:52:12.456753] [INFO] Подключение к базе данных: C:\Users\Vaan\Desktop\qkd_encryption_system\server_user_1\databases\user_1_db.db
[2025-11-28T03:52:19.922465] [INFO] Подключение к базе данных: C:\Users\Vaan\Desktop\qkd_encryption_system\server_user_2\databases\user_2_db.db
[2025-11-28T03:52:19.922465] [INFO] Подключение к базе данных: C:\Users\Vaan\Desktop\qkd_encryption_system\server_user_2\databases\user_2_db.db
[2025-11-28T03:52:19.923532] [INFO] Подключение к базе данных: C:\Users\Vaan\Desktop\qkd_encryption_system\server_user_2\databases\user_2_db.db
[2025-11-28T03:52:19.923532] [INFO] Подключение к базе данных: C:\Users\Vaan\Desktop\qkd_encryption_system\server_user_2\databases\user_2_db.db
[2025-11-28T03:52:19.924532] [INFO] Подключение к базе данных: C:\Users\Vaan\Desktop\qkd_encryption_system\server_user_2\databases\user_2_db.db
[2025-11-28T03:52:19.927531] [INFO] Подключение к базе данных: C:\Users\Vaan\Desktop\qkd_encryption_system\server_user_2\databases\user_2_db.db
[2025-11-28T03:52:19.928520] [INFO] Подключение к базе данных: C:\Users\Vaan\Desktop\qkd_encryption_system\server_user_2\databases\user_2_db.db
[2025-11-28T03:52:20.070449] [INFO] Подключение к базе данных: C:\Users\Vaan\Desktop\qkd_encryption_system\server_user_1\databases\user_1_db.db
[2025-11-28T03:52:20.071446] [INFO] Подключение к базе данных: C:\Users\Vaan\Desktop\qkd_encryption_system\server_user_1\databases\user_1_db.db
[2025-11-28T03:52:20.071446] [INFO] Подключение к базе данных: C:\Users\Vaan\Desktop\qkd_encryption_system\server_user_1\databases\user_1_db.db
[2025-11-28T03:52:20.072443] [INFO] Подключение к базе данных: C:\Users\Vaan\Desktop\qkd_encryption_system\server_user_1\databases\user_1_db.db
[2025-11-28T03:52:20.072443] [INFO] Подключение к базе данных: C:\Users\Vaan\Desktop\qkd_encryption_system\server_user_1\databases\user_1_db.db
[2025-11-28T03:52:20.074438] [INFO] Подключение к базе данных: C:\Users\Vaan\Desktop\qkd_encryption_system\server_user_1\databases\user_1_db.db
[2025-11-28T03:52:20.074438] [INFO] Подключение к базе данных: C:\Users\Vaan\Desktop\qkd_encryption_system\server_user_1\databases\user_1_db.db
[2025-11-28T03:52:35.710865] [INFO] Подключение к базе данных: C:\Users\Vaan\Desktop\qkd_encryption_system\server_user_1\databases\user_1_db.db
[2025-11-28T03:52:35.713862] [INFO] Подключение к базе данных: C:\Users\Vaan\Desktop\qkd_encryption_system\server_user_1\databases\user_1_db.db
[2025-11-28T03:52:35.715850] [INFO] Подключение к базе данных: C:\Users\Vaan\Desktop\qkd_encryption_system\server_user_1\databases\user_1_db.db
[2025-11-28T03:52:35.715850] [INFO] Подключение к базе данных: C:\Users\Vaan\Desktop\qkd_encryption_system\server_user_1\databases\user_1_db.db
[2025-11-28T03:52:35.716845] [INFO] Подключение к базе данных: C:\Users\Vaan\Desktop\qkd_encryption_system\server_user_1\databases\user_1_db.db
[2025-11-28T03:52:35.718840] [INFO] Подключение к базе данных: C:\Users\Vaan\Desktop\qkd_encryption_system\server_user_1\databases\user_1_db.db
[2025-11-28T03:52:35.719837] [INFO] Подключение к базе данных: C:\Users\Vaan\Desktop\qkd_encryption_system\server_user_1\databases\user_1_db.db
[2025-11-28T03:52:35.987760] [INFO] Подключение к базе данных: C:\Users\Vaan\Desktop\qkd_encryption_system\server_user_2\databases\user_2_db.db
[2025-11-28T03:52:35.988758] [INFO] Подключение к базе данных: C:\Users\Vaan\Desktop\qkd_encryption_system\server_user_2\databases\user_2_db.db
[2025-11-28T03:52:35.988758] [INFO] Подключение к базе данных: C:\Users\Vaan\Desktop\qkd_encryption_system\server_user_2\databases\user_2_db.db
[2025-11-28T03:52:35.989755] [INFO] Подключение к базе данных: C:\Users\Vaan\Desktop\qkd_encryption_system\server_user_2\databases\user_2_db.db
[2025-11-28T03:52:35.989755] [INFO] Подключение к базе данных: C:\Users\Vaan\Desktop\qkd_encryption_system\server_user_2\databases\user_2_db.db
[2025-11-28T03:52:35.992748] [INFO] Подключение к базе данных: C:\Users\Vaan\Desktop\qkd_encryption_system\server_user_2\databases\user_2_db.db
[2025-11-28T03:52:35.993748] [INFO] Подключение к базе данных: C:\Users\Vaan\Desktop\qkd_encryption_system\server_user_2\databases\user_2_db.db
[2025-11-28T03:52:40.685276] [INFO] Подключение к базе данных: C:\Users\Vaan\Desktop\qkd_encryption_system\server_user_2\databases\user_2_db.db
[2025-11-28T03:52:40.685276] [INFO] Подключение к базе данных: C:\Users\Vaan\Desktop\qkd_encryption_system\server_user_2\databases\user_2_db.db
[2025-11-28T03:52:40.686273] [INFO] Подключение к базе данных: C:\Users\Vaan\Desktop\qkd_encryption_system\server_user_2\databases\user_2_db.db
[2025-11-28T03:52:40.686273] [INFO] Подключение к базе данных: C:\Users\Vaan\Desktop\qkd_encryption_system\server_user_2\databases\user_2_db.db
[2025-11-28T03:52:40.686273] [INFO] Подключение к базе данных: C:\Users\Vaan\Desktop\qkd_encryption_system\server_user_2\databases\user_2_db.db
[2025-11-28T03:52:40.688268] [INFO] Подключение к базе данных: C:\Users\Vaan\Desktop\qkd_encryption_system\server_user_2\databases\user_2_db.db
[2025-11-28T03:52:40.688268] [INFO] Подключение к базе данных: C:\Users\Vaan\Desktop\qkd_encryption_system\server_user_2\databases\user_2_db.db
[2025-11-28T03:52:41.418289] [INFO] Подключение к базе данных: C:\Users\Vaan\Desktop\qkd_encryption_system\server_user_1\databases\user_1_db.db
[2025-11-28T03:52:41.418289] [INFO] Подключение к базе данных: C:\Users\Vaan\Desktop\qkd_encryption_system\server_user_1\databases\user_1_db.db
[2025-11-28T03:52:41.419257] [INFO] Подключение к базе данных: C:\Users\Vaan\Desktop\qkd_encryption_system\server_user_1\databases\user_1_db.db
[2025-11-28T03:52:41.419257] [INFO] Подключение к базе данных: C:\Users\Vaan\Desktop\qkd_encryption_system\server_user_1\databases\user_1_db.db
[2025-11-28T03:52:41.419257] [INFO] Подключение к базе данных: C:\Users\Vaan\Desktop\qkd_encryption_system\server_user_1\databases\user_1_db.db
[2025-11-28T03:52:41.420255] [INFO] Подключение к базе данных: C:\Users\Vaan\Desktop\qkd_encryption_system\server_user_1\databases\user_1_db.db
[2025-11-28T03:52:41.421252] [INFO] Подключение к базе данных: C:\Users\Vaan\Desktop\qkd_encryption_system\server_user_1\databases\user_1_db.db
[2025-11-28T03:52:53.574870] [INFO] DEBUG: Получение тестовых сообщений для получателя: server_2
[2025-11-28T03:52:53.574870] [INFO] DEBUG: Получение тестовых сообщений для получателя: server_1
[2025-11-28T03:52:53.576879] [INFO] Подключение к базе данных: C:\Users\Vaan\Desktop\qkd_encryption_system\server_user_1\databases\user_1_db.db
[2025-11-28T03:52:53.578868] [INFO] Подключение к базе данных: C:\Users\Vaan\Desktop\qkd_encryption_system\server_user_2\databases\user_2_db.db
[2025-11-28T03:52:53.581851] [INFO] DEBUG: Найдено сообщений в БД: 2
[2025-11-28T03:52:53.581851] [INFO] DEBUG: Возвращено сообщений: 2
[2025-11-28T03:53:20.867326] [INFO] Подключение к базе данных: C:\Users\Vaan\Desktop\qkd_encryption_system\server_user_2\databases\user_2_db.db
[2025-11-28T03:53:20.868325] [INFO] Подключение к базе данных: C:\Users\Vaan\Desktop\qkd_encryption_system\server_user_2\databases\user_2_db.db
[2025-11-28T03:53:20.870320] [INFO] Подключение к базе данных: C:\Users\Vaan\Desktop\qkd_encryption_system\server_user_2\databases\user_2_db.db
[2025-11-28T03:53:20.870320] [INFO] Подключение к базе данных: C:\Users\Vaan\Desktop\qkd_encryption_system\server_user_2\databases\user_2_db.db
[2025-11-28T03:53:20.871317] [INFO] Подключение к базе данных: C:\Users\Vaan\Desktop\qkd_encryption_system\server_user_2\databases\user_2_db.db
[2025-11-28T03:53:20.876303] [INFO] Подключение к базе данных: C:\Users\Vaan\Desktop\qkd_encryption_system\server_user_2\databases\user_2_db.db
[2025-11-28T03:53:20.876303] [INFO] Подключение к базе данных: C:\Users\Vaan\Desktop\qkd_encryption_system\server_user_2\databases\user_2_db.db
[2025-11-28T03:53:21.266258] [INFO] Подключение к базе данных: C:\Users\Vaan\Desktop\qkd_encryption_system\server_user_1\databases\user_1_db.db
[2025-11-28T03:53:21.266258] [INFO] Подключение к базе данных: C:\Users\Vaan\Desktop\qkd_encryption_system\server_user_1\databases\user_1_db.db
[2025-11-28T03:53:21.267257] [INFO] Подключение к базе данных: C:\Users\Vaan\Desktop\qkd_encryption_system\server_user_1\databases\user_1_db.db
[2025-11-28T03:53:21.267257] [INFO] Подключение к базе данных: C:\Users\Vaan\Desktop\qkd_encryption_system\server_user_1\databases\user_1_db.db
[2025-11-28T03:53:21.268262] [INFO] Подключение к базе данных: C:\Users\Vaan\Desktop\qkd_encryption_system\server_user_1\databases\user_1_db.db
[2025-11-28T03:53:21.270250] [INFO] Подключение к базе данных: C:\Users\Vaan\Desktop\qkd_encryption_system\server_user_1\databases\user_1_db.db
[2025-11-28T03:53:21.271249] [INFO] Подключение к базе данных: C:\Users\Vaan\Desktop\qkd_encryption_system\server_user_1\databases\user_1_db.db
[2025-11-28T03:53:23.011581] [INFO] Подключение к базе данных: C:\Users\Vaan\Desktop\qkd_encryption_system\server_user_1\databases\user_1_db.db
[2025-11-28T03:53:23.011581] [INFO] Подключение к базе данных: C:\Users\Vaan\Desktop\qkd_encryption_system\server_user_1\databases\user_1_db.db
[2025-11-28T03:53:23.012577] [INFO] Подключение к базе данных: C:\Users\Vaan\Desktop\qkd_encryption_system\server_user_1\databases\user_1_db.db
[2025-11-28T03:53:23.013575] [INFO] Подключение к базе данных: C:\Users\Vaan\Desktop\qkd_encryption_system\server_user_1\databases\user_1_db.db
[2025-11-28T03:53:23.013575] [INFO] Подключение к базе данных: C:\Users\Vaan\Desktop\qkd_encryption_system\server_user_1\databases\user_1_db.db
[2025-11-28T03:53:23.015570] [INFO] Подключение к базе данных: C:\Users\Vaan\Desktop\qkd_encryption_system\server_user_1\databases\user_1_db.db
[2025-11-28T03:53:23.016567] [INFO] Подключение к базе данных: C:\Users\Vaan\Desktop\qkd_encryption_system\server_user_1\databases\user_1_db.db
[2025-11-28T03:53:23.695985] [INFO] Подключение к базе данных: C:\Users\Vaan\Desktop\qkd_encryption_system\server_user_2\databases\user_2_db.db
[2025-11-28T03:53:23.695985] [INFO] Подключение к базе данных: C:\Users\Vaan\Desktop\qkd_encryption_system\server_user_2\databases\user_2_db.db
[2025-11-28T03:53:23.696983] [INFO] Подключение к базе данных: C:\Users\Vaan\Desktop\qkd_encryption_system\server_user_2\databases\user_2_db.db
[2025-11-28T03:53:23.696983] [INFO] Подключение к базе данных: C:\Users\Vaan\Desktop\qkd_encryption_system\server_user_2\databases\user_2_db.db
[2025-11-28T03:53:23.696983] [INFO] Подключение к базе данных: C:\Users\Vaan\Desktop\qkd_encryption_system\server_user_2\databases\user_2_db.db
[2025-11-28T03:53:23.697980] [INFO] Подключение к базе данных: C:\Users\Vaan\Desktop\qkd_encryption_system\server_user_2\databases\user_2_db.db
[2025-11-28T03:53:23.698977] [INFO] Подключение к базе данных: C:\Users\Vaan\Desktop\qkd_encryption_system\server_user_2\databases\user_2_db.db
[2025-11-28T03:53:40.541518] [INFO] Подключение к базе данных: C:\Users\Vaan\Desktop\qkd_encryption_system\server_user_1\databases\user_1_db.db
[2025-11-28T03:53:40.541518] [INFO] Подключение к базе данных: C:\Users\Vaan\Desktop\qkd_encryption_system\server_user_1\databases\user_1_db.db
[2025-11-28T03:53:40.541518] [INFO] Подключение к базе данных: C:\Users\Vaan\Desktop\qkd_encryption_system\server_user_1\databases\user_1_db.db
[2025-11-28T03:53:40.542515] [INFO] Подключение к базе данных: C:\Users\Vaan\Desktop\qkd_encryption_system\server_user_1\databases\user_1_db.db
[2025-11-28T03:53:40.542515] [INFO] Подключение к базе данных: C:\Users\Vaan\Desktop\qkd_encryption_system\server_user_1\databases\user_1_db.db
[2025-11-28T03:53:40.544512] [INFO] Подключение к базе данных: C:\Users\Vaan\Desktop\qkd_encryption_system\server_user_1\databases\user_1_db.db
[2025-11-28T03:53:40.544512] [INFO] Подключение к базе данных: C:\Users\Vaan\Desktop\qkd_encryption_system\server_user_1\databases\user_1_db.db
[2025-11-28T03:53:40.558472] [INFO] Подключение к базе данных: C:\Users\Vaan\Desktop\qkd_encryption_system\server_user_2\databases\user_2_db.db
[2025-11-28T03:53:40.558472] [INFO] Подключение к базе данных: C:\Users\Vaan\Desktop\qkd_encryption_system\server_user_2\databases\user_2_db.db
[2025-11-28T03:53:40.558472] [INFO] Подключение к базе данных: C:\Users\Vaan\Desktop\qkd_encryption_system\server_user_2\databases\user_2_db.db
[2025-11-28T03:53:40.559469] [INFO] Подключение к базе данных: C:\Users\Vaan\Desktop\qkd_encryption_system\server_user_2\databases\user_2_db.db
[2025-11-28T03:53:40.559469] [INFO] Подключение к базе данных: C:\Users\Vaan\Desktop\qkd_encryption_system\server_user_2\databases\user_2_db.db
[2025-11-28T03:53:40.560467] [INFO] Подключение к базе данных: C:\Users\Vaan\Desktop\qkd_encryption_system\server_user_2\databases\user_2_db.db
[2025-11-28T03:53:40.560467] [INFO] Подключение к базе данных: C:\Users\Vaan\Desktop\qkd_encryption_system\server_user_2\databases\user_2_db.db
[2025-11-28T03:53:44.059539] [INFO] Подключение к базе данных: C:\Users\Vaan\Desktop\qkd_encryption_system\server_user_1\databases\user_1_db.db
[2025-11-28T03:53:44.059539] [INFO] Подключение к базе данных: C:\Users\Vaan\Desktop\qkd_encryption_system\server_user_1\databases\user_1_db.db
[2025-11-28T03:53:44.059539] [INFO] Подключение к базе данных: C:\Users\Vaan\Desktop\qkd_encryption_system\server_user_2\databases\user_2_db.db
[2025-11-28T03:53:44.060501] [INFO] Подключение к базе данных: C:\Users\Vaan\Desktop\qkd_encryption_system\server_user_1\databases\user_1_db.db
[2025-11-28T03:53:44.060501] [INFO] Подключение к базе данных: C:\Users\Vaan\Desktop\qkd_encryption_system\server_user_2\databases\user_2_db.db
[2025-11-28T03:53:44.060501] [INFO] Подключение к базе данных: C:\Users\Vaan\Desktop\qkd_encryption_system\server_user_1\databases\user_1_db.db
[2025-11-28T03:53:44.060501] [INFO] Подключение к базе данных: C:\Users\Vaan\Desktop\qkd_encryption_system\server_user_2\databases\user_2_db.db
[2025-11-28T03:53:44.061498] [INFO] Подключение к базе данных: C:\Users\Vaan\Desktop\qkd_encryption_system\server_user_2\databases\user_2_db.db
[2025-11-28T03:53:44.061498] [INFO] Подключение к базе данных: C:\Users\Vaan\Desktop\qkd_encryption_system\server_user_1\databases\user_1_db.db
[2025-11-28T03:53:44.061498] [INFO] Подключение к базе данных: C:\Users\Vaan\Desktop\qkd_encryption_system\server_user_2\databases\user_2_db.db
[2025-11-28T03:53:44.062496] [INFO] Подключение к базе данных: C:\Users\Vaan\Desktop\qkd_encryption_system\server_user_1\databases\user_1_db.db
[2025-11-28T03:53:44.062496] [INFO] Подключение к базе данных: C:\Users\Vaan\Desktop\qkd_encryption_system\server_user_2\databases\user_2_db.db
[2025-11-28T03:53:44.062496] [INFO] Подключение к базе данных: C:\Users\Vaan\Desktop\qkd_encryption_system\server_user_1\databases\user_1_db.db
[2025-11-28T03:53:53.579813] [INFO] DEBUG: Получение тестовых сообщений для получателя: server_1
[2025-11-28T03:53:53.579813] [INFO] DEBUG: Получение тестовых сообщений для получателя: server_2
[2025-11-28T03:53:53.580811] [INFO] Подключение к базе данных: C:\Users\Vaan\Desktop\qkd_encryption_system\server_user_1\databases\user_1_db.db
[2025-11-28T03:53:53.582805] [INFO] Подключение к базе данных: C:\Users\Vaan\Desktop\qkd_encryption_system\server_user_2\databases\user_2_db.db
[2025-11-28T03:53:53.585800] [INFO] DEBUG: Найдено сообщений в БД: 2
[2025-11-28T03:53:53.585800] [INFO] DEBUG: Возвращено сообщений: 2
[2025-11-28T03:53:59.306942] [INFO] Подключение к базе данных: C:\Users\Vaan\Desktop\qkd_encryption_system\server_user_2\databases\user_2_db.db
[2025-11-28T03:53:59.306942] [INFO] Подключение к базе данных: C:\Users\Vaan\Desktop\qkd_encryption_system\server_user_2\databases\user_2_db.db
[2025-11-28T03:53:59.307937] [INFO] Подключение к базе данных: C:\Users\Vaan\Desktop\qkd_encryption_system\server_user_2\databases\user_2_db.db
[2025-11-28T03:53:59.307937] [INFO] Подключение к базе данных: C:\Users\Vaan\Desktop\qkd_encryption_system\server_user_2\databases\user_2_db.db
[2025-11-28T03:53:59.307937] [INFO] Подключение к базе данных: C:\Users\Vaan\Desktop\qkd_encryption_system\server_user_2\databases\user_2_db.db
[2025-11-28T03:53:59.309933] [INFO] Подключение к базе данных: C:\Users\Vaan\Desktop\qkd_encryption_system\server_user_2\databases\user_2_db.db
[2025-11-28T03:53:59.309933] [INFO] Подключение к базе данных: C:\Users\Vaan\Desktop\qkd_encryption_system\server_user_2\databases\user_2_db.db
[2025-11-28T03:53:59.367802] [INFO] Подключение к базе данных: C:\Users\Vaan\Desktop\qkd_encryption_system\server_user_1\databases\user_1_db.db
[2025-11-28T03:53:59.368782] [INFO] Подключение к базе данных: C:\Users\Vaan\Desktop\qkd_encryption_system\server_user_1\databases\user_1_db.db
[2025-11-28T03:53:59.370778] [INFO] Подключение к базе данных: C:\Users\Vaan\Desktop\qkd_encryption_system\server_user_1\databases\user_1_db.db
[2025-11-28T03:53:59.370778] [INFO] Подключение к базе данных: C:\Users\Vaan\Desktop\qkd_encryption_system\server_user_1\databases\user_1_db.db
[2025-11-28T03:53:59.370778] [INFO] Подключение к базе данных: C:\Users\Vaan\Desktop\qkd_encryption_system\server_user_1\databases\user_1_db.db
[2025-11-28T03:53:59.372764] [INFO] Подключение к базе данных: C:\Users\Vaan\Desktop\qkd_encryption_system\server_user_1\databases\user_1_db.db
[2025-11-28T03:53:59.372764] [INFO] Подключение к базе данных: C:\Users\Vaan\Desktop\qkd_encryption_system\server_user_1\databases\user_1_db.db
[2025-11-28T03:54:28.415780] [INFO] Подключение к базе данных: C:\Users\Vaan\Desktop\qkd_encryption_system\server_user_1\databases\user_1_db.db
[2025-11-28T03:54:28.415780] [INFO] Подключение к базе данных: C:\Users\Vaan\Desktop\qkd_encryption_system\server_user_1\databases\user_1_db.db
[2025-11-28T03:54:28.416778] [INFO] Подключение к базе данных: C:\Users\Vaan\Desktop\qkd_encryption_system\server_user_1\databases\user_1_db.db
[2025-11-28T03:54:28.416778] [INFO] Подключение к базе данных: C:\Users\Vaan\Desktop\qkd_encryption_system\server_user_1\databases\user_1_db.db
[2025-11-28T03:54:28.416778] [INFO] Подключение к базе данных: C:\Users\Vaan\Desktop\qkd_encryption_system\server_user_1\databases\user_1_db.db
[2025-11-28T03:54:28.418773] [INFO] Подключение к базе данных: C:\Users\Vaan\Desktop\qkd_encryption_system\server_user_1\databases\user_1_db.db
[2025-11-28T03:54:28.418773] [INFO] Подключение к базе данных: C:\Users\Vaan\Desktop\qkd_encryption_system\server_user_1\databases\user_1_db.db
[2025-11-28T03:54:28.425754] [INFO] Подключение к базе данных: C:\Users\Vaan\Desktop\qkd_encryption_system\server_user_2\databases\user_2_db.db
[2025-11-28T03:54:28.426751] [INFO] Подключение к базе данных: C:\Users\Vaan\Desktop\qkd_encryption_system\server_user_2\databases\user_2_db.db
[2025-11-28T03:54:28.426751] [INFO] Подключение к базе данных: C:\Users\Vaan\Desktop\qkd_encryption_system\server_user_2\databases\user_2_db.db
[2025-11-28T03:54:28.427748] [INFO] Подключение к базе данных: C:\Users\Vaan\Desktop\qkd_encryption_system\server_user_2\databases\user_2_db.db
[2025-11-28T03:54:28.427748] [INFO] Подключение к базе данных: C:\Users\Vaan\Desktop\qkd_encryption_system\server_user_2\databases\user_2_db.db
[2025-11-28T03:54:28.429743] [INFO] Подключение к базе данных: C:\Users\Vaan\Desktop\qkd_encryption_system\server_user_2\databases\user_2_db.db
[2025-11-28T03:54:28.429743] [INFO] Подключение к базе данных: C:\Users\Vaan\Desktop\qkd_encryption_system\server_user_2\databases\user_2_db.db
[2025-11-28T03:54:36.274963] [INFO] Подключение к базе данных: C:\Users\Vaan\Desktop\qkd_encryption_system\server_user_1\databases\user_1_db.db
[2025-11-28T03:54:36.274963] [INFO] Подключение к базе данных: C:\Users\Vaan\Desktop\qkd_encryption_system\server_user_1\databases\user_1_db.db
[2025-11-28T03:54:36.275960] [INFO] Подключение к базе данных: C:\Users\Vaan\Desktop\qkd_encryption_system\server_user_1\databases\user_1_db.db
[2025-11-28T03:54:36.275960] [INFO] Подключение к базе данных: C:\Users\Vaan\Desktop\qkd_encryption_system\server_user_1\databases\user_1_db.db
[2025-11-28T03:54:36.276957] [INFO] Подключение к базе данных: C:\Users\Vaan\Desktop\qkd_encryption_system\server_user_1\databases\user_1_db.db
[2025-11-28T03:54:36.277955] [INFO] Подключение к базе данных: C:\Users\Vaan\Desktop\qkd_encryption_system\server_user_1\databases\user_1_db.db
[2025-11-28T03:54:36.278952] [INFO] Подключение к базе данных: C:\Users\Vaan\Desktop\qkd_encryption_system\server_user_1\databases\user_1_db.db
[2025-11-28T03:54:36.278952] [INFO] Подключение к базе данных: C:\Users\Vaan\Desktop\qkd_encryption_system\server_user_2\databases\user_2_db.db
[2025-11-28T03:54:36.278952] [INFO] Подключение к базе данных: C:\Users\Vaan\Desktop\qkd_encryption_system\server_user_2\databases\user_2_db.db
[2025-11-28T03:54:36.279949] [INFO] Подключение к базе данных: C:\Users\Vaan\Desktop\qkd_encryption_system\server_user_2\databases\user_2_db.db
[2025-11-28T03:54:36.279949] [INFO] Подключение к базе данных: C:\Users\Vaan\Desktop\qkd_encryption_system\server_user_2\databases\user_2_db.db
[2025-11-28T03:54:36.280947] [INFO] Подключение к базе данных: C:\Users\Vaan\Desktop\qkd_encryption_system\server_user_2\databases\user_2_db.db
[2025-11-28T03:54:36.282941] [INFO] Подключение к базе данных: C:\Users\Vaan\Desktop\qkd_encryption_system\server_user_2\databases\user_2_db.db
[2025-11-28T03:54:36.282941] [INFO] Подключение к базе данных: C:\Users\Vaan\Desktop\qkd_encryption_system\server_user_2\databases\user_2_db.db
[2025-11-28T03:54:42.248350] [INFO] Подключение к базе данных: C:\Users\Vaan\Desktop\qkd_encryption_system\server_user_2\databases\user_2_db.db
[2025-11-28T03:54:42.249342] [INFO] Подключение к базе данных: C:\Users\Vaan\Desktop\qkd_encryption_system\server_user_2\databases\user_2_db.db
[2025-11-28T03:54:42.249342] [INFO] Подключение к базе данных: C:\Users\Vaan\Desktop\qkd_encryption_system\server_user_2\databases\user_2_db.db
[2025-11-28T03:54:42.249342] [INFO] Подключение к базе данных: C:\Users\Vaan\Desktop\qkd_encryption_system\server_user_2\databases\user_2_db.db
[2025-11-28T03:54:42.250339] [INFO] Подключение к базе данных: C:\Users\Vaan\Desktop\qkd_encryption_system\server_user_2\databases\user_2_db.db
[2025-11-28T03:54:42.251385] [INFO] Подключение к базе данных: C:\Users\Vaan\Desktop\qkd_encryption_system\server_user_2\databases\user_2_db.db
[2025-11-28T03:54:42.251385] [INFO] Подключение к базе данных: C:\Users\Vaan\Desktop\qkd_encryption_system\server_user_2\databases\user_2_db.db
[2025-11-28T03:54:42.281968] [INFO] Подключение к базе данных: C:\Users\Vaan\Desktop\qkd_encryption_system\server_user_1\databases\user_1_db.db
[2025-11-28T03:54:42.282963] [INFO] Подключение к базе данных: C:\Users\Vaan\Desktop\qkd_encryption_system\server_user_1\databases\user_1_db.db
[2025-11-28T03:54:42.282963] [INFO] Подключение к базе данных: C:\Users\Vaan\Desktop\qkd_encryption_system\server_user_1\databases\user_1_db.db
[2025-11-28T03:54:42.283961] [INFO] Подключение к базе данных: C:\Users\Vaan\Desktop\qkd_encryption_system\server_user_1\databases\user_1_db.db
[2025-11-28T03:54:42.283961] [INFO] Подключение к базе данных: C:\Users\Vaan\Desktop\qkd_encryption_system\server_user_1\databases\user_1_db.db
[2025-11-28T03:54:42.284959] [INFO] Подключение к базе данных: C:\Users\Vaan\Desktop\qkd_encryption_system\server_user_1\databases\user_1_db.db
[2025-11-28T03:54:42.285957] [INFO] Подключение к базе данных: C:\Users\Vaan\Desktop\qkd_encryption_system\server_user_1\databases\user_1_db.db
[2025-11-28T03:54:50.276883] [INFO] Подключение к базе данных: C:\Users\Vaan\Desktop\qkd_encryption_system\server_user_2\databases\user_2_db.db
[2025-11-28T03:54:50.276883] [INFO] Подключение к базе данных: C:\Users\Vaan\Desktop\qkd_encryption_system\server_user_2\databases\user_2_db.db
[2025-11-28T03:54:50.279051] [INFO] Подключение к базе данных: C:\Users\Vaan\Desktop\qkd_encryption_system\server_user_2\databases\user_2_db.db
[2025-11-28T03:54:50.280044] [INFO] Подключение к базе данных: C:\Users\Vaan\Desktop\qkd_encryption_system\server_user_2\databases\user_2_db.db
[2025-11-28T03:54:50.280044] [INFO] Подключение к базе данных: C:\Users\Vaan\Desktop\qkd_encryption_system\server_user_2\databases\user_2_db.db
[2025-11-28T03:54:50.281035] [INFO] Подключение к базе данных: C:\Users\Vaan\Desktop\qkd_encryption_system\server_user_2\databases\user_2_db.db
[2025-11-28T03:54:50.282033] [INFO] Подключение к базе данных: C:\Users\Vaan\Desktop\qkd_encryption_system\server_user_2\databases\user_2_db.db
[2025-11-28T03:54:50.288016] [INFO] Подключение к базе данных: C:\Users\Vaan\Desktop\qkd_encryption_system\server_user_1\databases\user_1_db.db
[2025-11-28T03:54:50.288016] [INFO] Подключение к базе данных: C:\Users\Vaan\Desktop\qkd_encryption_system\server_user_1\databases\user_1_db.db
[2025-11-28T03:54:50.289012] [INFO] Подключение к базе данных: C:\Users\Vaan\Desktop\qkd_encryption_system\server_user_1\databases\user_1_db.db
[2025-11-28T03:54:50.289012] [INFO] Подключение к базе данных: C:\Users\Vaan\Desktop\qkd_encryption_system\server_user_1\databases\user_1_db.db
[2025-11-28T03:54:50.290017] [INFO] Подключение к базе данных: C:\Users\Vaan\Desktop\qkd_encryption_system\server_user_1\databases\user_1_db.db
[2025-11-28T03:54:50.292006] [INFO] Подключение к базе данных: C:\Users\Vaan\Desktop\qkd_encryption_system\server_user_1\databases\user_1_db.db
[2025-11-28T03:54:50.292006] [INFO] Подключение к базе данных: C:\Users\Vaan\Desktop\qkd_encryption_system\server_user_1\databases\user_1_db.db
[2025-11-28T03:54:53.579955] [INFO] DEBUG: Получение тестовых сообщений для получателя: server_1
[2025-11-28T03:54:53.580953] [INFO] DEBUG: Получение тестовых сообщений для получателя: server_2
[2025-11-28T03:54:53.580953] [INFO] Подключение к базе данных: C:\Users\Vaan\Desktop\qkd_encryption_system\server_user_1\databases\user_1_db.db
[2025-11-28T03:54:53.580953] [INFO] Подключение к базе данных: C:\Users\Vaan\Desktop\qkd_encryption_system\server_user_2\databases\user_2_db.db
[2025-11-28T03:54:53.583946] [INFO] DEBUG: Найдено сообщений в БД: 2
[2025-11-28T03:54:53.584942] [INFO] DEBUG: Возвращено сообщений: 2
[2025-11-28T03:54:56.008565] [INFO] DEBUG: Получение тестовых сообщений для получателя: server_2
[2025-11-28T03:54:56.009563] [INFO] Подключение к базе данных: C:\Users\Vaan\Desktop\qkd_encryption_system\server_user_2\databases\user_2_db.db
[2025-11-28T03:54:56.010560] [INFO] DEBUG: Найдено сообщений в БД: 2
[2025-11-28T03:54:56.010560] [INFO] DEBUG: Возвращено сообщений: 2
[2025-11-28T03:54:58.147440] [INFO] DEBUG: Получение тестовых сообщений для получателя: server_1
[2025-11-28T03:54:58.148437] [INFO] Подключение к базе данных: C:\Users\Vaan\Desktop\qkd_encryption_system\server_user_1\databases\user_1_db.db
[2025-11-28T03:55:05.237918] [INFO] Подключение к базе данных: C:\Users\Vaan\Desktop\qkd_encryption_system\server_user_1\databases\user_1_db.db
[2025-11-28T03:55:05.237918] [INFO] Подключение к базе данных: C:\Users\Vaan\Desktop\qkd_encryption_system\server_user_1\databases\user_1_db.db
[2025-11-28T03:55:05.238915] [INFO] Подключение к базе данных: C:\Users\Vaan\Desktop\qkd_encryption_system\server_user_1\databases\user_1_db.db
[2025-11-28T03:55:05.239965] [INFO] Подключение к базе данных: C:\Users\Vaan\Desktop\qkd_encryption_system\server_user_1\databases\user_1_db.db
[2025-11-28T03:55:05.239965] [INFO] Подключение к базе данных: C:\Users\Vaan\Desktop\qkd_encryption_system\server_user_1\databases\user_1_db.db
[2025-11-28T03:55:05.241960] [INFO] Подключение к базе данных: C:\Users\Vaan\Desktop\qkd_encryption_system\server_user_1\databases\user_1_db.db
[2025-11-28T03:55:05.242957] [INFO] Подключение к базе данных: C:\Users\Vaan\Desktop\qkd_encryption_system\server_user_1\databases\user_1_db.db
[2025-11-28T03:55:07.276039] [INFO] Подключение к базе данных: C:\Users\Vaan\Desktop\qkd_encryption_system\server_user_1\databases\user_1_db.db
[2025-11-28T03:55:07.276039] [INFO] Подключение к базе данных: C:\Users\Vaan\Desktop\qkd_encryption_system\server_user_1\databases\user_1_db.db
[2025-11-28T03:55:07.277036] [INFO] Подключение к базе данных: C:\Users\Vaan\Desktop\qkd_encryption_system\server_user_1\databases\user_1_db.db
[2025-11-28T03:55:07.277036] [INFO] Подключение к базе данных: C:\Users\Vaan\Desktop\qkd_encryption_system\server_user_1\databases\user_1_db.db
[2025-11-28T03:55:07.278085] [INFO] Подключение к базе данных: C:\Users\Vaan\Desktop\qkd_encryption_system\server_user_1\databases\user_1_db.db
[2025-11-28T03:55:07.280081] [INFO] Подключение к базе данных: C:\Users\Vaan\Desktop\qkd_encryption_system\server_user_1\databases\user_1_db.db
[2025-11-28T03:55:07.281078] [INFO] Подключение к базе данных: C:\Users\Vaan\Desktop\qkd_encryption_system\server_user_1\databases\user_1_db.db
[2025-11-28T03:55:07.433669] [INFO] Подключение к базе данных: C:\Users\Vaan\Desktop\qkd_encryption_system\server_user_2\databases\user_2_db.db
[2025-11-28T03:55:07.434667] [INFO] Подключение к базе данных: C:\Users\Vaan\Desktop\qkd_encryption_system\server_user_2\databases\user_2_db.db
[2025-11-28T03:55:07.434667] [INFO] Подключение к базе данных: C:\Users\Vaan\Desktop\qkd_encryption_system\server_user_2\databases\user_2_db.db
[2025-11-28T03:55:07.434667] [INFO] Подключение к базе данных: C:\Users\Vaan\Desktop\qkd_encryption_system\server_user_2\databases\user_2_db.db
[2025-11-28T03:55:07.435664] [INFO] Подключение к базе данных: C:\Users\Vaan\Desktop\qkd_encryption_system\server_user_2\databases\user_2_db.db
[2025-11-28T03:55:07.437658] [INFO] Подключение к базе данных: C:\Users\Vaan\Desktop\qkd_encryption_system\server_user_2\databases\user_2_db.db
[2025-11-28T03:55:07.437658] [INFO] Подключение к базе данных: C:\Users\Vaan\Desktop\qkd_encryption_system\server_user_2\databases\user_2_db.db
[2025-11-28T03:55:07.567958] [INFO] DEBUG: Получение тестовых сообщений для получателя: server_1
[2025-11-28T03:55:07.567958] [INFO] Подключение к базе данных: C:\Users\Vaan\Desktop\qkd_encryption_system\server_user_1\databases\user_1_db.db
[2025-11-28T03:55:07.874842] [INFO] Подключение к базе данных: C:\Users\Vaan\Desktop\qkd_encryption_system\server_user_2\databases\user_2_db.db
[2025-11-28T03:55:07.874842] [INFO] Подключение к базе данных: C:\Users\Vaan\Desktop\qkd_encryption_system\server_user_2\databases\user_2_db.db
[2025-11-28T03:55:07.875805] [INFO] Подключение к базе данных: C:\Users\Vaan\Desktop\qkd_encryption_system\server_user_2\databases\user_2_db.db
[2025-11-28T03:55:07.875805] [INFO] Подключение к базе данных: C:\Users\Vaan\Desktop\qkd_encryption_system\server_user_2\databases\user_2_db.db
[2025-11-28T03:55:07.875805] [INFO] Подключение к базе данных: C:\Users\Vaan\Desktop\qkd_encryption_system\server_user_2\databases\user_2_db.db
[2025-11-28T03:55:07.876802] [INFO] Подключение к базе данных: C:\Users\Vaan\Desktop\qkd_encryption_system\server_user_2\databases\user_2_db.db
[2025-11-28T03:55:07.877874] [INFO] Подключение к базе данных: C:\Users\Vaan\Desktop\qkd_encryption_system\server_user_2\databases\user_2_db.db
[2025-11-28T03:55:07.921758] [INFO] DEBUG: Получение тестовых сообщений для получателя: server_2
[2025-11-28T03:55:07.922754] [INFO] Подключение к базе данных: C:\Users\Vaan\Desktop\qkd_encryption_system\server_user_2\databases\user_2_db.db
[2025-11-28T03:55:07.924755] [INFO] DEBUG: Найдено сообщений в БД: 2
[2025-11-28T03:55:07.925746] [INFO] DEBUG: Возвращено сообщений: 2
[2025-11-28T03:55:11.579353] [INFO] DEBUG: Получение тестовых сообщений для получателя: server_2
[2025-11-28T03:55:11.580352] [INFO] Подключение к базе данных: C:\Users\Vaan\Desktop\qkd_encryption_system\server_user_2\databases\user_2_db.db
[2025-11-28T03:55:11.582346] [INFO] DEBUG: Найдено сообщений в БД: 2
[2025-11-28T03:55:11.583343] [INFO] DEBUG: Возвращено сообщений: 2
[2025-11-28T03:55:12.579019] [INFO] DEBUG: Получение тестовых сообщений для получателя: server_1
[2025-11-28T03:55:12.581014] [INFO] Подключение к базе данных: C:\Users\Vaan\Desktop\qkd_encryption_system\server_user_1\databases\user_1_db.db
[2025-11-28T03:55:16.568826] [INFO] DEBUG: Получение тестовых сообщений для получателя: server_2
[2025-11-28T03:55:16.571822] [INFO] Подключение к базе данных: C:\Users\Vaan\Desktop\qkd_encryption_system\server_user_2\databases\user_2_db.db
[2025-11-28T03:55:16.573845] [INFO] DEBUG: Найдено сообщений в БД: 2
[2025-11-28T03:55:16.573845] [INFO] DEBUG: Возвращено сообщений: 2
[2025-11-28T03:55:18.040229] [INFO] Подключение к базе данных: C:\Users\Vaan\Desktop\qkd_encryption_system\server_user_1\databases\user_1_db.db
[2025-11-28T03:55:18.162928] [INFO] DEBUG: Получение тестовых сообщений для получателя: server_1
[2025-11-28T03:55:18.162928] [INFO] Подключение к базе данных: C:\Users\Vaan\Desktop\qkd_encryption_system\server_user_1\databases\user_1_db.db
[2025-11-28T03:55:20.388710] [INFO] DEBUG: Получение тестовых сообщений для получателя: server_1
[2025-11-28T03:55:20.389706] [INFO] Подключение к базе данных: C:\Users\Vaan\Desktop\qkd_encryption_system\server_user_1\databases\user_1_db.db
[2025-11-28T03:55:22.571226] [INFO] DEBUG: Получение тестовых сообщений для получателя: server_1
[2025-11-28T03:55:22.572221] [INFO] Подключение к базе данных: C:\Users\Vaan\Desktop\qkd_encryption_system\server_user_1\databases\user_1_db.db
[2025-11-28T03:55:23.573840] [INFO] DEBUG: Получение тестовых сообщений для получателя: server_1
[2025-11-28T03:55:23.573840] [INFO] Подключение к базе данных: C:\Users\Vaan\Desktop\qkd_encryption_system\server_user_1\databases\user_1_db.db
[2025-11-28T03:55:24.459984] [INFO] Подключение к базе данных: C:\Users\Vaan\Desktop\qkd_encryption_system\server_user_2\databases\user_2_db.db
[2025-11-28T03:55:25.562740] [INFO] DEBUG: Получение тестовых сообщений для получателя: server_2
[2025-11-28T03:55:25.563736] [INFO] Подключение к базе данных: C:\Users\Vaan\Desktop\qkd_encryption_system\server_user_2\databases\user_2_db.db
[2025-11-28T03:55:25.563736] [INFO] DEBUG: Найдено сообщений в БД: 2
[2025-11-28T03:55:25.564733] [INFO] DEBUG: Возвращено сообщений: 2
[2025-11-28T03:55:27.572660] [INFO] DEBUG: Получение тестовых сообщений для получателя: server_1
[2025-11-28T03:55:27.573657] [INFO] Подключение к базе данных: C:\Users\Vaan\Desktop\qkd_encryption_system\server_user_1\databases\user_1_db.db
[2025-11-28T03:55:28.283020] [INFO] Подключение к базе данных: C:\Users\Vaan\Desktop\qkd_encryption_system\server_user_2\databases\user_2_db.db
[2025-11-28T03:55:29.563008] [INFO] DEBUG: Получение тестовых сообщений для получателя: server_2
[2025-11-28T03:55:29.564008] [INFO] Подключение к базе данных: C:\Users\Vaan\Desktop\qkd_encryption_system\server_user_2\databases\user_2_db.db
[2025-11-28T03:55:29.564008] [INFO] DEBUG: Найдено сообщений в БД: 2
[2025-11-28T03:55:29.565004] [INFO] DEBUG: Возвращено сообщений: 2
[2025-11-28T03:55:29.731196] [INFO] Подключение к базе данных: C:\Users\Vaan\Desktop\qkd_encryption_system\server_user_1\databases\user_1_db.db
[2025-11-28T03:55:30.821287] [INFO] DEBUG: Получение тестовых сообщений для получателя: server_1
[2025-11-28T03:55:30.821287] [INFO] Подключение к базе данных: C:\Users\Vaan\Desktop\qkd_encryption_system\server_user_1\databases\user_1_db.db
[2025-11-28T03:55:45.195879] [INFO] Подключение к базе данных: C:\Users\Vaan\Desktop\qkd_encryption_system\server_user_1\databases\user_1_db.db
[2025-11-28T03:55:45.195879] [INFO] Подключение к базе данных: C:\Users\Vaan\Desktop\qkd_encryption_system\server_user_1\databases\user_1_db.db
[2025-11-28T03:55:45.196876] [INFO] Подключение к базе данных: C:\Users\Vaan\Desktop\qkd_encryption_system\server_user_1\databases\user_1_db.db
[2025-11-28T03:55:45.196876] [INFO] Подключение к базе данных: C:\Users\Vaan\Desktop\qkd_encryption_system\server_user_1\databases\user_1_db.db
[2025-11-28T03:55:45.196876] [INFO] Подключение к базе данных: C:\Users\Vaan\Desktop\qkd_encryption_system\server_user_1\databases\user_1_db.db
[2025-11-28T03:55:45.197874] [INFO] Подключение к базе данных: C:\Users\Vaan\Desktop\qkd_encryption_system\server_user_1\databases\user_1_db.db
[2025-11-28T03:55:45.198871] [INFO] Подключение к базе данных: C:\Users\Vaan\Desktop\qkd_encryption_system\server_user_1\databases\user_1_db.db
[2025-11-28T03:55:45.565287] [INFO] Подключение к базе данных: C:\Users\Vaan\Desktop\qkd_encryption_system\server_user_1\databases\user_1_db.db
[2025-11-28T03:55:45.566285] [INFO] Подключение к базе данных: C:\Users\Vaan\Desktop\qkd_encryption_system\server_user_1\databases\user_1_db.db
[2025-11-28T03:55:45.566285] [INFO] Подключение к базе данных: C:\Users\Vaan\Desktop\qkd_encryption_system\server_user_1\databases\user_1_db.db
[2025-11-28T03:55:45.566285] [INFO] Подключение к базе данных: C:\Users\Vaan\Desktop\qkd_encryption_system\server_user_1\databases\user_1_db.db
[2025-11-28T03:55:45.567249] [INFO] Подключение к базе данных: C:\Users\Vaan\Desktop\qkd_encryption_system\server_user_1\databases\user_1_db.db
[2025-11-28T03:55:45.568284] [INFO] Подключение к базе данных: C:\Users\Vaan\Desktop\qkd_encryption_system\server_user_1\databases\user_1_db.db
[2025-11-28T03:55:45.568387] [INFO] Подключение к базе данных: C:\Users\Vaan\Desktop\qkd_encryption_system\server_user_1\databases\user_1_db.db
[2025-11-28T03:55:47.692369] [INFO] Подключение к базе данных: C:\Users\Vaan\Desktop\qkd_encryption_system\server_user_2\databases\user_2_db.db
[2025-11-28T03:55:47.705335] [INFO] Подключение к базе данных: C:\Users\Vaan\Desktop\qkd_encryption_system\server_user_2\databases\user_2_db.db
[2025-11-28T03:55:47.708327] [INFO] Подключение к базе данных: C:\Users\Vaan\Desktop\qkd_encryption_system\server_user_2\databases\user_2_db.db
[2025-11-28T03:55:47.711319] [INFO] Подключение к базе данных: C:\Users\Vaan\Desktop\qkd_encryption_system\server_user_2\databases\user_2_db.db
[2025-11-28T03:55:47.713314] [INFO] Подключение к базе данных: C:\Users\Vaan\Desktop\qkd_encryption_system\server_user_2\databases\user_2_db.db
[2025-11-28T03:55:47.745228] [INFO] Подключение к базе данных: C:\Users\Vaan\Desktop\qkd_encryption_system\server_user_2\databases\user_2_db.db
[2025-11-28T03:55:47.755202] [INFO] Подключение к базе данных: C:\Users\Vaan\Desktop\qkd_encryption_system\server_user_2\databases\user_2_db.db
[2025-11-28T03:55:48.610913] [INFO] Подключение к базе данных: C:\Users\Vaan\Desktop\qkd_encryption_system\server_user_2\databases\user_2_db.db
[2025-11-28T03:55:48.610913] [INFO] Подключение к базе данных: C:\Users\Vaan\Desktop\qkd_encryption_system\server_user_2\databases\user_2_db.db
[2025-11-28T03:55:48.611911] [INFO] Подключение к базе данных: C:\Users\Vaan\Desktop\qkd_encryption_system\server_user_2\databases\user_2_db.db
[2025-11-28T03:55:48.611911] [INFO] Подключение к базе данных: C:\Users\Vaan\Desktop\qkd_encryption_system\server_user_2\databases\user_2_db.db
[2025-11-28T03:55:48.612907] [INFO] Подключение к базе данных: C:\Users\Vaan\Desktop\qkd_encryption_system\server_user_2\databases\user_2_db.db
[2025-11-28T03:55:48.613906] [INFO] Подключение к базе данных: C:\Users\Vaan\Desktop\qkd_encryption_system\server_user_2\databases\user_2_db.db
[2025-11-28T03:55:48.614902] [INFO] Подключение к базе данных: C:\Users\Vaan\Desktop\qkd_encryption_system\server_user_2\databases\user_2_db.db
[2025-11-28T03:55:57.574096] [INFO] Подключение к базе данных: C:\Users\Vaan\Desktop\qkd_encryption_system\server_user_1\databases\user_1_db.db
[2025-11-28T03:55:57.642914] [INFO] Подключение к базе данных: C:\Users\Vaan\Desktop\qkd_encryption_system\server_user_1\databases\user_1_db.db
[2025-11-28T03:55:59.025237] [INFO] DEBUG: Получение тестовых сообщений для получателя: server_1
[2025-11-28T03:55:59.026237] [INFO] Подключение к базе данных: C:\Users\Vaan\Desktop\qkd_encryption_system\server_user_1\databases\user_1_db.db
[2025-11-28T03:55:59.102012] [INFO] DEBUG: Получение тестовых сообщений для получателя: server_1
[2025-11-28T03:55:59.102012] [INFO] Подключение к базе данных: C:\Users\Vaan\Desktop\qkd_encryption_system\server_user_1\databases\user_1_db.db
[2025-11-28T03:56:04.066356] [INFO] DEBUG: Получение тестовых сообщений для получателя: server_1
[2025-11-28T03:56:04.067352] [INFO] Подключение к базе данных: C:\Users\Vaan\Desktop\qkd_encryption_system\server_user_1\databases\user_1_db.db
[2025-11-28T03:56:05.639528] [INFO] Подключение к базе данных: C:\Users\Vaan\Desktop\qkd_encryption_system\server_user_2\databases\user_2_db.db
[2025-11-28T03:56:05.727292] [INFO] Подключение к базе данных: C:\Users\Vaan\Desktop\qkd_encryption_system\server_user_2\databases\user_2_db.db
[2025-11-28T03:56:07.137045] [INFO] DEBUG: Получение тестовых сообщений для получателя: server_2
[2025-11-28T03:56:07.137045] [INFO] Подключение к базе данных: C:\Users\Vaan\Desktop\qkd_encryption_system\server_user_2\databases\user_2_db.db
[2025-11-28T03:56:07.139042] [INFO] DEBUG: Найдено сообщений в БД: 2
[2025-11-28T03:56:07.140037] [INFO] DEBUG: Возвращено сообщений: 2
[2025-11-28T03:56:07.621678] [INFO] DEBUG: Получение тестовых сообщений для получателя: server_2
[2025-11-28T03:56:07.622676] [INFO] Подключение к базе данных: C:\Users\Vaan\Desktop\qkd_encryption_system\server_user_2\databases\user_2_db.db
[2025-11-28T03:56:07.622676] [INFO] DEBUG: Найдено сообщений в БД: 2
[2025-11-28T03:56:07.623672] [INFO] DEBUG: Возвращено сообщений: 2
[2025-11-28T03:56:08.568291] [INFO] DEBUG: Получение тестовых сообщений для получателя: server_1
[2025-11-28T03:56:08.569289] [INFO] Подключение к базе данных: C:\Users\Vaan\Desktop\qkd_encryption_system\server_user_1\databases\user_1_db.db
[2025-11-28T03:56:08.763947] [INFO] Подключение к базе данных: C:\Users\Vaan\Desktop\qkd_encryption_system\server_user_2\databases\user_2_db.db
[2025-11-28T03:56:10.566914] [INFO] DEBUG: Получение тестовых сообщений для получателя: server_2
[2025-11-28T03:56:10.567425] [INFO] Подключение к базе данных: C:\Users\Vaan\Desktop\qkd_encryption_system\server_user_2\databases\user_2_db.db
[2025-11-28T03:56:10.568421] [INFO] DEBUG: Найдено сообщений в БД: 2
[2025-11-28T03:56:10.568421] [INFO] DEBUG: Возвращено сообщений: 2
[2025-11-28T03:56:11.140930] [INFO] DEBUG: Получение тестовых сообщений для получателя: server_2
[2025-11-28T03:56:11.141897] [INFO] Подключение к базе данных: C:\Users\Vaan\Desktop\qkd_encryption_system\server_user_2\databases\user_2_db.db
[2025-11-28T03:56:11.143894] [INFO] DEBUG: Найдено сообщений в БД: 2
[2025-11-28T03:56:11.143894] [INFO] DEBUG: Возвращено сообщений: 2
[2025-11-28T03:56:13.603347] [INFO] DEBUG: Получение тестовых сообщений для получателя: server_1
[2025-11-28T03:56:13.609329] [INFO] Подключение к базе данных: C:\Users\Vaan\Desktop\qkd_encryption_system\server_user_1\databases\user_1_db.db
[2025-11-28T03:56:18.053111] [INFO] Подключение к базе данных: C:\Users\Vaan\Desktop\qkd_encryption_system\server_user_1\databases\user_1_db.db
[2025-11-28T03:56:18.576148] [INFO] DEBUG: Получение тестовых сообщений для получателя: server_1
[2025-11-28T03:56:18.576148] [INFO] Подключение к базе данных: C:\Users\Vaan\Desktop\qkd_encryption_system\server_user_1\databases\user_1_db.db
[2025-11-28T03:56:19.231858] [INFO] DEBUG: Получение тестовых сообщений для получателя: server_1
[2025-11-28T03:56:19.231858] [INFO] Подключение к базе данных: C:\Users\Vaan\Desktop\qkd_encryption_system\server_user_1\databases\user_1_db.db
[2025-11-28T03:56:23.572598] [INFO] DEBUG: Получение тестовых сообщений для получателя: server_1
[2025-11-28T03:56:23.574597] [INFO] DEBUG: Получение тестовых сообщений для получателя: server_1
[2025-11-28T03:56:23.574597] [INFO] Подключение к базе данных: C:\Users\Vaan\Desktop\qkd_encryption_system\server_user_1\databases\user_1_db.db
[2025-11-28T03:56:23.575594] [INFO] Подключение к базе данных: C:\Users\Vaan\Desktop\qkd_encryption_system\server_user_1\databases\user_1_db.db
[2025-11-28T03:56:23.895813] [INFO] Подключение к базе данных: C:\Users\Vaan\Desktop\qkd_encryption_system\server_user_2\databases\user_2_db.db
[2025-11-28T03:56:25.571196] [INFO] DEBUG: Получение тестовых сообщений для получателя: server_2
[2025-11-28T03:56:25.572194] [INFO] Подключение к базе данных: C:\Users\Vaan\Desktop\qkd_encryption_system\server_user_2\databases\user_2_db.db
[2025-11-28T03:56:25.572194] [INFO] DEBUG: Найдено сообщений в БД: 2
[2025-11-28T03:56:25.573201] [INFO] DEBUG: Возвращено сообщений: 2
[2025-11-28T03:56:28.236011] [INFO] DEBUG: Получение тестовых сообщений для получателя: server_1
[2025-11-28T03:56:28.237010] [INFO] Подключение к базе данных: C:\Users\Vaan\Desktop\qkd_encryption_system\server_user_1\databases\user_1_db.db
[2025-11-28T03:56:28.580529] [INFO] DEBUG: Получение тестовых сообщений для получателя: server_1
[2025-11-28T03:56:28.580529] [INFO] Подключение к базе данных: C:\Users\Vaan\Desktop\qkd_encryption_system\server_user_1\databases\user_1_db.db
[2025-11-28T03:56:29.576919] [INFO] DEBUG: Получение тестовых сообщений для получателя: server_2
[2025-11-28T03:56:29.577916] [INFO] Подключение к базе данных: C:\Users\Vaan\Desktop\qkd_encryption_system\server_user_2\databases\user_2_db.db
[2025-11-28T03:56:29.578914] [INFO] DEBUG: Найдено сообщений в БД: 2
[2025-11-28T03:56:29.579917] [INFO] DEBUG: Возвращено сообщений: 2
[2025-11-28T03:56:33.230486] [INFO] DEBUG: Получение тестовых сообщений для получателя: server_1
[2025-11-28T03:56:33.230486] [INFO] Подключение к базе данных: C:\Users\Vaan\Desktop\qkd_encryption_system\server_user_1\databases\user_1_db.db
[2025-11-28T03:56:34.568482] [INFO] DEBUG: Получение тестовых сообщений для получателя: server_2
[2025-11-28T03:56:34.569470] [INFO] Подключение к базе данных: C:\Users\Vaan\Desktop\qkd_encryption_system\server_user_2\databases\user_2_db.db
[2025-11-28T03:56:34.570468] [INFO] DEBUG: Найдено сообщений в БД: 2
[2025-11-28T03:56:34.570468] [INFO] DEBUG: Возвращено сообщений: 2
[2025-11-28T03:56:38.242148] [INFO] DEBUG: Получение тестовых сообщений для получателя: server_1
[2025-11-28T03:56:38.243147] [INFO] Подключение к базе данных: C:\Users\Vaan\Desktop\qkd_encryption_system\server_user_1\databases\user_1_db.db
[2025-11-28T03:56:39.777277] [INFO] DEBUG: Получение тестовых сообщений для получателя: server_2
[2025-11-28T03:56:39.917901] [INFO] Подключение к базе данных: C:\Users\Vaan\Desktop\qkd_encryption_system\server_user_2\databases\user_2_db.db
[2025-11-28T03:56:39.919895] [INFO] DEBUG: Найдено сообщений в БД: 2
[2025-11-28T03:56:39.920891] [INFO] DEBUG: Возвращено сообщений: 2
[2025-11-28T03:56:43.575923] [INFO] DEBUG: Получение тестовых сообщений для получателя: server_1
[2025-11-28T03:56:43.575923] [INFO] Подключение к базе данных: C:\Users\Vaan\Desktop\qkd_encryption_system\server_user_1\databases\user_1_db.db
[2025-11-28T03:56:44.212787] [INFO] DEBUG: Получение тестовых сообщений для получателя: server_2
[2025-11-28T03:56:44.213785] [INFO] Подключение к базе данных: C:\Users\Vaan\Desktop\qkd_encryption_system\server_user_2\databases\user_2_db.db
[2025-11-28T03:56:44.215780] [INFO] DEBUG: Найдено сообщений в БД: 2
[2025-11-28T03:56:44.215780] [INFO] DEBUG: Возвращено сообщений: 2
[2025-11-28T03:56:46.767011] [ERROR] Ошибка уничтожения ключа key_testA_20251128031819: no such column: destroyed_at
[2025-11-28T03:56:46.767011] [INFO] Файл дешифрован: key=key_testA_20251128031819, size=2079 байт, time=267.82мс, hash_ok=False
[2025-11-28T03:56:48.578657] [INFO] DEBUG: Получение тестовых сообщений для получателя: server_1
[2025-11-28T03:56:48.579651] [INFO] Подключение к базе данных: C:\Users\Vaan\Desktop\qkd_encryption_system\server_user_1\databases\user_1_db.db
[2025-11-28T03:56:49.212998] [INFO] DEBUG: Получение тестовых сообщений для получателя: server_2
[2025-11-28T03:56:49.212998] [INFO] Подключение к базе данных: C:\Users\Vaan\Desktop\qkd_encryption_system\server_user_2\databases\user_2_db.db
[2025-11-28T03:56:49.214996] [INFO] DEBUG: Найдено сообщений в БД: 2
[2025-11-28T03:56:49.214996] [INFO] DEBUG: Возвращено сообщений: 2
[2025-11-28T03:56:53.229836] [INFO] DEBUG: Получение тестовых сообщений для получателя: server_1
[2025-11-28T03:56:53.229836] [INFO] Подключение к базе данных: C:\Users\Vaan\Desktop\qkd_encryption_system\server_user_1\databases\user_1_db.db
[2025-11-28T03:56:54.695406] [INFO] DEBUG: Получение тестовых сообщений для получателя: server_2
[2025-11-28T03:56:54.695406] [INFO] Подключение к базе данных: C:\Users\Vaan\Desktop\qkd_encryption_system\server_user_2\databases\user_2_db.db
[2025-11-28T03:56:54.697400] [INFO] DEBUG: Найдено сообщений в БД: 2
[2025-11-28T03:56:54.697400] [INFO] DEBUG: Возвращено сообщений: 2
[2025-11-28T03:56:58.580812] [INFO] DEBUG: Получение тестовых сообщений для получателя: server_1
[2025-11-28T03:56:58.580812] [INFO] Подключение к базе данных: C:\Users\Vaan\Desktop\qkd_encryption_system\server_user_1\databases\user_1_db.db
[2025-11-28T03:56:59.580171] [INFO] DEBUG: Получение тестовых сообщений для получателя: server_2
[2025-11-28T03:56:59.581166] [INFO] Подключение к базе данных: C:\Users\Vaan\Desktop\qkd_encryption_system\server_user_2\databases\user_2_db.db
[2025-11-28T03:56:59.583161] [INFO] DEBUG: Найдено сообщений в БД: 2
[2025-11-28T03:56:59.583161] [INFO] DEBUG: Возвращено сообщений: 2
[2025-11-28T03:57:03.238774] [INFO] DEBUG: Получение тестовых сообщений для получателя: server_1
[2025-11-28T03:57:03.242765] [INFO] Подключение к базе данных: C:\Users\Vaan\Desktop\qkd_encryption_system\server_user_1\databases\user_1_db.db
[2025-11-28T03:57:04.221708] [INFO] DEBUG: Получение тестовых сообщений для получателя: server_2
[2025-11-28T03:57:04.221708] [INFO] Подключение к базе данных: C:\Users\Vaan\Desktop\qkd_encryption_system\server_user_2\databases\user_2_db.db
[2025-11-28T03:57:04.226714] [INFO] DEBUG: Найдено сообщений в БД: 2
[2025-11-28T03:57:04.227693] [INFO] DEBUG: Возвращено сообщений: 2
[2025-11-28T03:57:08.239193] [INFO] DEBUG: Получение тестовых сообщений для получателя: server_1
[2025-11-28T03:57:08.240159] [INFO] Подключение к базе данных: C:\Users\Vaan\Desktop\qkd_encryption_system\server_user_1\databases\user_1_db.db
[2025-11-28T03:57:09.215454] [INFO] DEBUG: Получение тестовых сообщений для получателя: server_2
[2025-11-28T03:57:09.216452] [INFO] Подключение к базе данных: C:\Users\Vaan\Desktop\qkd_encryption_system\server_user_2\databases\user_2_db.db
[2025-11-28T03:57:09.217451] [INFO] DEBUG: Найдено сообщений в БД: 2
[2025-11-28T03:57:09.218449] [INFO] DEBUG: Возвращено сообщений: 2
[2025-11-28T03:57:13.233575] [INFO] DEBUG: Получение тестовых сообщений для получателя: server_1
[2025-11-28T03:57:13.233575] [INFO] Подключение к базе данных: C:\Users\Vaan\Desktop\qkd_encryption_system\server_user_1\databases\user_1_db.db
[2025-11-28T03:57:14.226152] [INFO] DEBUG: Получение тестовых сообщений для получателя: server_2
[2025-11-28T03:57:14.226152] [INFO] Подключение к базе данных: C:\Users\Vaan\Desktop\qkd_encryption_system\server_user_2\databases\user_2_db.db
[2025-11-28T03:57:14.228138] [INFO] DEBUG: Найдено сообщений в БД: 2
[2025-11-28T03:57:14.229128] [INFO] DEBUG: Возвращено сообщений: 2
[2025-11-28T03:57:16.588509] [INFO] Генерация тестовой последовательности. QBER: 2.0%
[2025-11-28T03:57:18.233678] [INFO] DEBUG: Получение тестовых сообщений для получателя: server_1
[2025-11-28T03:57:18.233678] [INFO] Подключение к базе данных: C:\Users\Vaan\Desktop\qkd_encryption_system\server_user_1\databases\user_1_db.db
[2025-11-28T03:57:19.222989] [INFO] DEBUG: Получение тестовых сообщений для получателя: server_2
[2025-11-28T03:57:19.223794] [INFO] Подключение к базе данных: C:\Users\Vaan\Desktop\qkd_encryption_system\server_user_2\databases\user_2_db.db
[2025-11-28T03:57:19.224794] [INFO] DEBUG: Найдено сообщений в БД: 2
[2025-11-28T03:57:19.225795] [INFO] DEBUG: Возвращено сообщений: 2
[2025-11-28T03:57:23.230812] [INFO] DEBUG: Получение тестовых сообщений для получателя: server_1
[2025-11-28T03:57:23.230812] [INFO] Подключение к базе данных: C:\Users\Vaan\Desktop\qkd_encryption_system\server_user_1\databases\user_1_db.db
[2025-11-28T03:57:24.219383] [INFO] DEBUG: Получение тестовых сообщений для получателя: server_2
[2025-11-28T03:57:24.220351] [INFO] Подключение к базе данных: C:\Users\Vaan\Desktop\qkd_encryption_system\server_user_2\databases\user_2_db.db
[2025-11-28T03:57:24.222345] [INFO] DEBUG: Найдено сообщений в БД: 2
[2025-11-28T03:57:24.222345] [INFO] DEBUG: Возвращено сообщений: 2
[2025-11-28T03:57:28.231324] [INFO] DEBUG: Получение тестовых сообщений для получателя: server_1
[2025-11-28T03:57:28.232320] [INFO] Подключение к базе данных: C:\Users\Vaan\Desktop\qkd_encryption_system\server_user_1\databases\user_1_db.db
[2025-11-28T03:57:29.223823] [INFO] DEBUG: Получение тестовых сообщений для получателя: server_2
[2025-11-28T03:57:29.224821] [INFO] Подключение к базе данных: C:\Users\Vaan\Desktop\qkd_encryption_system\server_user_2\databases\user_2_db.db
[2025-11-28T03:57:29.225828] [INFO] DEBUG: Найдено сообщений в БД: 2
[2025-11-28T03:57:29.226814] [INFO] DEBUG: Возвращено сообщений: 2
[2025-11-28T03:57:33.229986] [INFO] DEBUG: Получение тестовых сообщений для получателя: server_1
[2025-11-28T03:57:33.230983] [INFO] Подключение к базе данных: C:\Users\Vaan\Desktop\qkd_encryption_system\server_user_1\databases\user_1_db.db
[2025-11-28T03:57:34.221411] [INFO] DEBUG: Получение тестовых сообщений для получателя: server_2
[2025-11-28T03:57:34.222409] [INFO] Подключение к базе данных: C:\Users\Vaan\Desktop\qkd_encryption_system\server_user_2\databases\user_2_db.db
[2025-11-28T03:57:34.224402] [INFO] DEBUG: Найдено сообщений в БД: 2
[2025-11-28T03:57:34.226400] [INFO] DEBUG: Возвращено сообщений: 2
[2025-11-28T03:57:38.240897] [INFO] DEBUG: Получение тестовых сообщений для получателя: server_1
[2025-11-28T03:57:38.241892] [INFO] Подключение к базе данных: C:\Users\Vaan\Desktop\qkd_encryption_system\server_user_1\databases\user_1_db.db
[2025-11-28T03:57:39.219338] [INFO] DEBUG: Получение тестовых сообщений для получателя: server_2
[2025-11-28T03:57:39.220335] [INFO] Подключение к базе данных: C:\Users\Vaan\Desktop\qkd_encryption_system\server_user_2\databases\user_2_db.db
[2025-11-28T03:57:39.222578] [INFO] DEBUG: Найдено сообщений в БД: 2
[2025-11-28T03:57:39.222578] [INFO] DEBUG: Возвращено сообщений: 2
[2025-11-28T03:57:42.435483] [DEBUG] Блок 1/1: исправлено 0 ошибок, время 0.5мс
[2025-11-28T03:57:42.435483] [INFO] Восстановление ключа testB_20251128035719: 100.0% блоков верифицировано, 0 ошибок исправлено, время 2.0мс, хэш совпадает
[2025-11-28T03:57:42.435483] [INFO] Подключение к базе данных: C:\Users\Vaan\Desktop\qkd_encryption_system\server_user_2\databases\user_2_db.db
[2025-11-28T03:57:42.444650] [INFO] Ключ key_testB_20251128035719 сохранён в защищённое хранилище
[2025-11-28T03:57:42.448641] [INFO] Ключ key_testB_20251128035719 сохранён в защищённое хранилище
[2025-11-28T03:57:43.241308] [INFO] DEBUG: Получение тестовых сообщений для получателя: server_1
[2025-11-28T03:57:43.242280] [INFO] Подключение к базе данных: C:\Users\Vaan\Desktop\qkd_encryption_system\server_user_1\databases\user_1_db.db
[2025-11-28T03:57:44.220729] [INFO] DEBUG: Получение тестовых сообщений для получателя: server_2
[2025-11-28T03:57:44.220729] [INFO] Подключение к базе данных: C:\Users\Vaan\Desktop\qkd_encryption_system\server_user_2\databases\user_2_db.db
[2025-11-28T03:57:44.223725] [INFO] DEBUG: Найдено сообщений в БД: 2
[2025-11-28T03:57:44.223725] [INFO] DEBUG: Возвращено сообщений: 2
[2025-11-28T03:57:44.478786] [INFO] Подключение к базе данных: C:\Users\Vaan\Desktop\qkd_encryption_system\server_user_1\databases\user_1_db.db
[2025-11-28T03:57:44.493734] [INFO] Ключ key_testB_20251128035719 сохранён в защищённое хранилище
[2025-11-28T03:57:44.498744] [INFO] Ключ key_testB_20251128035719 сохранён в защищённое хранилище
[2025-11-28T03:57:46.607503] [INFO] Подключение к базе данных: C:\Users\Vaan\Desktop\qkd_encryption_system\server_user_2\databases\user_2_db.db
[2025-11-28T03:57:47.639266] [INFO] DEBUG: Получение тестовых сообщений для получателя: server_2
[2025-11-28T03:57:47.640263] [INFO] Подключение к базе данных: C:\Users\Vaan\Desktop\qkd_encryption_system\server_user_2\databases\user_2_db.db
[2025-11-28T03:57:47.640263] [INFO] DEBUG: Найдено сообщений в БД: 2
[2025-11-28T03:57:47.641261] [INFO] DEBUG: Возвращено сообщений: 2
[2025-11-28T03:57:48.233244] [INFO] DEBUG: Получение тестовых сообщений для получателя: server_1
[2025-11-28T03:57:48.233244] [INFO] Подключение к базе данных: C:\Users\Vaan\Desktop\qkd_encryption_system\server_user_1\databases\user_1_db.db
[2025-11-28T03:57:51.635621] [INFO] DEBUG: Получение тестовых сообщений для получателя: server_2
[2025-11-28T03:57:51.636583] [INFO] Подключение к базе данных: C:\Users\Vaan\Desktop\qkd_encryption_system\server_user_2\databases\user_2_db.db
[2025-11-28T03:57:51.637580] [INFO] DEBUG: Найдено сообщений в БД: 2
[2025-11-28T03:57:51.641249] [INFO] DEBUG: Возвращено сообщений: 2
[2025-11-28T03:57:53.241798] [INFO] DEBUG: Получение тестовых сообщений для получателя: server_1
[2025-11-28T03:57:53.242765] [INFO] Подключение к базе данных: C:\Users\Vaan\Desktop\qkd_encryption_system\server_user_1\databases\user_1_db.db
[2025-11-28T03:57:56.641210] [INFO] DEBUG: Получение тестовых сообщений для получателя: server_2
[2025-11-28T03:57:56.642206] [INFO] Подключение к базе данных: C:\Users\Vaan\Desktop\qkd_encryption_system\server_user_2\databases\user_2_db.db
[2025-11-28T03:57:56.643203] [INFO] DEBUG: Найдено сообщений в БД: 2
[2025-11-28T03:57:56.644201] [INFO] DEBUG: Возвращено сообщений: 2
[2025-11-28T03:57:58.233289] [INFO] DEBUG: Получение тестовых сообщений для получателя: server_1
[2025-11-28T03:57:58.235280] [INFO] Подключение к базе данных: C:\Users\Vaan\Desktop\qkd_encryption_system\server_user_1\databases\user_1_db.db
[2025-11-28T03:57:59.296001] [INFO] Ключ key_testB_20251128035719 помечен как использованный пользователем 4
[2025-11-28T03:57:59.302985] [INFO] Файл зашифрован: туториал cursor free vip.txt, key=key_testB_20251128035719, size=2079 байт, time=297.38мс
[2025-11-28T03:58:01.393529] [INFO] Сохранено сообщение от Max для receiver_id=1
[2025-11-28T03:58:01.398388] [INFO] Сохранено сообщение от Max для receiver_id=2
[2025-11-28T03:58:01.401810] [INFO] Сохранено сообщение от Max для receiver_id=4
[2025-11-28T03:58:01.401810] [INFO] Получено зашифрованное сообщение от Max (key=key_testB_20251128035719)
[2025-11-28T03:58:02.958713] [INFO] DEBUG: Получение тестовых сообщений для получателя: server_2
[2025-11-28T03:58:02.959708] [INFO] Подключение к базе данных: C:\Users\Vaan\Desktop\qkd_encryption_system\server_user_2\databases\user_2_db.db
[2025-11-28T03:58:02.962703] [INFO] DEBUG: Найдено сообщений в БД: 2
[2025-11-28T03:58:02.962703] [INFO] DEBUG: Возвращено сообщений: 2
[2025-11-28T03:58:03.240588] [INFO] DEBUG: Получение тестовых сообщений для получателя: server_1
[2025-11-28T03:58:03.240588] [INFO] Подключение к базе данных: C:\Users\Vaan\Desktop\qkd_encryption_system\server_user_1\databases\user_1_db.db
[2025-11-28T03:58:05.867662] [ERROR] Ошибка уничтожения ключа key_testB_20251128035719: no such column: destroyed_at
[2025-11-28T03:58:05.867662] [INFO] Файл дешифрован: key=key_testB_20251128035719, size=2079 байт, time=262.57мс, hash_ok=False
[2025-11-28T03:58:05.881668] [INFO] Скачивание файла: C:\Users\Vaan\AppData\Local\Temp\decrypted_1764291485_туториал cursor free vip.txt как туториал cursor free vip.txt
[2025-11-28T03:58:06.650806] [INFO] DEBUG: Получение тестовых сообщений для получателя: server_2
[2025-11-28T03:58:06.651798] [INFO] Подключение к базе данных: C:\Users\Vaan\Desktop\qkd_encryption_system\server_user_2\databases\user_2_db.db
[2025-11-28T03:58:06.652797] [INFO] DEBUG: Найдено сообщений в БД: 2
[2025-11-28T03:58:06.653793] [INFO] DEBUG: Возвращено сообщений: 2
[2025-11-28T03:58:08.237512] [INFO] DEBUG: Получение тестовых сообщений для получателя: server_1
[2025-11-28T03:58:08.237512] [INFO] Подключение к базе данных: C:\Users\Vaan\Desktop\qkd_encryption_system\server_user_1\databases\user_1_db.db
[2025-11-28T03:58:11.638142] [INFO] DEBUG: Получение тестовых сообщений для получателя: server_2
[2025-11-28T03:58:11.638142] [INFO] Подключение к базе данных: C:\Users\Vaan\Desktop\qkd_encryption_system\server_user_2\databases\user_2_db.db
[2025-11-28T03:58:11.640111] [INFO] DEBUG: Найдено сообщений в БД: 2
[2025-11-28T03:58:11.640111] [INFO] DEBUG: Возвращено сообщений: 2
[2025-11-28T03:58:13.238857] [INFO] DEBUG: Получение тестовых сообщений для получателя: server_1
[2025-11-28T03:58:13.239855] [INFO] Подключение к базе данных: C:\Users\Vaan\Desktop\qkd_encryption_system\server_user_1\databases\user_1_db.db
[2025-11-28T03:58:16.642102] [INFO] DEBUG: Получение тестовых сообщений для получателя: server_2
[2025-11-28T03:58:16.642102] [INFO] Подключение к базе данных: C:\Users\Vaan\Desktop\qkd_encryption_system\server_user_2\databases\user_2_db.db
[2025-11-28T03:58:16.644105] [INFO] DEBUG: Найдено сообщений в БД: 2
[2025-11-28T03:58:16.645096] [INFO] DEBUG: Возвращено сообщений: 2
[2025-11-28T03:58:18.240437] [INFO] DEBUG: Получение тестовых сообщений для получателя: server_1
[2025-11-28T03:58:18.241428] [INFO] Подключение к базе данных: C:\Users\Vaan\Desktop\qkd_encryption_system\server_user_1\databases\user_1_db.db
[2025-11-28T03:58:21.635248] [INFO] DEBUG: Получение тестовых сообщений для получателя: server_2
[2025-11-28T03:58:21.636212] [INFO] Подключение к базе данных: C:\Users\Vaan\Desktop\qkd_encryption_system\server_user_2\databases\user_2_db.db
[2025-11-28T03:58:21.636212] [INFO] DEBUG: Найдено сообщений в БД: 2
[2025-11-28T03:58:21.637210] [INFO] DEBUG: Возвращено сообщений: 2
[2025-11-28T03:58:23.229880] [INFO] DEBUG: Получение тестовых сообщений для получателя: server_1
[2025-11-28T03:58:23.230876] [INFO] Подключение к базе данных: C:\Users\Vaan\Desktop\qkd_encryption_system\server_user_1\databases\user_1_db.db
[2025-11-28T03:58:26.648687] [INFO] DEBUG: Получение тестовых сообщений для получателя: server_2
[2025-11-28T03:58:26.648687] [INFO] Подключение к базе данных: C:\Users\Vaan\Desktop\qkd_encryption_system\server_user_2\databases\user_2_db.db
[2025-11-28T03:58:26.650682] [INFO] DEBUG: Найдено сообщений в БД: 2
[2025-11-28T03:58:26.650682] [INFO] DEBUG: Возвращено сообщений: 2
[2025-11-28T03:58:28.234899] [INFO] DEBUG: Получение тестовых сообщений для получателя: server_1
[2025-11-28T03:58:28.235888] [INFO] Подключение к базе данных: C:\Users\Vaan\Desktop\qkd_encryption_system\server_user_1\databases\user_1_db.db
[2025-11-28T03:58:31.647096] [INFO] DEBUG: Получение тестовых сообщений для получателя: server_2
[2025-11-28T03:58:31.648060] [INFO] Подключение к базе данных: C:\Users\Vaan\Desktop\qkd_encryption_system\server_user_2\databases\user_2_db.db
[2025-11-28T03:58:31.649321] [INFO] DEBUG: Найдено сообщений в БД: 2
[2025-11-28T03:58:31.649321] [INFO] DEBUG: Возвращено сообщений: 2
[2025-11-28T03:58:33.241060] [INFO] DEBUG: Получение тестовых сообщений для получателя: server_1
[2025-11-28T03:58:33.242025] [INFO] Подключение к базе данных: C:\Users\Vaan\Desktop\qkd_encryption_system\server_user_1\databases\user_1_db.db
[2025-11-28T03:58:36.646268] [INFO] DEBUG: Получение тестовых сообщений для получателя: server_2
[2025-11-28T03:58:36.646268] [INFO] Подключение к базе данных: C:\Users\Vaan\Desktop\qkd_encryption_system\server_user_2\databases\user_2_db.db
[2025-11-28T03:58:36.647266] [INFO] DEBUG: Найдено сообщений в БД: 2
[2025-11-28T03:58:36.648262] [INFO] DEBUG: Возвращено сообщений: 2
[2025-11-28T03:58:38.232798] [INFO] DEBUG: Получение тестовых сообщений для получателя: server_1
[2025-11-28T03:58:38.232798] [INFO] Подключение к базе данных: C:\Users\Vaan\Desktop\qkd_encryption_system\server_user_1\databases\user_1_db.db
[2025-11-28T03:58:38.824179] [DEBUG] Блок 1/1: исправлено 0 ошибок, время 0.5мс
[2025-11-28T03:58:38.825208] [DEBUG] Блок 1/1: исправлено 0 ошибок, время 0.5мс
[2025-11-28T03:58:38.825208] [INFO] Восстановление ключа testA_20251128024519: 100.0% блоков верифицировано, 0 ошибок исправлено, время 2.7мс, хэш совпадает
[2025-11-28T03:58:38.826065] [INFO] Подключение к базе данных: C:\Users\Vaan\Desktop\qkd_encryption_system\server_user_1\databases\user_1_db.db
[2025-11-28T03:58:38.826065] [INFO] Восстановление ключа testA_20251128024519: 100.0% блоков верифицировано, 0 ошибок исправлено, время 2.2мс, хэш совпадает
[2025-11-28T03:58:38.826065] [INFO] Подключение к базе данных: C:\Users\Vaan\Desktop\qkd_encryption_system\server_user_1\databases\user_1_db.db
[2025-11-28T03:58:38.849182] [INFO] Ключ key_testA_20251128024519 сохранён в защищённое хранилище
[2025-11-28T03:58:38.854094] [INFO] Ключ key_testA_20251128024519 сохранён в защищённое хранилище
[2025-11-28T03:58:38.863917] [INFO] Ключ key_testA_20251128024519 сохранён в защищённое хранилище
[2025-11-28T03:58:38.868207] [INFO] Ключ key_testA_20251128024519 сохранён в защищённое хранилище
[2025-11-28T03:58:40.883736] [INFO] Подключение к базе данных: C:\Users\Vaan\Desktop\qkd_encryption_system\server_user_2\databases\user_2_db.db
[2025-11-28T03:58:40.884732] [INFO] Подключение к базе данных: C:\Users\Vaan\Desktop\qkd_encryption_system\server_user_2\databases\user_2_db.db
[2025-11-28T03:58:40.889720] [INFO] Ключ key_testA_20251128024519 сохранён в защищённое хранилище
[2025-11-28T03:58:40.894708] [INFO] Ключ key_testA_20251128024519 сохранён в защищённое хранилище
[2025-11-28T03:58:40.902685] [INFO] Ключ key_testA_20251128024519 сохранён в защищённое хранилище
[2025-11-28T03:58:40.907672] [INFO] Ключ key_testA_20251128024519 сохранён в защищённое хранилище
[2025-11-28T03:58:41.642185] [INFO] DEBUG: Получение тестовых сообщений для получателя: server_2
[2025-11-28T03:58:41.642185] [INFO] Подключение к базе данных: C:\Users\Vaan\Desktop\qkd_encryption_system\server_user_2\databases\user_2_db.db
[2025-11-28T03:58:41.644159] [INFO] DEBUG: Найдено сообщений в БД: 2
[2025-11-28T03:58:41.644159] [INFO] DEBUG: Возвращено сообщений: 2
[2025-11-28T03:58:43.219416] [INFO] Подключение к базе данных: C:\Users\Vaan\Desktop\qkd_encryption_system\server_user_1\databases\user_1_db.db
[2025-11-28T03:58:44.246807] [INFO] DEBUG: Получение тестовых сообщений для получателя: server_1
[2025-11-28T03:58:44.246807] [INFO] Подключение к базе данных: C:\Users\Vaan\Desktop\qkd_encryption_system\server_user_1\databases\user_1_db.db
[2025-11-28T03:58:46.640888] [INFO] DEBUG: Получение тестовых сообщений для получателя: server_2
[2025-11-28T03:58:46.641967] [INFO] Подключение к базе данных: C:\Users\Vaan\Desktop\qkd_encryption_system\server_user_2\databases\user_2_db.db
[2025-11-28T03:58:46.643974] [INFO] DEBUG: Найдено сообщений в БД: 2
[2025-11-28T03:58:46.643974] [INFO] DEBUG: Возвращено сообщений: 2
[2025-11-28T03:58:48.250161] [INFO] DEBUG: Получение тестовых сообщений для получателя: server_1
[2025-11-28T03:58:48.251157] [INFO] Подключение к базе данных: C:\Users\Vaan\Desktop\qkd_encryption_system\server_user_1\databases\user_1_db.db
[2025-11-28T03:58:51.637699] [INFO] DEBUG: Получение тестовых сообщений для получателя: server_2
[2025-11-28T03:58:51.638701] [INFO] Подключение к базе данных: C:\Users\Vaan\Desktop\qkd_encryption_system\server_user_2\databases\user_2_db.db
[2025-11-28T03:58:51.639693] [INFO] DEBUG: Найдено сообщений в БД: 2
[2025-11-28T03:58:51.639693] [INFO] DEBUG: Возвращено сообщений: 2
[2025-11-28T03:58:53.249885] [INFO] DEBUG: Получение тестовых сообщений для получателя: server_1
[2025-11-28T03:58:53.250882] [INFO] Подключение к базе данных: C:\Users\Vaan\Desktop\qkd_encryption_system\server_user_1\databases\user_1_db.db
[2025-11-28T03:58:56.646281] [INFO] DEBUG: Получение тестовых сообщений для получателя: server_2
[2025-11-28T03:58:56.647274] [INFO] Подключение к базе данных: C:\Users\Vaan\Desktop\qkd_encryption_system\server_user_2\databases\user_2_db.db
[2025-11-28T03:58:56.649270] [INFO] DEBUG: Найдено сообщений в БД: 2
[2025-11-28T03:58:56.649270] [INFO] DEBUG: Возвращено сообщений: 2
[2025-11-28T03:58:58.260617] [INFO] DEBUG: Получение тестовых сообщений для получателя: server_1
[2025-11-28T03:58:58.260617] [INFO] Подключение к базе данных: C:\Users\Vaan\Desktop\qkd_encryption_system\server_user_1\databases\user_1_db.db
[2025-11-28T03:59:01.635124] [INFO] DEBUG: Получение тестовых сообщений для получателя: server_2
[2025-11-28T03:59:01.635124] [INFO] Подключение к базе данных: C:\Users\Vaan\Desktop\qkd_encryption_system\server_user_2\databases\user_2_db.db
[2025-11-28T03:59:01.637118] [INFO] DEBUG: Найдено сообщений в БД: 2
[2025-11-28T03:59:01.638116] [INFO] DEBUG: Возвращено сообщений: 2
[2025-11-28T03:59:03.690586] [INFO] DEBUG: Получение тестовых сообщений для получателя: server_1
[2025-11-28T03:59:03.786331] [INFO] Подключение к базе данных: C:\Users\Vaan\Desktop\qkd_encryption_system\server_user_1\databases\user_1_db.db
[2025-11-28T03:59:06.642815] [INFO] DEBUG: Получение тестовых сообщений для получателя: server_2
[2025-11-28T03:59:06.643812] [INFO] Подключение к базе данных: C:\Users\Vaan\Desktop\qkd_encryption_system\server_user_2\databases\user_2_db.db
[2025-11-28T03:59:06.646804] [INFO] DEBUG: Найдено сообщений в БД: 2
[2025-11-28T03:59:06.646804] [INFO] DEBUG: Возвращено сообщений: 2
[2025-11-28T03:59:08.433849] [INFO] DEBUG: Получение тестовых сообщений для получателя: server_1
[2025-11-28T03:59:08.527600] [INFO] Подключение к базе данных: C:\Users\Vaan\Desktop\qkd_encryption_system\server_user_1\databases\user_1_db.db
[2025-11-28T03:59:11.644632] [INFO] DEBUG: Получение тестовых сообщений для получателя: server_2
[2025-11-28T03:59:11.644632] [INFO] Подключение к базе данных: C:\Users\Vaan\Desktop\qkd_encryption_system\server_user_2\databases\user_2_db.db
[2025-11-28T03:59:11.646657] [INFO] DEBUG: Найдено сообщений в БД: 2
[2025-11-28T03:59:11.646657] [INFO] DEBUG: Возвращено сообщений: 2
[2025-11-28T03:59:13.560236] [INFO] DEBUG: Получение тестовых сообщений для получателя: server_1
[2025-11-28T03:59:13.701859] [INFO] Подключение к базе данных: C:\Users\Vaan\Desktop\qkd_encryption_system\server_user_1\databases\user_1_db.db
[2025-11-28T03:59:16.641806] [INFO] DEBUG: Получение тестовых сообщений для получателя: server_2
[2025-11-28T03:59:16.642796] [INFO] Подключение к базе данных: C:\Users\Vaan\Desktop\qkd_encryption_system\server_user_2\databases\user_2_db.db
[2025-11-28T03:59:16.643796] [INFO] DEBUG: Найдено сообщений в БД: 2
[2025-11-28T03:59:16.644790] [INFO] DEBUG: Возвращено сообщений: 2
[2025-11-28T03:59:18.478924] [INFO] DEBUG: Получение тестовых сообщений для получателя: server_1
[2025-11-28T03:59:18.638465] [INFO] Подключение к базе данных: C:\Users\Vaan\Desktop\qkd_encryption_system\server_user_1\databases\user_1_db.db
[2025-11-28T03:59:21.650778] [INFO] DEBUG: Получение тестовых сообщений для получателя: server_2
[2025-11-28T03:59:21.650778] [INFO] Подключение к базе данных: C:\Users\Vaan\Desktop\qkd_encryption_system\server_user_2\databases\user_2_db.db
[2025-11-28T03:59:21.652772] [INFO] DEBUG: Найдено сообщений в БД: 2
[2025-11-28T03:59:21.652772] [INFO] DEBUG: Возвращено сообщений: 2
[2025-11-28T03:59:23.684908] [INFO] DEBUG: Получение тестовых сообщений для получателя: server_1
[2025-11-28T03:59:23.828523] [INFO] Подключение к базе данных: C:\Users\Vaan\Desktop\qkd_encryption_system\server_user_1\databases\user_1_db.db
[2025-11-28T03:59:26.649010] [INFO] DEBUG: Получение тестовых сообщений для получателя: server_2
[2025-11-28T03:59:26.650008] [INFO] Подключение к базе данных: C:\Users\Vaan\Desktop\qkd_encryption_system\server_user_2\databases\user_2_db.db
[2025-11-28T03:59:26.651006] [INFO] DEBUG: Найдено сообщений в БД: 2
[2025-11-28T03:59:26.651006] [INFO] DEBUG: Возвращено сообщений: 2
[2025-11-28T03:59:28.811254] [INFO] DEBUG: Получение тестовых сообщений для получателя: server_1
[2025-11-28T03:59:29.273577] [INFO] Подключение к базе данных: C:\Users\Vaan\Desktop\qkd_encryption_system\server_user_1\databases\user_1_db.db
[2025-11-28T03:59:31.639721] [INFO] DEBUG: Получение тестовых сообщений для получателя: server_2
[2025-11-28T03:59:31.640719] [INFO] Подключение к базе данных: C:\Users\Vaan\Desktop\qkd_encryption_system\server_user_2\databases\user_2_db.db
[2025-11-28T03:59:31.641716] [INFO] DEBUG: Найдено сообщений в БД: 2
[2025-11-28T03:59:31.642713] [INFO] DEBUG: Возвращено сообщений: 2
[2025-11-28T03:59:33.702851] [INFO] DEBUG: Получение тестовых сообщений для получателя: server_1
[2025-11-28T03:59:33.782708] [INFO] Подключение к базе данных: C:\Users\Vaan\Desktop\qkd_encryption_system\server_user_1\databases\user_1_db.db
[2025-11-28T03:59:36.647725] [INFO] DEBUG: Получение тестовых сообщений для получателя: server_2
[2025-11-28T03:59:36.648720] [INFO] Подключение к базе данных: C:\Users\Vaan\Desktop\qkd_encryption_system\server_user_2\databases\user_2_db.db
[2025-11-28T03:59:36.649722] [INFO] DEBUG: Найдено сообщений в БД: 2
[2025-11-28T03:59:36.650715] [INFO] DEBUG: Возвращено сообщений: 2
[2025-11-28T03:59:38.550988] [INFO] DEBUG: Получение тестовых сообщений для получателя: server_1
[2025-11-28T03:59:38.726667] [INFO] Подключение к базе данных: C:\Users\Vaan\Desktop\qkd_encryption_system\server_user_1\databases\user_1_db.db
[2025-11-28T03:59:41.648489] [INFO] DEBUG: Получение тестовых сообщений для получателя: server_2
[2025-11-28T03:59:41.649487] [INFO] Подключение к базе данных: C:\Users\Vaan\Desktop\qkd_encryption_system\server_user_2\databases\user_2_db.db
[2025-11-28T03:59:41.651486] [INFO] DEBUG: Найдено сообщений в БД: 2
[2025-11-28T03:59:41.652485] [INFO] DEBUG: Возвращено сообщений: 2
[2025-11-28T03:59:43.419975] [INFO] DEBUG: Получение тестовых сообщений для получателя: server_1
[2025-11-28T03:59:43.483808] [INFO] Подключение к базе данных: C:\Users\Vaan\Desktop\qkd_encryption_system\server_user_1\databases\user_1_db.db
[2025-11-28T03:59:46.650578] [INFO] DEBUG: Получение тестовых сообщений для получателя: server_2
[2025-11-28T03:59:46.651574] [INFO] Подключение к базе данных: C:\Users\Vaan\Desktop\qkd_encryption_system\server_user_2\databases\user_2_db.db
[2025-11-28T03:59:46.653571] [INFO] DEBUG: Найдено сообщений в БД: 2
[2025-11-28T03:59:46.654566] [INFO] DEBUG: Возвращено сообщений: 2
[2025-11-28T03:59:48.490545] [INFO] DEBUG: Получение тестовых сообщений для получателя: server_1
[2025-11-28T03:59:48.554377] [INFO] Подключение к базе данных: C:\Users\Vaan\Desktop\qkd_encryption_system\server_user_1\databases\user_1_db.db
[2025-11-28T03:59:51.650939] [INFO] DEBUG: Получение тестовых сообщений для получателя: server_2
[2025-11-28T03:59:51.650939] [INFO] Подключение к базе данных: C:\Users\Vaan\Desktop\qkd_encryption_system\server_user_2\databases\user_2_db.db
[2025-11-28T03:59:51.652893] [INFO] DEBUG: Найдено сообщений в БД: 2
[2025-11-28T03:59:51.652893] [INFO] DEBUG: Возвращено сообщений: 2
[2025-11-28T03:59:53.636249] [INFO] DEBUG: Получение тестовых сообщений для получателя: server_1
[2025-11-28T03:59:53.731553] [INFO] Подключение к базе данных: C:\Users\Vaan\Desktop\qkd_encryption_system\server_user_1\databases\user_1_db.db
[2025-11-28T03:59:56.650509] [INFO] DEBUG: Получение тестовых сообщений для получателя: server_2
[2025-11-28T03:59:56.651506] [INFO] Подключение к базе данных: C:\Users\Vaan\Desktop\qkd_encryption_system\server_user_2\databases\user_2_db.db
[2025-11-28T03:59:56.654498] [INFO] DEBUG: Найдено сообщений в БД: 2
[2025-11-28T03:59:56.654498] [INFO] DEBUG: Возвращено сообщений: 2
[2025-11-28T03:59:58.511801] [INFO] DEBUG: Получение тестовых сообщений для получателя: server_1
[2025-11-28T03:59:58.857869] [INFO] Подключение к базе данных: C:\Users\Vaan\Desktop\qkd_encryption_system\server_user_1\databases\user_1_db.db
[2025-11-28T04:00:01.648647] [INFO] DEBUG: Получение тестовых сообщений для получателя: server_2
[2025-11-28T04:00:01.648647] [INFO] Подключение к базе данных: C:\Users\Vaan\Desktop\qkd_encryption_system\server_user_2\databases\user_2_db.db
[2025-11-28T04:00:01.650646] [INFO] DEBUG: Найдено сообщений в БД: 2
[2025-11-28T04:00:01.651640] [INFO] DEBUG: Возвращено сообщений: 2
[2025-11-28T04:00:03.589070] [INFO] DEBUG: Получение тестовых сообщений для получателя: server_1
[2025-11-28T04:00:03.764387] [INFO] Подключение к базе данных: C:\Users\Vaan\Desktop\qkd_encryption_system\server_user_1\databases\user_1_db.db
[2025-11-28T04:00:06.639177] [INFO] DEBUG: Получение тестовых сообщений для получателя: server_2
[2025-11-28T04:00:06.640176] [INFO] Подключение к базе данных: C:\Users\Vaan\Desktop\qkd_encryption_system\server_user_2\databases\user_2_db.db
[2025-11-28T04:00:06.643166] [INFO] DEBUG: Найдено сообщений в БД: 2
[2025-11-28T04:00:06.643166] [INFO] DEBUG: Возвращено сообщений: 2
[2025-11-28T04:00:08.506975] [INFO] DEBUG: Получение тестовых сообщений для получателя: server_1
[2025-11-28T04:00:08.618675] [INFO] Подключение к базе данных: C:\Users\Vaan\Desktop\qkd_encryption_system\server_user_1\databases\user_1_db.db
[2025-11-28T04:00:11.658301] [INFO] DEBUG: Получение тестовых сообщений для получателя: server_2
[2025-11-28T04:00:11.659298] [INFO] Подключение к базе данных: C:\Users\Vaan\Desktop\qkd_encryption_system\server_user_2\databases\user_2_db.db
[2025-11-28T04:00:11.662291] [INFO] DEBUG: Найдено сообщений в БД: 2
[2025-11-28T04:00:11.663288] [INFO] DEBUG: Возвращено сообщений: 2
[2025-11-28T04:00:13.605021] [INFO] DEBUG: Получение тестовых сообщений для получателя: server_1
[2025-11-28T04:00:13.698769] [INFO] Подключение к базе данных: C:\Users\Vaan\Desktop\qkd_encryption_system\server_user_1\databases\user_1_db.db
[2025-11-28T04:00:16.648691] [INFO] DEBUG: Получение тестовых сообщений для получателя: server_2
[2025-11-28T04:00:16.649679] [INFO] Подключение к базе данных: C:\Users\Vaan\Desktop\qkd_encryption_system\server_user_2\databases\user_2_db.db
[2025-11-28T04:00:16.650675] [INFO] DEBUG: Найдено сообщений в БД: 2
[2025-11-28T04:00:16.651673] [INFO] DEBUG: Возвращено сообщений: 2
[2025-11-28T04:00:18.431772] [INFO] DEBUG: Получение тестовых сообщений для получателя: server_1
[2025-11-28T04:00:18.511558] [INFO] Подключение к базе данных: C:\Users\Vaan\Desktop\qkd_encryption_system\server_user_1\databases\user_1_db.db
[2025-11-28T04:00:21.639249] [INFO] DEBUG: Получение тестовых сообщений для получателя: server_2
[2025-11-28T04:00:21.640247] [INFO] Подключение к базе данных: C:\Users\Vaan\Desktop\qkd_encryption_system\server_user_2\databases\user_2_db.db
[2025-11-28T04:00:21.641244] [INFO] DEBUG: Найдено сообщений в БД: 2
[2025-11-28T04:00:21.642250] [INFO] DEBUG: Возвращено сообщений: 2
[2025-11-28T04:00:23.683995] [INFO] DEBUG: Получение тестовых сообщений для получателя: server_1
[2025-11-28T04:00:23.795694] [INFO] Подключение к базе данных: C:\Users\Vaan\Desktop\qkd_encryption_system\server_user_1\databases\user_1_db.db
[2025-11-28T04:00:26.649016] [INFO] DEBUG: Получение тестовых сообщений для получателя: server_2
[2025-11-28T04:00:26.650065] [INFO] Подключение к базе данных: C:\Users\Vaan\Desktop\qkd_encryption_system\server_user_2\databases\user_2_db.db
[2025-11-28T04:00:26.652060] [INFO] DEBUG: Найдено сообщений в БД: 2
[2025-11-28T04:00:26.653059] [INFO] DEBUG: Возвращено сообщений: 2
[2025-11-28T04:00:28.516008] [INFO] DEBUG: Получение тестовых сообщений для получателя: server_1
[2025-11-28T04:00:28.675251] [INFO] Подключение к базе данных: C:\Users\Vaan\Desktop\qkd_encryption_system\server_user_1\databases\user_1_db.db
[2025-11-28T04:00:31.643160] [INFO] DEBUG: Получение тестовых сообщений для получателя: server_2
[2025-11-28T04:00:31.643160] [INFO] Подключение к базе данных: C:\Users\Vaan\Desktop\qkd_encryption_system\server_user_2\databases\user_2_db.db
[2025-11-28T04:00:31.645163] [INFO] DEBUG: Найдено сообщений в БД: 2
[2025-11-28T04:00:31.646153] [INFO] DEBUG: Возвращено сообщений: 2
[2025-11-28T04:00:33.575281] [INFO] DEBUG: Получение тестовых сообщений для получателя: server_1
[2025-11-28T04:00:33.712988] [INFO] Подключение к базе данных: C:\Users\Vaan\Desktop\qkd_encryption_system\server_user_1\databases\user_1_db.db
[2025-11-28T04:00:36.647302] [INFO] DEBUG: Получение тестовых сообщений для получателя: server_2
[2025-11-28T04:00:36.647302] [INFO] Подключение к базе данных: C:\Users\Vaan\Desktop\qkd_encryption_system\server_user_2\databases\user_2_db.db
[2025-11-28T04:00:36.649282] [INFO] DEBUG: Найдено сообщений в БД: 2
[2025-11-28T04:00:36.649282] [INFO] DEBUG: Возвращено сообщений: 2
[2025-11-28T04:00:38.620953] [INFO] DEBUG: Получение тестовых сообщений для получателя: server_1
[2025-11-28T04:00:38.876270] [INFO] Подключение к базе данных: C:\Users\Vaan\Desktop\qkd_encryption_system\server_user_1\databases\user_1_db.db
[2025-11-28T04:00:41.649154] [INFO] DEBUG: Получение тестовых сообщений для получателя: server_2
[2025-11-28T04:00:41.649154] [INFO] Подключение к базе данных: C:\Users\Vaan\Desktop\qkd_encryption_system\server_user_2\databases\user_2_db.db
[2025-11-28T04:00:41.651104] [INFO] DEBUG: Найдено сообщений в БД: 2
[2025-11-28T04:00:41.651104] [INFO] DEBUG: Возвращено сообщений: 2
[2025-11-28T04:00:43.538525] [INFO] DEBUG: Получение тестовых сообщений для получателя: server_1
[2025-11-28T04:00:44.096732] [INFO] Подключение к базе данных: C:\Users\Vaan\Desktop\qkd_encryption_system\server_user_1\databases\user_1_db.db
[2025-11-28T04:00:46.647305] [INFO] DEBUG: Получение тестовых сообщений для получателя: server_2
[2025-11-28T04:00:46.648303] [INFO] Подключение к базе данных: C:\Users\Vaan\Desktop\qkd_encryption_system\server_user_2\databases\user_2_db.db
[2025-11-28T04:00:46.650300] [INFO] DEBUG: Найдено сообщений в БД: 2
[2025-11-28T04:00:46.650300] [INFO] DEBUG: Возвращено сообщений: 2
[2025-11-28T04:00:48.723114] [INFO] DEBUG: Получение тестовых сообщений для получателя: server_1
[2025-11-28T04:00:48.898650] [INFO] Подключение к базе данных: C:\Users\Vaan\Desktop\qkd_encryption_system\server_user_1\databases\user_1_db.db
[2025-11-28T04:00:51.636827] [INFO] DEBUG: Получение тестовых сообщений для получателя: server_2
[2025-11-28T04:00:51.637823] [INFO] Подключение к базе данных: C:\Users\Vaan\Desktop\qkd_encryption_system\server_user_2\databases\user_2_db.db
[2025-11-28T04:00:51.638821] [INFO] DEBUG: Найдено сообщений в БД: 2
[2025-11-28T04:00:51.639819] [INFO] DEBUG: Возвращено сообщений: 2
[2025-11-28T04:00:53.832213] [INFO] DEBUG: Получение тестовых сообщений для получателя: server_1
[2025-11-28T04:00:54.161399] [INFO] Подключение к базе данных: C:\Users\Vaan\Desktop\qkd_encryption_system\server_user_1\databases\user_1_db.db
[2025-11-28T04:00:56.645139] [INFO] DEBUG: Получение тестовых сообщений для получателя: server_2
[2025-11-28T04:00:56.647134] [INFO] Подключение к базе данных: C:\Users\Vaan\Desktop\qkd_encryption_system\server_user_2\databases\user_2_db.db
[2025-11-28T04:00:56.650126] [INFO] DEBUG: Найдено сообщений в БД: 2
[2025-11-28T04:00:56.652128] [INFO] DEBUG: Возвращено сообщений: 2
[2025-11-28T04:00:58.479203] [INFO] DEBUG: Получение тестовых сообщений для получателя: server_1
[2025-11-28T04:00:58.574693] [INFO] Подключение к базе данных: C:\Users\Vaan\Desktop\qkd_encryption_system\server_user_1\databases\user_1_db.db
[2025-11-28T04:01:01.648673] [INFO] DEBUG: Получение тестовых сообщений для получателя: server_2
[2025-11-28T04:01:01.648673] [INFO] Подключение к базе данных: C:\Users\Vaan\Desktop\qkd_encryption_system\server_user_2\databases\user_2_db.db
[2025-11-28T04:01:01.650668] [INFO] DEBUG: Найдено сообщений в БД: 2
[2025-11-28T04:01:01.651664] [INFO] DEBUG: Возвращено сообщений: 2
[2025-11-28T04:01:03.774993] [INFO] DEBUG: Получение тестовых сообщений для получателя: server_1
[2025-11-28T04:01:03.933274] [INFO] Подключение к базе данных: C:\Users\Vaan\Desktop\qkd_encryption_system\server_user_1\databases\user_1_db.db
[2025-11-28T04:01:06.644979] [INFO] DEBUG: Получение тестовых сообщений для получателя: server_2
[2025-11-28T04:01:06.645978] [INFO] Подключение к базе данных: C:\Users\Vaan\Desktop\qkd_encryption_system\server_user_2\databases\user_2_db.db
[2025-11-28T04:01:06.647972] [INFO] DEBUG: Найдено сообщений в БД: 2
[2025-11-28T04:01:06.647972] [INFO] DEBUG: Возвращено сообщений: 2
[2025-11-28T04:01:08.557357] [INFO] DEBUG: Получение тестовых сообщений для получателя: server_1
[2025-11-28T04:01:08.665179] [INFO] Подключение к базе данных: C:\Users\Vaan\Desktop\qkd_encryption_system\server_user_1\databases\user_1_db.db
[2025-11-28T04:01:11.642052] [INFO] DEBUG: Получение тестовых сообщений для получателя: server_2
[2025-11-28T04:01:11.642052] [INFO] Подключение к базе данных: C:\Users\Vaan\Desktop\qkd_encryption_system\server_user_2\databases\user_2_db.db
[2025-11-28T04:01:11.644045] [INFO] DEBUG: Найдено сообщений в БД: 2
[2025-11-28T04:01:11.644045] [INFO] DEBUG: Возвращено сообщений: 2
[2025-11-28T04:01:13.693901] [INFO] DEBUG: Получение тестовых сообщений для получателя: server_1
[2025-11-28T04:01:14.026050] [INFO] Подключение к базе данных: C:\Users\Vaan\Desktop\qkd_encryption_system\server_user_1\databases\user_1_db.db
[2025-11-28T04:01:16.641660] [INFO] DEBUG: Получение тестовых сообщений для получателя: server_2
[2025-11-28T04:01:16.641660] [INFO] Подключение к базе данных: C:\Users\Vaan\Desktop\qkd_encryption_system\server_user_2\databases\user_2_db.db
[2025-11-28T04:01:16.643654] [INFO] DEBUG: Найдено сообщений в БД: 2
[2025-11-28T04:01:16.643654] [INFO] DEBUG: Возвращено сообщений: 2
[2025-11-28T04:01:18.517502] [INFO] DEBUG: Получение тестовых сообщений для получателя: server_1
[2025-11-28T04:01:18.734918] [INFO] Подключение к базе данных: C:\Users\Vaan\Desktop\qkd_encryption_system\server_user_1\databases\user_1_db.db
[2025-11-28T04:01:21.650205] [INFO] DEBUG: Получение тестовых сообщений для получателя: server_2
[2025-11-28T04:01:21.651202] [INFO] Подключение к базе данных: C:\Users\Vaan\Desktop\qkd_encryption_system\server_user_2\databases\user_2_db.db
[2025-11-28T04:01:21.653201] [INFO] DEBUG: Найдено сообщений в БД: 2
[2025-11-28T04:01:21.653201] [INFO] DEBUG: Возвращено сообщений: 2
[2025-11-28T04:01:24.257438] [INFO] DEBUG: Получение тестовых сообщений для получателя: server_1
[2025-11-28T04:01:24.657029] [INFO] Подключение к базе данных: C:\Users\Vaan\Desktop\qkd_encryption_system\server_user_1\databases\user_1_db.db
[2025-11-28T04:01:27.574810] [INFO] DEBUG: Получение тестовых сообщений для получателя: server_2
[2025-11-28T04:01:27.575807] [INFO] Подключение к базе данных: C:\Users\Vaan\Desktop\qkd_encryption_system\server_user_2\databases\user_2_db.db
[2025-11-28T04:01:27.578864] [INFO] DEBUG: Найдено сообщений в БД: 2
[2025-11-28T04:01:27.579858] [INFO] DEBUG: Возвращено сообщений: 2
[2025-11-28T04:01:28.843150] [INFO] DEBUG: Получение тестовых сообщений для получателя: server_1
[2025-11-28T04:01:28.954892] [INFO] Подключение к базе данных: C:\Users\Vaan\Desktop\qkd_encryption_system\server_user_1\databases\user_1_db.db
[2025-11-28T04:01:32.127823] [INFO] DEBUG: Получение тестовых сообщений для получателя: server_2
[2025-11-28T04:01:32.129816] [INFO] Подключение к базе данных: C:\Users\Vaan\Desktop\qkd_encryption_system\server_user_2\databases\user_2_db.db
[2025-11-28T04:01:32.130813] [INFO] DEBUG: Найдено сообщений в БД: 2
[2025-11-28T04:01:32.131811] [INFO] DEBUG: Возвращено сообщений: 2
[2025-11-28T04:01:33.493978] [INFO] DEBUG: Получение тестовых сообщений для получателя: server_1
[2025-11-28T04:01:33.589352] [INFO] Подключение к базе данных: C:\Users\Vaan\Desktop\qkd_encryption_system\server_user_1\databases\user_1_db.db
[2025-11-28T04:01:36.638835] [INFO] DEBUG: Получение тестовых сообщений для получателя: server_2
[2025-11-28T04:01:36.638835] [INFO] Подключение к базе данных: C:\Users\Vaan\Desktop\qkd_encryption_system\server_user_2\databases\user_2_db.db
[2025-11-28T04:01:36.640828] [INFO] DEBUG: Найдено сообщений в БД: 2
[2025-11-28T04:01:36.641825] [INFO] DEBUG: Возвращено сообщений: 2
[2025-11-28T04:01:39.618535] [INFO] DEBUG: Получение тестовых сообщений для получателя: server_1
[2025-11-28T04:01:39.841426] [INFO] Подключение к базе данных: C:\Users\Vaan\Desktop\qkd_encryption_system\server_user_1\databases\user_1_db.db
[2025-11-28T04:01:41.635175] [INFO] DEBUG: Получение тестовых сообщений для получателя: server_2
[2025-11-28T04:01:41.635175] [INFO] Подключение к базе данных: C:\Users\Vaan\Desktop\qkd_encryption_system\server_user_2\databases\user_2_db.db
[2025-11-28T04:01:41.637171] [INFO] DEBUG: Найдено сообщений в БД: 2
[2025-11-28T04:01:41.642169] [INFO] DEBUG: Возвращено сообщений: 2
[2025-11-28T04:01:43.534357] [INFO] DEBUG: Получение тестовых сообщений для получателя: server_1
[2025-11-28T04:01:43.675664] [INFO] Подключение к базе данных: C:\Users\Vaan\Desktop\qkd_encryption_system\server_user_1\databases\user_1_db.db
[2025-11-28T04:01:47.566100] [INFO] DEBUG: Получение тестовых сообщений для получателя: server_2
[2025-11-28T04:01:47.567065] [INFO] Подключение к базе данных: C:\Users\Vaan\Desktop\qkd_encryption_system\server_user_2\databases\user_2_db.db
[2025-11-28T04:01:47.568062] [INFO] DEBUG: Найдено сообщений в БД: 2
[2025-11-28T04:01:47.570057] [INFO] DEBUG: Возвращено сообщений: 2
[2025-11-28T04:01:48.500802] [INFO] DEBUG: Получение тестовых сообщений для получателя: server_1
[2025-11-28T04:01:48.643786] [INFO] Подключение к базе данных: C:\Users\Vaan\Desktop\qkd_encryption_system\server_user_1\databases\user_1_db.db
[2025-11-28T04:01:52.570506] [INFO] DEBUG: Получение тестовых сообщений для получателя: server_2
[2025-11-28T04:01:52.571502] [INFO] Подключение к базе данных: C:\Users\Vaan\Desktop\qkd_encryption_system\server_user_2\databases\user_2_db.db
[2025-11-28T04:01:52.573500] [INFO] DEBUG: Найдено сообщений в БД: 2
[2025-11-28T04:01:52.573500] [INFO] DEBUG: Возвращено сообщений: 2
[2025-11-28T04:01:53.640680] [INFO] DEBUG: Получение тестовых сообщений для получателя: server_1
[2025-11-28T04:01:53.720469] [INFO] Подключение к базе данных: C:\Users\Vaan\Desktop\qkd_encryption_system\server_user_1\databases\user_1_db.db
[2025-11-28T04:01:57.578088] [INFO] DEBUG: Получение тестовых сообщений для получателя: server_2
[2025-11-28T04:01:57.579085] [INFO] Подключение к базе данных: C:\Users\Vaan\Desktop\qkd_encryption_system\server_user_2\databases\user_2_db.db
[2025-11-28T04:01:57.581079] [INFO] DEBUG: Найдено сообщений в БД: 2
[2025-11-28T04:01:57.581079] [INFO] DEBUG: Возвращено сообщений: 2
[2025-11-28T04:01:58.429397] [INFO] DEBUG: Получение тестовых сообщений для получателя: server_1
[2025-11-28T04:01:58.541216] [INFO] Подключение к базе данных: C:\Users\Vaan\Desktop\qkd_encryption_system\server_user_1\databases\user_1_db.db
[2025-11-28T04:02:02.575806] [INFO] DEBUG: Получение тестовых сообщений для получателя: server_2
[2025-11-28T04:02:02.576805] [INFO] Подключение к базе данных: C:\Users\Vaan\Desktop\qkd_encryption_system\server_user_2\databases\user_2_db.db
[2025-11-28T04:02:02.577869] [INFO] DEBUG: Найдено сообщений в БД: 2
[2025-11-28T04:02:02.578866] [INFO] DEBUG: Возвращено сообщений: 2
[2025-11-28T04:02:03.518348] [INFO] DEBUG: Получение тестовых сообщений для получателя: server_1
[2025-11-28T04:02:03.658969] [INFO] Подключение к базе данных: C:\Users\Vaan\Desktop\qkd_encryption_system\server_user_1\databases\user_1_db.db
[2025-11-28T04:02:07.565871] [INFO] DEBUG: Получение тестовых сообщений для получателя: server_2
[2025-11-28T04:02:07.565871] [INFO] Подключение к базе данных: C:\Users\Vaan\Desktop\qkd_encryption_system\server_user_2\databases\user_2_db.db
[2025-11-28T04:02:07.567871] [INFO] DEBUG: Найдено сообщений в БД: 2
[2025-11-28T04:02:07.568863] [INFO] DEBUG: Возвращено сообщений: 2
[2025-11-28T04:02:08.468228] [INFO] DEBUG: Получение тестовых сообщений для получателя: server_1
[2025-11-28T04:02:08.611571] [INFO] Подключение к базе данных: C:\Users\Vaan\Desktop\qkd_encryption_system\server_user_1\databases\user_1_db.db
[2025-11-28T04:02:12.564393] [INFO] DEBUG: Получение тестовых сообщений для получателя: server_2
[2025-11-28T04:02:12.565365] [INFO] Подключение к базе данных: C:\Users\Vaan\Desktop\qkd_encryption_system\server_user_2\databases\user_2_db.db
[2025-11-28T04:02:12.567388] [INFO] DEBUG: Найдено сообщений в БД: 2
[2025-11-28T04:02:12.567388] [INFO] DEBUG: Возвращено сообщений: 2
[2025-11-28T04:02:13.649385] [INFO] DEBUG: Получение тестовых сообщений для получателя: server_1
[2025-11-28T04:02:13.745129] [INFO] Подключение к базе данных: C:\Users\Vaan\Desktop\qkd_encryption_system\server_user_1\databases\user_1_db.db
[2025-11-28T04:02:17.571418] [INFO] DEBUG: Получение тестовых сообщений для получателя: server_2
[2025-11-28T04:02:17.572419] [INFO] Подключение к базе данных: C:\Users\Vaan\Desktop\qkd_encryption_system\server_user_2\databases\user_2_db.db
[2025-11-28T04:02:17.574444] [INFO] DEBUG: Найдено сообщений в БД: 2
[2025-11-28T04:02:17.574444] [INFO] DEBUG: Возвращено сообщений: 2
[2025-11-28T04:02:18.445559] [INFO] DEBUG: Получение тестовых сообщений для получателя: server_1
[2025-11-28T04:02:18.630400] [INFO] Подключение к базе данных: C:\Users\Vaan\Desktop\qkd_encryption_system\server_user_1\databases\user_1_db.db
[2025-11-28T04:02:22.565203] [INFO] DEBUG: Получение тестовых сообщений для получателя: server_2
[2025-11-28T04:02:22.565203] [INFO] Подключение к базе данных: C:\Users\Vaan\Desktop\qkd_encryption_system\server_user_2\databases\user_2_db.db
[2025-11-28T04:02:22.567199] [INFO] DEBUG: Найдено сообщений в БД: 2
[2025-11-28T04:02:22.567199] [INFO] DEBUG: Возвращено сообщений: 2
[2025-11-28T04:02:23.571749] [INFO] DEBUG: Получение тестовых сообщений для получателя: server_1
[2025-11-28T04:02:23.728875] [INFO] Подключение к базе данных: C:\Users\Vaan\Desktop\qkd_encryption_system\server_user_1\databases\user_1_db.db
[2025-11-28T04:02:27.580142] [INFO] DEBUG: Получение тестовых сообщений для получателя: server_2
[2025-11-28T04:02:27.581139] [INFO] Подключение к базе данных: C:\Users\Vaan\Desktop\qkd_encryption_system\server_user_2\databases\user_2_db.db
[2025-11-28T04:02:27.584163] [INFO] DEBUG: Найдено сообщений в БД: 2
[2025-11-28T04:02:27.584163] [INFO] DEBUG: Возвращено сообщений: 2
[2025-11-28T04:02:28.446185] [INFO] DEBUG: Получение тестовых сообщений для получателя: server_1
[2025-11-28T04:02:28.667747] [INFO] Подключение к базе данных: C:\Users\Vaan\Desktop\qkd_encryption_system\server_user_1\databases\user_1_db.db
[2025-11-28T04:02:32.566439] [INFO] DEBUG: Получение тестовых сообщений для получателя: server_2
[2025-11-28T04:02:32.566439] [INFO] Подключение к базе данных: C:\Users\Vaan\Desktop\qkd_encryption_system\server_user_2\databases\user_2_db.db
[2025-11-28T04:02:32.568436] [INFO] DEBUG: Найдено сообщений в БД: 2
[2025-11-28T04:02:32.568436] [INFO] DEBUG: Возвращено сообщений: 2
[2025-11-28T04:02:33.446149] [INFO] DEBUG: Получение тестовых сообщений для получателя: server_1
[2025-11-28T04:02:33.685507] [INFO] Подключение к базе данных: C:\Users\Vaan\Desktop\qkd_encryption_system\server_user_1\databases\user_1_db.db
[2025-11-28T04:02:37.573515] [INFO] DEBUG: Получение тестовых сообщений для получателя: server_2
[2025-11-28T04:02:37.575514] [INFO] Подключение к базе данных: C:\Users\Vaan\Desktop\qkd_encryption_system\server_user_2\databases\user_2_db.db
[2025-11-28T04:02:37.577510] [INFO] DEBUG: Найдено сообщений в БД: 2
[2025-11-28T04:02:37.577510] [INFO] DEBUG: Возвращено сообщений: 2
[2025-11-28T04:02:38.630764] [INFO] DEBUG: Получение тестовых сообщений для получателя: server_1
[2025-11-28T04:02:39.029932] [INFO] Подключение к базе данных: C:\Users\Vaan\Desktop\qkd_encryption_system\server_user_1\databases\user_1_db.db
[2025-11-28T04:02:43.586294] [INFO] DEBUG: Получение тестовых сообщений для получателя: server_1
[2025-11-28T04:02:43.727885] [INFO] Подключение к базе данных: C:\Users\Vaan\Desktop\qkd_encryption_system\server_user_1\databases\user_1_db.db
[2025-11-28T04:02:48.739472] [INFO] DEBUG: Получение тестовых сообщений для получателя: server_1
[2025-11-28T04:02:49.297639] [INFO] Подключение к базе данных: C:\Users\Vaan\Desktop\qkd_encryption_system\server_user_1\databases\user_1_db.db
[2025-11-28T04:02:53.516242] [INFO] DEBUG: Получение тестовых сообщений для получателя: server_1
[2025-11-28T04:02:53.566937] [INFO] DEBUG: Получение тестовых сообщений для получателя: server_2
[2025-11-28T04:02:53.568929] [INFO] Подключение к базе данных: C:\Users\Vaan\Desktop\qkd_encryption_system\server_user_2\databases\user_2_db.db
[2025-11-28T04:02:53.571988] [INFO] DEBUG: Найдено сообщений в БД: 2
[2025-11-28T04:02:53.571988] [INFO] DEBUG: Возвращено сообщений: 2
[2025-11-28T04:02:53.691725] [INFO] Подключение к базе данных: C:\Users\Vaan\Desktop\qkd_encryption_system\server_user_1\databases\user_1_db.db
[2025-11-28T04:02:58.441750] [INFO] DEBUG: Получение тестовых сообщений для получателя: server_1
[2025-11-28T04:02:58.583011] [INFO] Подключение к базе данных: C:\Users\Vaan\Desktop\qkd_encryption_system\server_user_1\databases\user_1_db.db
[2025-11-28T04:03:03.545972] [INFO] DEBUG: Получение тестовых сообщений для получателя: server_1
[2025-11-28T04:03:03.641714] [INFO] Подключение к базе данных: C:\Users\Vaan\Desktop\qkd_encryption_system\server_user_1\databases\user_1_db.db
[2025-11-28T04:03:08.823578] [INFO] DEBUG: Получение тестовых сообщений для получателя: server_1
[2025-11-28T04:03:08.935617] [INFO] Подключение к базе данных: C:\Users\Vaan\Desktop\qkd_encryption_system\server_user_1\databases\user_1_db.db
[2025-11-28T04:03:14.045693] [INFO] DEBUG: Получение тестовых сообщений для получателя: server_1
[2025-11-28T04:03:14.157395] [INFO] Подключение к базе данных: C:\Users\Vaan\Desktop\qkd_encryption_system\server_user_1\databases\user_1_db.db
[2025-11-28T04:03:19.089265] [INFO] DEBUG: Получение тестовых сообщений для получателя: server_1
[2025-11-28T04:03:19.247807] [INFO] Подключение к базе данных: C:\Users\Vaan\Desktop\qkd_encryption_system\server_user_1\databases\user_1_db.db
[2025-11-28T04:03:23.920277] [INFO] DEBUG: Получение тестовых сообщений для получателя: server_1
[2025-11-28T04:03:24.047970] [INFO] Подключение к базе данных: C:\Users\Vaan\Desktop\qkd_encryption_system\server_user_1\databases\user_1_db.db
[2025-11-28T04:03:28.943629] [INFO] DEBUG: Получение тестовых сообщений для получателя: server_1
[2025-11-28T04:03:29.082966] [INFO] Подключение к базе данных: C:\Users\Vaan\Desktop\qkd_encryption_system\server_user_1\databases\user_1_db.db
[2025-11-28T04:03:31.739531] [INFO] DEBUG: Получение тестовых сообщений для получателя: server_2
[2025-11-28T04:03:31.741524] [INFO] Подключение к базе данных: C:\Users\Vaan\Desktop\qkd_encryption_system\server_user_2\databases\user_2_db.db
[2025-11-28T04:03:31.744524] [INFO] DEBUG: Найдено сообщений в БД: 2
[2025-11-28T04:03:31.745514] [INFO] DEBUG: Возвращено сообщений: 2
[2025-11-28T04:03:33.865531] [INFO] DEBUG: Получение тестовых сообщений для получателя: server_1
[2025-11-28T04:03:33.977229] [INFO] Подключение к базе данных: C:\Users\Vaan\Desktop\qkd_encryption_system\server_user_1\databases\user_1_db.db
[2025-11-28T04:03:36.760096] [INFO] DEBUG: Получение тестовых сообщений для получателя: server_2
[2025-11-28T04:03:36.760096] [INFO] Подключение к базе данных: C:\Users\Vaan\Desktop\qkd_encryption_system\server_user_2\databases\user_2_db.db
[2025-11-28T04:03:36.768049] [INFO] DEBUG: Найдено сообщений в БД: 2
[2025-11-28T04:03:36.768824] [INFO] DEBUG: Возвращено сообщений: 2
[2025-11-28T04:03:38.488549] [INFO] DEBUG: Получение тестовых сообщений для получателя: server_1
[2025-11-28T04:03:38.599923] [INFO] Подключение к базе данных: C:\Users\Vaan\Desktop\qkd_encryption_system\server_user_1\databases\user_1_db.db
[2025-11-28T04:03:41.649335] [INFO] DEBUG: Получение тестовых сообщений для получателя: server_2
[2025-11-28T04:03:41.650333] [INFO] Подключение к базе данных: C:\Users\Vaan\Desktop\qkd_encryption_system\server_user_2\databases\user_2_db.db
[2025-11-28T04:03:41.651332] [INFO] DEBUG: Найдено сообщений в БД: 2
[2025-11-28T04:03:41.651332] [INFO] DEBUG: Возвращено сообщений: 2
[2025-11-28T04:03:43.435851] [INFO] DEBUG: Получение тестовых сообщений для получателя: server_1
[2025-11-28T04:03:43.578536] [INFO] Подключение к базе данных: C:\Users\Vaan\Desktop\qkd_encryption_system\server_user_1\databases\user_1_db.db
[2025-11-28T04:03:46.643786] [INFO] DEBUG: Получение тестовых сообщений для получателя: server_2
[2025-11-28T04:03:46.644777] [INFO] Подключение к базе данных: C:\Users\Vaan\Desktop\qkd_encryption_system\server_user_2\databases\user_2_db.db
[2025-11-28T04:03:46.646776] [INFO] DEBUG: Найдено сообщений в БД: 2
[2025-11-28T04:03:46.646776] [INFO] DEBUG: Возвращено сообщений: 2
[2025-11-28T04:03:48.461120] [INFO] DEBUG: Получение тестовых сообщений для получателя: server_1
[2025-11-28T04:03:48.572822] [INFO] Подключение к базе данных: C:\Users\Vaan\Desktop\qkd_encryption_system\server_user_1\databases\user_1_db.db
[2025-11-28T04:03:51.645112] [INFO] DEBUG: Получение тестовых сообщений для получателя: server_2
[2025-11-28T04:03:51.645112] [INFO] Подключение к базе данных: C:\Users\Vaan\Desktop\qkd_encryption_system\server_user_2\databases\user_2_db.db
[2025-11-28T04:03:51.647105] [INFO] DEBUG: Найдено сообщений в БД: 2
[2025-11-28T04:03:51.648104] [INFO] DEBUG: Возвращено сообщений: 2
[2025-11-28T04:03:54.206366] [INFO] DEBUG: Получение тестовых сообщений для получателя: server_1
[2025-11-28T04:03:54.221989] [INFO] Подключение к базе данных: C:\Users\Vaan\Desktop\qkd_encryption_system\server_user_1\databases\user_1_db.db
[2025-11-28T04:04:04.785254] [INFO] Подключение к базе данных: C:\Users\Vaan\Desktop\qkd_encryption_system\server_user_1\databases\user_1_db.db
[2025-11-28T04:04:04.785254] [INFO] Подключение к базе данных: C:\Users\Vaan\Desktop\qkd_encryption_system\server_user_1\databases\user_1_db.db
[2025-11-28T04:04:04.786251] [INFO] Подключение к базе данных: C:\Users\Vaan\Desktop\qkd_encryption_system\server_user_1\databases\user_1_db.db
[2025-11-28T04:04:04.786251] [INFO] Подключение к базе данных: C:\Users\Vaan\Desktop\qkd_encryption_system\server_user_1\databases\user_1_db.db
[2025-11-28T04:04:04.786251] [INFO] Подключение к базе данных: C:\Users\Vaan\Desktop\qkd_encryption_system\server_user_1\databases\user_1_db.db
[2025-11-28T04:04:04.787248] [INFO] Подключение к базе данных: C:\Users\Vaan\Desktop\qkd_encryption_system\server_user_1\databases\user_1_db.db
[2025-11-28T04:04:04.788245] [INFO] Подключение к базе данных: C:\Users\Vaan\Desktop\qkd_encryption_system\server_user_1\databases\user_1_db.db
[2025-11-28T04:04:05.130398] [INFO] Подключение к базе данных: C:\Users\Vaan\Desktop\qkd_encryption_system\server_user_1\databases\user_1_db.db
[2025-11-28T04:04:05.131362] [INFO] Подключение к базе данных: C:\Users\Vaan\Desktop\qkd_encryption_system\server_user_1\databases\user_1_db.db
[2025-11-28T04:04:05.131362] [INFO] Подключение к базе данных: C:\Users\Vaan\Desktop\qkd_encryption_system\server_user_1\databases\user_1_db.db
[2025-11-28T04:04:05.131362] [INFO] Подключение к базе данных: C:\Users\Vaan\Desktop\qkd_encryption_system\server_user_1\databases\user_1_db.db
[2025-11-28T04:04:05.131362] [INFO] Подключение к базе данных: C:\Users\Vaan\Desktop\qkd_encryption_system\server_user_1\databases\user_1_db.db
[2025-11-28T04:04:05.133357] [INFO] Подключение к базе данных: C:\Users\Vaan\Desktop\qkd_encryption_system\server_user_1\databases\user_1_db.db
[2025-11-28T04:04:05.133357] [INFO] Подключение к базе данных: C:\Users\Vaan\Desktop\qkd_encryption_system\server_user_1\databases\user_1_db.db
[2025-11-28T04:04:16.144892] [INFO] Подключение к базе данных: C:\Users\Vaan\Desktop\qkd_encryption_system\server_user_1\databases\user_1_db.db
[2025-11-28T04:04:16.144892] [INFO] Подключение к базе данных: C:\Users\Vaan\Desktop\qkd_encryption_system\server_user_1\databases\user_1_db.db
[2025-11-28T04:04:16.144892] [INFO] Подключение к базе данных: C:\Users\Vaan\Desktop\qkd_encryption_system\server_user_1\databases\user_1_db.db
[2025-11-28T04:04:16.144892] [INFO] Подключение к базе данных: C:\Users\Vaan\Desktop\qkd_encryption_system\server_user_1\databases\user_1_db.db
[2025-11-28T04:04:16.145885] [INFO] Подключение к базе данных: C:\Users\Vaan\Desktop\qkd_encryption_system\server_user_1\databases\user_1_db.db
[2025-11-28T04:04:16.146885] [INFO] Подключение к базе данных: C:\Users\Vaan\Desktop\qkd_encryption_system\server_user_1\databases\user_1_db.db
[2025-11-28T04:04:16.146885] [INFO] Подключение к базе данных: C:\Users\Vaan\Desktop\qkd_encryption_system\server_user_1\databases\user_1_db.db
[2025-11-28T04:04:16.504016] [INFO] Подключение к базе данных: C:\Users\Vaan\Desktop\qkd_encryption_system\server_user_1\databases\user_1_db.db
[2025-11-28T04:04:16.505014] [INFO] Подключение к базе данных: C:\Users\Vaan\Desktop\qkd_encryption_system\server_user_1\databases\user_1_db.db
[2025-11-28T04:04:16.505014] [INFO] Подключение к базе данных: C:\Users\Vaan\Desktop\qkd_encryption_system\server_user_1\databases\user_1_db.db
[2025-11-28T04:04:16.505014] [INFO] Подключение к базе данных: C:\Users\Vaan\Desktop\qkd_encryption_system\server_user_1\databases\user_1_db.db
[2025-11-28T04:04:16.506009] [INFO] Подключение к базе данных: C:\Users\Vaan\Desktop\qkd_encryption_system\server_user_1\databases\user_1_db.db
[2025-11-28T04:04:16.507050] [INFO] Подключение к базе данных: C:\Users\Vaan\Desktop\qkd_encryption_system\server_user_1\databases\user_1_db.db
[2025-11-28T04:04:16.507050] [INFO] Подключение к базе данных: C:\Users\Vaan\Desktop\qkd_encryption_system\server_user_1\databases\user_1_db.db
[2025-11-28T04:04:17.839527] [INFO] Подключение к базе данных: C:\Users\Vaan\Desktop\qkd_encryption_system\server_user_2\databases\user_2_db.db
[2025-11-28T04:04:17.839527] [INFO] Подключение к базе данных: C:\Users\Vaan\Desktop\qkd_encryption_system\server_user_2\databases\user_2_db.db
[2025-11-28T04:04:17.839527] [INFO] Подключение к базе данных: C:\Users\Vaan\Desktop\qkd_encryption_system\server_user_2\databases\user_2_db.db
[2025-11-28T04:04:17.840531] [INFO] Подключение к базе данных: C:\Users\Vaan\Desktop\qkd_encryption_system\server_user_2\databases\user_2_db.db
[2025-11-28T04:04:17.840531] [INFO] Подключение к базе данных: C:\Users\Vaan\Desktop\qkd_encryption_system\server_user_2\databases\user_2_db.db
[2025-11-28T04:04:17.841521] [INFO] Подключение к базе данных: C:\Users\Vaan\Desktop\qkd_encryption_system\server_user_2\databases\user_2_db.db
[2025-11-28T04:04:17.842517] [INFO] Подключение к базе данных: C:\Users\Vaan\Desktop\qkd_encryption_system\server_user_2\databases\user_2_db.db
[2025-11-28T04:04:18.686638] [INFO] Подключение к базе данных: C:\Users\Vaan\Desktop\qkd_encryption_system\server_user_2\databases\user_2_db.db
[2025-11-28T04:04:18.686638] [INFO] Подключение к базе данных: C:\Users\Vaan\Desktop\qkd_encryption_system\server_user_2\databases\user_2_db.db
[2025-11-28T04:04:18.686638] [INFO] Подключение к базе данных: C:\Users\Vaan\Desktop\qkd_encryption_system\server_user_2\databases\user_2_db.db
[2025-11-28T04:04:18.687601] [INFO] Подключение к базе данных: C:\Users\Vaan\Desktop\qkd_encryption_system\server_user_2\databases\user_2_db.db
[2025-11-28T04:04:18.687601] [INFO] Подключение к базе данных: C:\Users\Vaan\Desktop\qkd_encryption_system\server_user_2\databases\user_2_db.db
[2025-11-28T04:04:18.688702] [INFO] Подключение к базе данных: C:\Users\Vaan\Desktop\qkd_encryption_system\server_user_2\databases\user_2_db.db
[2025-11-28T04:04:18.688702] [INFO] Подключение к базе данных: C:\Users\Vaan\Desktop\qkd_encryption_system\server_user_2\databases\user_2_db.db
[2025-11-28T04:04:18.731693] [INFO] DEBUG: Получение тестовых сообщений для получателя: server_2
[2025-11-28T04:04:18.731693] [INFO] Подключение к базе данных: C:\Users\Vaan\Desktop\qkd_encryption_system\server_user_2\databases\user_2_db.db
[2025-11-28T04:04:18.734685] [INFO] DEBUG: Найдено сообщений в БД: 2
[2025-11-28T04:04:18.734685] [INFO] DEBUG: Возвращено сообщений: 2
[2025-11-28T04:04:22.575682] [INFO] DEBUG: Получение тестовых сообщений для получателя: server_2
[2025-11-28T04:04:22.576680] [INFO] Подключение к базе данных: C:\Users\Vaan\Desktop\qkd_encryption_system\server_user_2\databases\user_2_db.db
[2025-11-28T04:04:22.577679] [INFO] DEBUG: Найдено сообщений в БД: 2
[2025-11-28T04:04:22.578679] [INFO] DEBUG: Возвращено сообщений: 2
[2025-11-28T04:04:24.679895] [INFO] Подключение к базе данных: C:\Users\Vaan\Desktop\qkd_encryption_system\server_user_2\databases\user_2_db.db
[2025-11-28T04:04:24.743724] [INFO] Подключение к базе данных: C:\Users\Vaan\Desktop\qkd_encryption_system\server_user_2\databases\user_2_db.db
[2025-11-28T04:04:25.574864] [INFO] DEBUG: Получение тестовых сообщений для получателя: server_1
[2025-11-28T04:04:25.574864] [INFO] Подключение к базе данных: C:\Users\Vaan\Desktop\qkd_encryption_system\server_user_1\databases\user_1_db.db
[2025-11-28T04:04:26.147769] [INFO] DEBUG: Получение тестовых сообщений для получателя: server_2
[2025-11-28T04:04:26.148837] [INFO] Подключение к базе данных: C:\Users\Vaan\Desktop\qkd_encryption_system\server_user_2\databases\user_2_db.db
[2025-11-28T04:04:26.148837] [INFO] DEBUG: Найдено сообщений в БД: 2
[2025-11-28T04:04:26.149846] [INFO] DEBUG: Возвращено сообщений: 2
[2025-11-28T04:04:26.153826] [INFO] DEBUG: Получение тестовых сообщений для получателя: server_2
[2025-11-28T04:04:26.153826] [INFO] Подключение к базе данных: C:\Users\Vaan\Desktop\qkd_encryption_system\server_user_2\databases\user_2_db.db
[2025-11-28T04:04:26.154871] [INFO] DEBUG: Найдено сообщений в БД: 2
[2025-11-28T04:04:26.155874] [INFO] DEBUG: Возвращено сообщений: 2
[2025-11-28T04:04:27.587019] [INFO] DEBUG: Получение тестовых сообщений для получателя: server_2
[2025-11-28T04:04:27.587019] [INFO] Подключение к базе данных: C:\Users\Vaan\Desktop\qkd_encryption_system\server_user_2\databases\user_2_db.db
[2025-11-28T04:04:27.594000] [INFO] DEBUG: Найдено сообщений в БД: 2
[2025-11-28T04:04:27.594998] [INFO] DEBUG: Возвращено сообщений: 2
[2025-11-28T04:04:28.576030] [INFO] DEBUG: Получение тестовых сообщений для получателя: server_1
[2025-11-28T04:04:28.576030] [INFO] Подключение к базе данных: C:\Users\Vaan\Desktop\qkd_encryption_system\server_user_1\databases\user_1_db.db
[2025-11-28T04:04:30.153560] [INFO] DEBUG: Получение тестовых сообщений для получателя: server_2
[2025-11-28T04:04:30.154557] [INFO] Подключение к базе данных: C:\Users\Vaan\Desktop\qkd_encryption_system\server_user_2\databases\user_2_db.db
[2025-11-28T04:04:30.159544] [INFO] DEBUG: Найдено сообщений в БД: 2
[2025-11-28T04:04:30.160541] [INFO] DEBUG: Возвращено сообщений: 2
[2025-11-28T04:04:30.170515] [INFO] DEBUG: Получение тестовых сообщений для получателя: server_2
[2025-11-28T04:04:30.171514] [INFO] Подключение к базе данных: C:\Users\Vaan\Desktop\qkd_encryption_system\server_user_2\databases\user_2_db.db
[2025-11-28T04:04:30.173509] [INFO] DEBUG: Найдено сообщений в БД: 2
[2025-11-28T04:04:30.173509] [INFO] DEBUG: Возвращено сообщений: 2
[2025-11-28T04:04:32.573032] [INFO] DEBUG: Получение тестовых сообщений для получателя: server_2
[2025-11-28T04:04:32.574030] [INFO] Подключение к базе данных: C:\Users\Vaan\Desktop\qkd_encryption_system\server_user_2\databases\user_2_db.db
[2025-11-28T04:04:32.575031] [INFO] DEBUG: Найдено сообщений в БД: 2
[2025-11-28T04:04:32.576026] [INFO] DEBUG: Возвращено сообщений: 2
[2025-11-28T04:04:32.786137] [INFO] Подключение к базе данных: C:\Users\Vaan\Desktop\qkd_encryption_system\server_user_1\databases\user_1_db.db
[2025-11-28T04:04:32.835040] [INFO] Подключение к базе данных: C:\Users\Vaan\Desktop\qkd_encryption_system\server_user_1\databases\user_1_db.db
[2025-11-28T04:04:33.574901] [INFO] DEBUG: Получение тестовых сообщений для получателя: server_1
[2025-11-28T04:04:33.574901] [INFO] Подключение к базе данных: C:\Users\Vaan\Desktop\qkd_encryption_system\server_user_1\databases\user_1_db.db
[2025-11-28T04:04:34.155881] [INFO] DEBUG: Получение тестовых сообщений для получателя: server_1
[2025-11-28T04:04:34.156923] [INFO] Подключение к базе данных: C:\Users\Vaan\Desktop\qkd_encryption_system\server_user_1\databases\user_1_db.db
[2025-11-28T04:04:34.187413] [INFO] DEBUG: Получение тестовых сообщений для получателя: server_1
[2025-11-28T04:04:34.187413] [INFO] Подключение к базе данных: C:\Users\Vaan\Desktop\qkd_encryption_system\server_user_1\databases\user_1_db.db
[2025-11-28T04:04:35.147680] [INFO] DEBUG: Получение тестовых сообщений для получателя: server_2
[2025-11-28T04:04:35.147680] [INFO] Подключение к базе данных: C:\Users\Vaan\Desktop\qkd_encryption_system\server_user_2\databases\user_2_db.db
[2025-11-28T04:04:35.148679] [INFO] DEBUG: Найдено сообщений в БД: 2
[2025-11-28T04:04:35.149713] [INFO] DEBUG: Возвращено сообщений: 2
[2025-11-28T04:04:35.157653] [INFO] DEBUG: Получение тестовых сообщений для получателя: server_2
[2025-11-28T04:04:35.158652] [INFO] Подключение к базе данных: C:\Users\Vaan\Desktop\qkd_encryption_system\server_user_2\databases\user_2_db.db
[2025-11-28T04:04:35.159648] [INFO] DEBUG: Найдено сообщений в БД: 2
[2025-11-28T04:04:35.159648] [INFO] DEBUG: Возвращено сообщений: 2
[2025-11-28T04:04:36.636867] [INFO] DEBUG: Получение тестовых сообщений для получателя: server_2
[2025-11-28T04:04:36.637863] [INFO] Подключение к базе данных: C:\Users\Vaan\Desktop\qkd_encryption_system\server_user_2\databases\user_2_db.db
[2025-11-28T04:04:36.638861] [INFO] DEBUG: Найдено сообщений в БД: 2
[2025-11-28T04:04:36.639889] [INFO] DEBUG: Возвращено сообщений: 2
[2025-11-28T04:04:38.142218] [INFO] DEBUG: Получение тестовых сообщений для получателя: server_1
[2025-11-28T04:04:38.143216] [INFO] Подключение к базе данных: C:\Users\Vaan\Desktop\qkd_encryption_system\server_user_1\databases\user_1_db.db
[2025-11-28T04:04:38.184704] [INFO] DEBUG: Получение тестовых сообщений для получателя: server_1
[2025-11-28T04:04:38.184704] [INFO] Подключение к базе данных: C:\Users\Vaan\Desktop\qkd_encryption_system\server_user_1\databases\user_1_db.db
[2025-11-28T04:04:38.564639] [INFO] DEBUG: Получение тестовых сообщений для получателя: server_1
[2025-11-28T04:04:38.565670] [INFO] Подключение к базе данных: C:\Users\Vaan\Desktop\qkd_encryption_system\server_user_1\databases\user_1_db.db
[2025-11-28T04:04:49.924201] [INFO] Подключение к базе данных: C:\Users\Vaan\Desktop\qkd_encryption_system\server_user_1\databases\user_1_db.db
[2025-11-28T04:04:50.027923] [INFO] Подключение к базе данных: C:\Users\Vaan\Desktop\qkd_encryption_system\server_user_1\databases\user_1_db.db
[2025-11-28T04:04:51.644236] [INFO] DEBUG: Получение тестовых сообщений для получателя: server_1
[2025-11-28T04:04:51.645274] [INFO] Подключение к базе данных: C:\Users\Vaan\Desktop\qkd_encryption_system\server_user_1\databases\user_1_db.db
[2025-11-28T04:04:52.570229] [INFO] DEBUG: Получение тестовых сообщений для получателя: server_1
[2025-11-28T04:04:52.571226] [INFO] Подключение к базе данных: C:\Users\Vaan\Desktop\qkd_encryption_system\server_user_1\databases\user_1_db.db
[2025-11-28T04:04:56.130803] [INFO] DEBUG: Получение тестовых сообщений для получателя: server_1
[2025-11-28T04:04:56.131800] [INFO] Подключение к базе данных: C:\Users\Vaan\Desktop\qkd_encryption_system\server_user_1\databases\user_1_db.db
[2025-11-28T04:04:56.449122] [INFO] Подключение к базе данных: C:\Users\Vaan\Desktop\qkd_encryption_system\server_user_2\databases\user_2_db.db
[2025-11-28T04:04:56.648923] [INFO] DEBUG: Получение тестовых сообщений для получателя: server_1
[2025-11-28T04:04:56.649919] [INFO] Подключение к базе данных: C:\Users\Vaan\Desktop\qkd_encryption_system\server_user_1\databases\user_1_db.db
[2025-11-28T04:04:57.114155] [INFO] DEBUG: Получение тестовых сообщений для получателя: server_1
[2025-11-28T04:04:57.116151] [INFO] Подключение к базе данных: C:\Users\Vaan\Desktop\qkd_encryption_system\server_user_1\databases\user_1_db.db
[2025-11-28T04:04:58.403446] [INFO] DEBUG: Получение тестовых сообщений для получателя: server_2
[2025-11-28T04:04:58.404417] [INFO] Подключение к базе данных: C:\Users\Vaan\Desktop\qkd_encryption_system\server_user_2\databases\user_2_db.db
[2025-11-28T04:04:58.404417] [INFO] DEBUG: Найдено сообщений в БД: 2
[2025-11-28T04:04:58.405439] [INFO] DEBUG: Возвращено сообщений: 2
[2025-11-28T04:04:58.576106] [INFO] DEBUG: Получение тестовых сообщений для получателя: server_2
[2025-11-28T04:04:58.576106] [INFO] Подключение к базе данных: C:\Users\Vaan\Desktop\qkd_encryption_system\server_user_2\databases\user_2_db.db
[2025-11-28T04:04:58.577104] [INFO] DEBUG: Получение тестовых сообщений для получателя: server_1
[2025-11-28T04:04:58.577104] [INFO] Подключение к базе данных: C:\Users\Vaan\Desktop\qkd_encryption_system\server_user_1\databases\user_1_db.db
[2025-11-28T04:04:58.578101] [INFO] DEBUG: Найдено сообщений в БД: 2
[2025-11-28T04:04:58.578101] [INFO] DEBUG: Возвращено сообщений: 2
[2025-11-28T04:04:58.584102] [INFO] DEBUG: Получение тестовых сообщений для получателя: server_2
[2025-11-28T04:04:58.585089] [INFO] Подключение к базе данных: C:\Users\Vaan\Desktop\qkd_encryption_system\server_user_2\databases\user_2_db.db
[2025-11-28T04:04:58.586081] [INFO] DEBUG: Получение тестовых сообщений для получателя: server_1
[2025-11-28T04:04:58.586081] [INFO] Подключение к базе данных: C:\Users\Vaan\Desktop\qkd_encryption_system\server_user_1\databases\user_1_db.db
[2025-11-28T04:04:58.587078] [INFO] DEBUG: Найдено сообщений в БД: 2
[2025-11-28T04:04:58.587078] [INFO] DEBUG: Возвращено сообщений: 2
[2025-11-28T04:05:01.572949] [INFO] DEBUG: Получение тестовых сообщений для получателя: server_1
[2025-11-28T04:05:01.574946] [INFO] Подключение к базе данных: C:\Users\Vaan\Desktop\qkd_encryption_system\server_user_1\databases\user_1_db.db
[2025-11-28T04:05:01.584927] [INFO] DEBUG: Получение тестовых сообщений для получателя: server_1
[2025-11-28T04:05:01.584927] [INFO] Подключение к базе данных: C:\Users\Vaan\Desktop\qkd_encryption_system\server_user_1\databases\user_1_db.db
[2025-11-28T04:05:02.403868] [INFO] DEBUG: Получение тестовых сообщений для получателя: server_2
[2025-11-28T04:05:02.404865] [INFO] Подключение к базе данных: C:\Users\Vaan\Desktop\qkd_encryption_system\server_user_2\databases\user_2_db.db
[2025-11-28T04:05:02.406903] [INFO] DEBUG: Найдено сообщений в БД: 2
[2025-11-28T04:05:02.407856] [INFO] DEBUG: Возвращено сообщений: 2
[2025-11-28T04:05:05.989140] [INFO] DEBUG: Получение тестовых сообщений для получателя: server_1
[2025-11-28T04:05:05.989140] [INFO] Подключение к базе данных: C:\Users\Vaan\Desktop\qkd_encryption_system\server_user_1\databases\user_1_db.db
[2025-11-28T04:05:06.574930] [INFO] DEBUG: Получение тестовых сообщений для получателя: server_1
[2025-11-28T04:05:06.574930] [INFO] Подключение к базе данных: C:\Users\Vaan\Desktop\qkd_encryption_system\server_user_1\databases\user_1_db.db
[2025-11-28T04:05:07.571296] [INFO] DEBUG: Получение тестовых сообщений для получателя: server_2
[2025-11-28T04:05:07.572294] [INFO] Подключение к базе данных: C:\Users\Vaan\Desktop\qkd_encryption_system\server_user_2\databases\user_2_db.db
[2025-11-28T04:05:07.573292] [INFO] DEBUG: Найдено сообщений в БД: 2
[2025-11-28T04:05:07.574292] [INFO] DEBUG: Возвращено сообщений: 2
[2025-11-28T04:05:11.571780] [INFO] DEBUG: Получение тестовых сообщений для получателя: server_1
[2025-11-28T04:05:11.572504] [INFO] Подключение к базе данных: C:\Users\Vaan\Desktop\qkd_encryption_system\server_user_1\databases\user_1_db.db
[2025-11-28T04:05:12.485155] [INFO] DEBUG: Получение тестовых сообщений для получателя: server_2
[2025-11-28T04:05:12.486152] [INFO] Подключение к базе данных: C:\Users\Vaan\Desktop\qkd_encryption_system\server_user_2\databases\user_2_db.db
[2025-11-28T04:05:12.488147] [INFO] DEBUG: Найдено сообщений в БД: 2
[2025-11-28T04:05:12.489144] [INFO] DEBUG: Возвращено сообщений: 2
[2025-11-28T04:05:16.578762] [INFO] DEBUG: Получение тестовых сообщений для получателя: server_1
[2025-11-28T04:05:16.579759] [INFO] Подключение к базе данных: C:\Users\Vaan\Desktop\qkd_encryption_system\server_user_1\databases\user_1_db.db
[2025-11-28T04:05:17.401248] [INFO] DEBUG: Получение тестовых сообщений для получателя: server_2
[2025-11-28T04:05:17.402243] [INFO] Подключение к базе данных: C:\Users\Vaan\Desktop\qkd_encryption_system\server_user_2\databases\user_2_db.db
[2025-11-28T04:05:17.403241] [INFO] DEBUG: Найдено сообщений в БД: 2
[2025-11-28T04:05:17.404237] [INFO] DEBUG: Возвращено сообщений: 2
[2025-11-28T04:05:21.571001] [INFO] DEBUG: Получение тестовых сообщений для получателя: server_1
[2025-11-28T04:05:21.571992] [INFO] Подключение к базе данных: C:\Users\Vaan\Desktop\qkd_encryption_system\server_user_1\databases\user_1_db.db
[2025-11-28T04:05:22.398906] [INFO] DEBUG: Получение тестовых сообщений для получателя: server_2
[2025-11-28T04:05:22.399902] [INFO] Подключение к базе данных: C:\Users\Vaan\Desktop\qkd_encryption_system\server_user_2\databases\user_2_db.db
[2025-11-28T04:05:22.401903] [INFO] DEBUG: Найдено сообщений в БД: 2
[2025-11-28T04:05:22.402894] [INFO] DEBUG: Возвращено сообщений: 2
[2025-11-28T04:05:23.553443] [DEBUG] Блок 1/1: исправлено 0 ошибок, время 0.8мс
[2025-11-28T04:05:23.554440] [INFO] Восстановление ключа testB_20251128022828: 100.0% блоков верифицировано, 0 ошибок исправлено, время 1.8мс, хэш совпадает
[2025-11-28T04:05:23.554440] [INFO] Подключение к базе данных: C:\Users\Vaan\Desktop\qkd_encryption_system\server_user_2\databases\user_2_db.db
[2025-11-28T04:05:23.565634] [INFO] Ключ key_testB_20251128022828 сохранён в защищённое хранилище
[2025-11-28T04:05:23.570134] [INFO] Ключ key_testB_20251128022828 сохранён в защищённое хранилище
[2025-11-28T04:05:25.600581] [INFO] Подключение к базе данных: C:\Users\Vaan\Desktop\qkd_encryption_system\server_user_1\databases\user_1_db.db
[2025-11-28T04:05:25.612550] [INFO] Ключ key_testB_20251128022828 сохранён в защищённое хранилище
[2025-11-28T04:05:25.616538] [INFO] Ключ key_testB_20251128022828 сохранён в защищённое хранилище
[2025-11-28T04:05:26.569821] [INFO] DEBUG: Получение тестовых сообщений для получателя: server_1
[2025-11-28T04:05:26.569821] [INFO] Подключение к базе данных: C:\Users\Vaan\Desktop\qkd_encryption_system\server_user_1\databases\user_1_db.db
[2025-11-28T04:05:27.448534] [INFO] DEBUG: Получение тестовых сообщений для получателя: server_2
[2025-11-28T04:05:27.449532] [INFO] Подключение к базе данных: C:\Users\Vaan\Desktop\qkd_encryption_system\server_user_2\databases\user_2_db.db
[2025-11-28T04:05:27.452523] [INFO] DEBUG: Найдено сообщений в БД: 2
[2025-11-28T04:05:27.453520] [INFO] DEBUG: Возвращено сообщений: 2
[2025-11-28T04:05:27.911297] [INFO] Подключение к базе данных: C:\Users\Vaan\Desktop\qkd_encryption_system\server_user_2\databases\user_2_db.db
[2025-11-28T04:05:29.039190] [INFO] DEBUG: Получение тестовых сообщений для получателя: server_2
[2025-11-28T04:05:29.039190] [INFO] Подключение к базе данных: C:\Users\Vaan\Desktop\qkd_encryption_system\server_user_2\databases\user_2_db.db
[2025-11-28T04:05:29.040187] [INFO] DEBUG: Найдено сообщений в БД: 2
[2025-11-28T04:05:29.040187] [INFO] DEBUG: Возвращено сообщений: 2
[2025-11-28T04:05:31.580059] [INFO] DEBUG: Получение тестовых сообщений для получателя: server_1
[2025-11-28T04:05:31.580059] [INFO] Подключение к базе данных: C:\Users\Vaan\Desktop\qkd_encryption_system\server_user_1\databases\user_1_db.db
[2025-11-28T04:05:33.042328] [INFO] DEBUG: Получение тестовых сообщений для получателя: server_2
[2025-11-28T04:05:33.043325] [INFO] Подключение к базе данных: C:\Users\Vaan\Desktop\qkd_encryption_system\server_user_2\databases\user_2_db.db
[2025-11-28T04:05:33.045332] [INFO] DEBUG: Найдено сообщений в БД: 2
[2025-11-28T04:05:33.045332] [INFO] DEBUG: Возвращено сообщений: 2
[2025-11-28T04:05:36.567922] [INFO] DEBUG: Получение тестовых сообщений для получателя: server_1
[2025-11-28T04:05:36.567922] [INFO] Подключение к базе данных: C:\Users\Vaan\Desktop\qkd_encryption_system\server_user_1\databases\user_1_db.db
[2025-11-28T04:05:38.044511] [INFO] DEBUG: Получение тестовых сообщений для получателя: server_2
[2025-11-28T04:05:38.044511] [INFO] Подключение к базе данных: C:\Users\Vaan\Desktop\qkd_encryption_system\server_user_2\databases\user_2_db.db
[2025-11-28T04:05:38.046255] [INFO] DEBUG: Найдено сообщений в БД: 2
[2025-11-28T04:05:38.046255] [INFO] DEBUG: Возвращено сообщений: 2
[2025-11-28T04:05:41.565771] [INFO] DEBUG: Получение тестовых сообщений для получателя: server_1
[2025-11-28T04:05:41.566763] [INFO] Подключение к базе данных: C:\Users\Vaan\Desktop\qkd_encryption_system\server_user_1\databases\user_1_db.db
[2025-11-28T04:05:43.050877] [INFO] DEBUG: Получение тестовых сообщений для получателя: server_2
[2025-11-28T04:05:43.057859] [INFO] Подключение к базе данных: C:\Users\Vaan\Desktop\qkd_encryption_system\server_user_2\databases\user_2_db.db
[2025-11-28T04:05:43.065837] [INFO] DEBUG: Найдено сообщений в БД: 2
[2025-11-28T04:05:43.066835] [INFO] DEBUG: Возвращено сообщений: 2
[2025-11-28T04:05:46.577541] [INFO] DEBUG: Получение тестовых сообщений для получателя: server_1
[2025-11-28T04:05:46.577541] [INFO] Подключение к базе данных: C:\Users\Vaan\Desktop\qkd_encryption_system\server_user_1\databases\user_1_db.db
[2025-11-28T04:05:48.036235] [INFO] DEBUG: Получение тестовых сообщений для получателя: server_2
[2025-11-28T04:05:48.037227] [INFO] Подключение к базе данных: C:\Users\Vaan\Desktop\qkd_encryption_system\server_user_2\databases\user_2_db.db
[2025-11-28T04:05:48.039223] [INFO] DEBUG: Найдено сообщений в БД: 2
[2025-11-28T04:05:48.039223] [INFO] DEBUG: Возвращено сообщений: 2
[2025-11-28T04:05:50.966966] [INFO] DEBUG: Получение тестовых сообщений для получателя: server_1
[2025-11-28T04:05:50.968969] [INFO] Подключение к базе данных: C:\Users\Vaan\Desktop\qkd_encryption_system\server_user_1\databases\user_1_db.db
[2025-11-28T04:05:52.429296] [INFO] Подключение к базе данных: C:\Users\Vaan\Desktop\qkd_encryption_system\server_user_1\databases\user_1_db.db
[2025-11-28T04:05:53.466514] [INFO] DEBUG: Получение тестовых сообщений для получателя: server_1
[2025-11-28T04:05:53.466514] [INFO] Подключение к базе данных: C:\Users\Vaan\Desktop\qkd_encryption_system\server_user_1\databases\user_1_db.db
[2025-11-28T04:05:53.576023] [INFO] DEBUG: Получение тестовых сообщений для получателя: server_2
[2025-11-28T04:05:53.576023] [INFO] Подключение к базе данных: C:\Users\Vaan\Desktop\qkd_encryption_system\server_user_2\databases\user_2_db.db
[2025-11-28T04:05:53.577021] [INFO] DEBUG: Найдено сообщений в БД: 2
[2025-11-28T04:05:53.577021] [INFO] DEBUG: Возвращено сообщений: 2
[2025-11-28T04:05:57.854968] [INFO] DEBUG: Получение тестовых сообщений для получателя: server_1
[2025-11-28T04:05:57.866935] [INFO] Подключение к базе данных: C:\Users\Vaan\Desktop\qkd_encryption_system\server_user_1\databases\user_1_db.db
[2025-11-28T04:05:58.376739] [INFO] DEBUG: Получение тестовых сообщений для получателя: server_2
[2025-11-28T04:05:58.514370] [INFO] Подключение к базе данных: C:\Users\Vaan\Desktop\qkd_encryption_system\server_user_2\databases\user_2_db.db
[2025-11-28T04:05:58.670106] [INFO] DEBUG: Найдено сообщений в БД: 2
[2025-11-28T04:05:58.717492] [INFO] DEBUG: Возвращено сообщений: 2
[2025-11-28T04:06:02.577422] [INFO] DEBUG: Получение тестовых сообщений для получателя: server_1
[2025-11-28T04:06:02.578413] [INFO] Подключение к базе данных: C:\Users\Vaan\Desktop\qkd_encryption_system\server_user_1\databases\user_1_db.db
[2025-11-28T04:06:03.302534] [INFO] DEBUG: Получение тестовых сообщений для получателя: server_2
[2025-11-28T04:06:03.446242] [INFO] Подключение к базе данных: C:\Users\Vaan\Desktop\qkd_encryption_system\server_user_2\databases\user_2_db.db
[2025-11-28T04:06:03.632226] [INFO] DEBUG: Найдено сообщений в БД: 2
[2025-11-28T04:06:03.696259] [INFO] DEBUG: Возвращено сообщений: 2
[2025-11-28T04:06:06.604910] [INFO] Ключ key_testB_20251128022828 помечен как использованный пользователем 4
[2025-11-28T04:06:06.612730] [INFO] Файл зашифрован: photo_2025-09-28_17-02-13.jpg, key=key_testB_20251128022828, size=72992 байт, time=10970.23мс
[2025-11-28T04:06:07.577005] [INFO] DEBUG: Получение тестовых сообщений для получателя: server_1
[2025-11-28T04:06:07.578002] [INFO] Подключение к базе данных: C:\Users\Vaan\Desktop\qkd_encryption_system\server_user_1\databases\user_1_db.db
[2025-11-28T04:06:08.035988] [INFO] DEBUG: Получение тестовых сообщений для получателя: server_2
[2025-11-28T04:06:08.036988] [INFO] Подключение к базе данных: C:\Users\Vaan\Desktop\qkd_encryption_system\server_user_2\databases\user_2_db.db
[2025-11-28T04:06:08.038980] [INFO] DEBUG: Найдено сообщений в БД: 2
[2025-11-28T04:06:08.038980] [INFO] DEBUG: Возвращено сообщений: 2
[2025-11-28T04:06:08.687640] [INFO] Сохранено сообщение от Max для receiver_id=1
[2025-11-28T04:06:08.691231] [INFO] Сохранено сообщение от Max для receiver_id=2
[2025-11-28T04:06:08.695055] [INFO] Сохранено сообщение от Max для receiver_id=4
[2025-11-28T04:06:08.695055] [INFO] Получено зашифрованное сообщение от Max (key=key_testB_20251128022828)
[2025-11-28T04:06:12.462457] [INFO] DEBUG: Получение тестовых сообщений для получателя: server_1
[2025-11-28T04:06:12.463455] [INFO] Подключение к базе данных: C:\Users\Vaan\Desktop\qkd_encryption_system\server_user_1\databases\user_1_db.db
[2025-11-28T04:06:13.579985] [INFO] DEBUG: Получение тестовых сообщений для получателя: server_2
[2025-11-28T04:06:13.580982] [INFO] Подключение к базе данных: C:\Users\Vaan\Desktop\qkd_encryption_system\server_user_2\databases\user_2_db.db
[2025-11-28T04:06:13.582977] [INFO] DEBUG: Найдено сообщений в БД: 2
[2025-11-28T04:06:13.583976] [INFO] DEBUG: Возвращено сообщений: 2
[2025-11-28T04:06:17.598756] [INFO] DEBUG: Получение тестовых сообщений для получателя: server_1
[2025-11-28T04:06:17.757968] [INFO] Подключение к базе данных: C:\Users\Vaan\Desktop\qkd_encryption_system\server_user_1\databases\user_1_db.db
[2025-11-28T04:06:18.572015] [INFO] DEBUG: Получение тестовых сообщений для получателя: server_2
[2025-11-28T04:06:18.572015] [INFO] Подключение к базе данных: C:\Users\Vaan\Desktop\qkd_encryption_system\server_user_2\databases\user_2_db.db
[2025-11-28T04:06:18.573013] [INFO] DEBUG: Найдено сообщений в БД: 2
[2025-11-28T04:06:18.574010] [INFO] DEBUG: Возвращено сообщений: 2
[2025-11-28T04:06:23.287548] [INFO] DEBUG: Получение тестовых сообщений для получателя: server_1
[2025-11-28T04:06:23.577140] [INFO] DEBUG: Получение тестовых сообщений для получателя: server_2
[2025-11-28T04:06:23.577140] [INFO] Подключение к базе данных: C:\Users\Vaan\Desktop\qkd_encryption_system\server_user_2\databases\user_2_db.db
[2025-11-28T04:06:23.579144] [INFO] DEBUG: Найдено сообщений в БД: 2
[2025-11-28T04:06:23.580133] [INFO] DEBUG: Возвращено сообщений: 2
[2025-11-28T04:06:23.725742] [INFO] Подключение к базе данных: C:\Users\Vaan\Desktop\qkd_encryption_system\server_user_1\databases\user_1_db.db
[2025-11-28T04:06:28.281161] [INFO] DEBUG: Получение тестовых сообщений для получателя: server_1
[2025-11-28T04:06:28.575359] [INFO] DEBUG: Получение тестовых сообщений для получателя: server_2
[2025-11-28T04:06:28.576356] [INFO] Подключение к базе данных: C:\Users\Vaan\Desktop\qkd_encryption_system\server_user_2\databases\user_2_db.db
[2025-11-28T04:06:28.577352] [INFO] DEBUG: Найдено сообщений в БД: 2
[2025-11-28T04:06:28.578351] [INFO] DEBUG: Возвращено сообщений: 2
[2025-11-28T04:06:28.947021] [INFO] Подключение к базе данных: C:\Users\Vaan\Desktop\qkd_encryption_system\server_user_1\databases\user_1_db.db
[2025-11-28T04:06:29.802924] [ERROR] Ошибка уничтожения ключа key_testB_20251128022828: no such column: destroyed_at
[2025-11-28T04:06:29.918447] [INFO] Файл дешифрован: key=key_testB_20251128022828, size=72992 байт, time=15745.97мс, hash_ok=False
[2025-11-28T04:06:30.749028] [INFO] Скачивание файла: C:\Users\Vaan\AppData\Local\Temp\decrypted_1764291990_photo_2025-09-28_17-02-13.jpg как photo_2025-09-28_17-02-13.jpg
[2025-11-28T04:06:32.951810] [INFO] DEBUG: Получение тестовых сообщений для получателя: server_1
[2025-11-28T04:06:33.555283] [INFO] Подключение к базе данных: C:\Users\Vaan\Desktop\qkd_encryption_system\server_user_1\databases\user_1_db.db
[2025-11-28T04:06:33.573236] [INFO] DEBUG: Получение тестовых сообщений для получателя: server_2
[2025-11-28T04:06:33.573236] [INFO] Подключение к базе данных: C:\Users\Vaan\Desktop\qkd_encryption_system\server_user_2\databases\user_2_db.db
[2025-11-28T04:06:33.574233] [INFO] DEBUG: Найдено сообщений в БД: 2
[2025-11-28T04:06:33.575229] [INFO] DEBUG: Возвращено сообщений: 2
[2025-11-28T04:06:37.870388] [INFO] DEBUG: Получение тестовых сообщений для получателя: server_1
[2025-11-28T04:06:38.133722] [INFO] Подключение к базе данных: C:\Users\Vaan\Desktop\qkd_encryption_system\server_user_1\databases\user_1_db.db
[2025-11-28T04:06:38.578603] [INFO] DEBUG: Получение тестовых сообщений для получателя: server_2
[2025-11-28T04:06:38.578603] [INFO] Подключение к базе данных: C:\Users\Vaan\Desktop\qkd_encryption_system\server_user_2\databases\user_2_db.db
[2025-11-28T04:06:38.580741] [INFO] DEBUG: Найдено сообщений в БД: 2
[2025-11-28T04:06:38.580837] [INFO] DEBUG: Возвращено сообщений: 2
[2025-11-28T04:06:41.970748] [ERROR] Ошибка уничтожения ключа key_testB_20251128022828: no such column: destroyed_at
[2025-11-28T04:06:42.039564] [INFO] Файл дешифрован: key=key_testB_20251128022828, size=72992 байт, time=22049.83мс, hash_ok=False
[2025-11-28T04:06:43.582916] [INFO] DEBUG: Получение тестовых сообщений для получателя: server_2
[2025-11-28T04:06:43.586906] [INFO] Подключение к базе данных: C:\Users\Vaan\Desktop\qkd_encryption_system\server_user_2\databases\user_2_db.db
[2025-11-28T04:06:43.589899] [INFO] DEBUG: Найдено сообщений в БД: 2
[2025-11-28T04:06:43.589899] [INFO] DEBUG: Возвращено сообщений: 2
[2025-11-28T04:06:43.718555] [INFO] DEBUG: Получение тестовых сообщений для получателя: server_1
[2025-11-28T04:06:43.764430] [INFO] Подключение к базе данных: C:\Users\Vaan\Desktop\qkd_encryption_system\server_user_1\databases\user_1_db.db
[2025-11-28T04:06:46.895305] [ERROR] Ошибка уничтожения ключа key_testB_20251128022828: no such column: destroyed_at
[2025-11-28T04:06:46.895305] [INFO] Файл дешифрован: key=key_testB_20251128022828, size=72992 байт, time=22055.33мс, hash_ok=False
[2025-11-28T04:06:47.459036] [INFO] DEBUG: Получение тестовых сообщений для получателя: server_1
[2025-11-28T04:06:47.460033] [INFO] Подключение к базе данных: C:\Users\Vaan\Desktop\qkd_encryption_system\server_user_1\databases\user_1_db.db
[2025-11-28T04:06:48.567635] [INFO] DEBUG: Получение тестовых сообщений для получателя: server_2
[2025-11-28T04:06:48.568633] [INFO] Подключение к базе данных: C:\Users\Vaan\Desktop\qkd_encryption_system\server_user_2\databases\user_2_db.db
[2025-11-28T04:06:48.570628] [INFO] DEBUG: Найдено сообщений в БД: 2
[2025-11-28T04:06:48.570628] [INFO] DEBUG: Возвращено сообщений: 2
[2025-11-28T04:06:52.464644] [INFO] DEBUG: Получение тестовых сообщений для получателя: server_1
[2025-11-28T04:06:52.464644] [INFO] Подключение к базе данных: C:\Users\Vaan\Desktop\qkd_encryption_system\server_user_1\databases\user_1_db.db
[2025-11-28T04:06:53.566894] [INFO] DEBUG: Получение тестовых сообщений для получателя: server_2
[2025-11-28T04:06:53.567863] [INFO] Подключение к базе данных: C:\Users\Vaan\Desktop\qkd_encryption_system\server_user_2\databases\user_2_db.db
[2025-11-28T04:06:53.568861] [INFO] DEBUG: Найдено сообщений в БД: 2
[2025-11-28T04:06:53.569857] [INFO] DEBUG: Возвращено сообщений: 2
[2025-11-28T04:06:57.484419] [INFO] DEBUG: Получение тестовых сообщений для получателя: server_1
[2025-11-28T04:06:57.485417] [INFO] Подключение к базе данных: C:\Users\Vaan\Desktop\qkd_encryption_system\server_user_1\databases\user_1_db.db
[2025-11-28T04:06:58.571564] [INFO] DEBUG: Получение тестовых сообщений для получателя: server_2
[2025-11-28T04:06:58.572561] [INFO] Подключение к базе данных: C:\Users\Vaan\Desktop\qkd_encryption_system\server_user_2\databases\user_2_db.db
[2025-11-28T04:06:58.574555] [INFO] DEBUG: Найдено сообщений в БД: 2
[2025-11-28T04:06:58.574555] [INFO] DEBUG: Возвращено сообщений: 2
[2025-11-28T04:07:02.454538] [INFO] DEBUG: Получение тестовых сообщений для получателя: server_1
[2025-11-28T04:07:02.455538] [INFO] Подключение к базе данных: C:\Users\Vaan\Desktop\qkd_encryption_system\server_user_1\databases\user_1_db.db
[2025-11-28T04:07:03.565455] [INFO] DEBUG: Получение тестовых сообщений для получателя: server_2
[2025-11-28T04:07:03.565455] [INFO] Подключение к базе данных: C:\Users\Vaan\Desktop\qkd_encryption_system\server_user_2\databases\user_2_db.db
[2025-11-28T04:07:03.567449] [INFO] DEBUG: Найдено сообщений в БД: 2
[2025-11-28T04:07:03.567449] [INFO] DEBUG: Возвращено сообщений: 2
[2025-11-28T04:07:07.466305] [INFO] DEBUG: Получение тестовых сообщений для получателя: server_1
[2025-11-28T04:07:07.467302] [INFO] Подключение к базе данных: C:\Users\Vaan\Desktop\qkd_encryption_system\server_user_1\databases\user_1_db.db
[2025-11-28T04:07:08.572538] [INFO] DEBUG: Получение тестовых сообщений для получателя: server_2
[2025-11-28T04:07:08.572538] [INFO] Подключение к базе данных: C:\Users\Vaan\Desktop\qkd_encryption_system\server_user_2\databases\user_2_db.db
[2025-11-28T04:07:08.574542] [INFO] DEBUG: Найдено сообщений в БД: 2
[2025-11-28T04:07:08.575529] [INFO] DEBUG: Возвращено сообщений: 2
